key,species,scientificName,decimalLongitude,decimalLatitude,coordinateUncertaintyInMeters,basisOfRecord,institutionCode,datasetKey,countryCode,stateProvince,year,eventDate,issues
6234981332,Pseudoeurycea leprosa,"Pseudoeurycea leprosa (Cope, 1869)",-99.284633,19.308656,244,HUMAN_OBSERVATION,iNaturalist,50c9509d-22c7-4a22-a47d-8c48425ef4a7,MX,Distrito Federal,2026,2026-04-26T14:08,"cdc,cdround"
6235052677,Pseudoeurycea leprosa,"Pseudoeurycea leprosa (Cope, 1869)",-99.284633,19.308656,244,HUMAN_OBSERVATION,iNaturalist,50c9509d-22c7-4a22-a47d-8c48425ef4a7,MX,Distrito Federal,2026,2026-04-26T14:08,"cdc,cdround"
6235062487,Pseudoeurycea leprosa,"Pseudoeurycea leprosa (Cope, 1869)",-99.303274,19.305815,206,HUMAN_OBSERVATION,iNaturalist,50c9509d-22c7-4a22-a47d-8c48425ef4a7,MX,Distrito Federal,2026,2026-04-26T13:15,"cdc,cdround"
6235571815,Pseudoeurycea leprosa,"Pseudoeurycea leprosa (Cope, 1869)",-99.309288,19.313117,4,HUMAN_OBSERVATION,iNaturalist,50c9509d-22c7-4a22-a47d-8c48425ef4a7,MX,Distrito Federal,2026,2026-04-26T13:02:33,"cdc,cdround"
6399896708,Pseudoeurycea leprosa,"Pseudoeurycea leprosa (Cope, 1869)",-99.304271,19.306953,280,HUMAN_OBSERVATION,iNaturalist,50c9509d-22c7-4a22-a47d-8c48425ef4a7,MX,Distrito Federal,2026,2026-04-26T13:10:55,"cdc,cdround"
6334749646,Pseudoeurycea leprosa,"Pseudoeurycea leprosa (Cope, 1869)",-98.672018,19.280111,66,HUMAN_OBSERVATION,iNaturalist,50c9509d-22c7-4a22-a47d-8c48425ef4a7,MX,México,2026,2026-05-19T14:02:44,"cdc,cdround"
6352286674,Pseudoeurycea leprosa,"Pseudoeurycea leprosa (Cope, 1869)",-98.678809,19.29866,15,HUMAN_OBSERVATION,iNaturalist,50c9509d-22c7-4a22-a47d-8c48425ef4a7,MX,México,2026,2026-05-21T11:55,"cdc,cdround"
6352920716,Pseudoeurycea leprosa,"Pseudoeurycea leprosa (Cope, 1869)",-98.677103,19.296691,2,HUMAN_OBSERVATION,iNaturalist,50c9509d-22c7-4a22-a47d-8c48425ef4a7,MX,México,2026,2026-05-21T10:47,"cdc,cdround"
6353062839,Pseudoeurycea leprosa,"Pseudoeurycea leprosa (Cope, 1869)",-98.671113,19.282829,8,HUMAN_OBSERVATION,iNaturalist,50c9509d-22c7-4a22-a47d-8c48425ef4a7,MX,México,2026,2026-05-19T14:03,"cdc,cdround"
6353075734,Pseudoeurycea leprosa,"Pseudoeurycea leprosa (Cope, 1869)",-98.672638,19.277936,4,HUMAN_OBSERVATION,iNaturalist,50c9509d-22c7-4a22-a47d-8c48425ef4a7,MX,México,2026,2026-05-18T17:45,"cdc,cdround"
6470662524,Pseudoeurycea leprosa,"Pseudoeurycea leprosa (Cope, 1869)",-98.67911,19.29864,15,HUMAN_OBSERVATION,iNaturalist,50c9509d-22c7-4a22-a47d-8c48425ef4a7,MX,México,2026,2026-05-19T14:06:08,cdc
6480123722,Pseudoeurycea leprosa,"Pseudoeurycea leprosa (Cope, 1869)",-98.671097,19.283026,4,HUMAN_OBSERVATION,iNaturalist,50c9509d-22c7-4a22-a47d-8c48425ef4a7,MX,México,2026,2026-05-19T14:10,"cdc,cdround"
6566712404,Pseudoeurycea leprosa,"Pseudoeurycea leprosa (Cope, 1869)",-98.670413,19.28434,2,HUMAN_OBSERVATION,iNaturalist,50c9509d-22c7-4a22-a47d-8c48425ef4a7,MX,México,2026,2026-05-18T17:47,"cdc,cdround"
6414038405,Pseudoeurycea leprosa,"Pseudoeurycea leprosa (Cope, 1869)",-99.866499,19.185742,NA,HUMAN_OBSERVATION,iNaturalist,50c9509d-22c7-4a22-a47d-8c48425ef4a7,MX,México,2026,2026-06-10T11:38:33,cdc
6469686699,Pseudoeurycea leprosa,"Pseudoeurycea leprosa (Cope, 1869)",-99.29572,19.288987,NA,HUMAN_OBSERVATION,iNaturalist,50c9509d-22c7-4a22-a47d-8c48425ef4a7,MX,Distrito Federal,2026,2026-06-07T14:07:49,"cdc,cdround"
6431172532,Pseudoeurycea leprosa,"Pseudoeurycea leprosa (Cope, 1869)",-97.913194,19.151853,8,HUMAN_OBSERVATION,iNaturalist,50c9509d-22c7-4a22-a47d-8c48425ef4a7,MX,Puebla,2026,2026-07-05T22:17,"cdc,cdround"
6480835074,Pseudoeurycea leprosa,"Pseudoeurycea leprosa (Cope, 1869)",-98.041561,19.277886,NA,HUMAN_OBSERVATION,iNaturalist,50c9509d-22c7-4a22-a47d-8c48425ef4a7,MX,Tlaxcala,2026,2026-07-14T16:28,"cdc,cdround"
6481288860,Pseudoeurycea leprosa,"Pseudoeurycea leprosa (Cope, 1869)",-98.041236,19.277892,NA,HUMAN_OBSERVATION,iNaturalist,50c9509d-22c7-4a22-a47d-8c48425ef4a7,MX,Tlaxcala,2026,2026-07-14T16:20,"cdc,cdround"
6498347532,Pseudoeurycea leprosa,"Pseudoeurycea leprosa (Cope, 1869)",-98.041142,19.278,NA,HUMAN_OBSERVATION,iNaturalist,50c9509d-22c7-4a22-a47d-8c48425ef4a7,MX,Tlaxcala,2026,2026-07-14T16:10,"cdc,cdround"
6498645094,Pseudoeurycea leprosa,"Pseudoeurycea leprosa (Cope, 1869)",-98.041175,19.278002999999998,NA,HUMAN_OBSERVATION,iNaturalist,50c9509d-22c7-4a22-a47d-8c48425ef4a7,MX,Tlaxcala,2026,2026-07-14T16:04,"cdc,cdround"
6498681042,Pseudoeurycea leprosa,"Pseudoeurycea leprosa (Cope, 1869)",-98.041203,19.278036,NA,HUMAN_OBSERVATION,iNaturalist,50c9509d-22c7-4a22-a47d-8c48425ef4a7,MX,Tlaxcala,2026,2026-07-14T16:19,"cdc,cdround"
6499793166,Pseudoeurycea leprosa,"Pseudoeurycea leprosa (Cope, 1869)",-98.041253,19.277811,NA,HUMAN_OBSERVATION,iNaturalist,50c9509d-22c7-4a22-a47d-8c48425ef4a7,MX,Tlaxcala,2026,2026-07-14T16:21,"cdc,cdround"
6518687610,Pseudoeurycea leprosa,"Pseudoeurycea leprosa (Cope, 1869)",-99.274643,19.222351,391,HUMAN_OBSERVATION,iNaturalist,50c9509d-22c7-4a22-a47d-8c48425ef4a7,MX,Distrito Federal,2026,2026-07-09T12:32:35,"cdc,cdround"
6519291755,Pseudoeurycea leprosa,"Pseudoeurycea leprosa (Cope, 1869)",-98.041901,19.276184,NA,HUMAN_OBSERVATION,iNaturalist,50c9509d-22c7-4a22-a47d-8c48425ef4a7,MX,Tlaxcala,2026,2026-09-05T01:18:57,"cdc,cdround"
5087843666,Pseudoeurycea leprosa,"Pseudoeurycea leprosa (Cope, 1869)",-99.279092,19.265535,NA,HUMAN_OBSERVATION,iNaturalist,50c9509d-22c7-4a22-a47d-8c48425ef4a7,MX,Distrito Federal,2025,2025-03-11T11:01:56,"cdc,cdround"
5760575172,Pseudoeurycea leprosa,"Pseudoeurycea leprosa (Cope, 1869)",-99.307694,19.326312,31,HUMAN_OBSERVATION,iNaturalist,50c9509d-22c7-4a22-a47d-8c48425ef4a7,MX,Distrito Federal,2025,2025-03-05T12:34,"cdc,cdround"
5167900056,Pseudoeurycea leprosa,"Pseudoeurycea leprosa (Cope, 1869)",-97.990553,19.244185,225,HUMAN_OBSERVATION,iNaturalist,50c9509d-22c7-4a22-a47d-8c48425ef4a7,MX,Tlaxcala,2025,2025-05-25T13:18:50,"cdc,cdround"
5176715461,Pseudoeurycea leprosa,"Pseudoeurycea leprosa (Cope, 1869)",-97.990608,19.24422,4,HUMAN_OBSERVATION,iNaturalist,50c9509d-22c7-4a22-a47d-8c48425ef4a7,MX,Tlaxcala,2025,2025-05-25T13:18:08,"cdc,cdround"
5176779890,Pseudoeurycea leprosa,"Pseudoeurycea leprosa (Cope, 1869)",-97.990647,19.244212,4,HUMAN_OBSERVATION,iNaturalist,50c9509d-22c7-4a22-a47d-8c48425ef4a7,MX,Tlaxcala,2025,2025-05-25T13:18:14,"cdc,cdround"
5176861529,Pseudoeurycea leprosa,"Pseudoeurycea leprosa (Cope, 1869)",-97.988104,19.243038,5,HUMAN_OBSERVATION,iNaturalist,50c9509d-22c7-4a22-a47d-8c48425ef4a7,MX,Tlaxcala,2025,2025-05-30T12:48:27,"cdc,cdround"
5176886748,Pseudoeurycea leprosa,"Pseudoeurycea leprosa (Cope, 1869)",-97.989268,19.24075,5,HUMAN_OBSERVATION,iNaturalist,50c9509d-22c7-4a22-a47d-8c48425ef4a7,MX,Tlaxcala,2025,2025-05-29T17:05,"cdc,cdround"
5187800674,Pseudoeurycea leprosa,"Pseudoeurycea leprosa (Cope, 1869)",-97.98745,19.240865,5,HUMAN_OBSERVATION,iNaturalist,50c9509d-22c7-4a22-a47d-8c48425ef4a7,MX,Tlaxcala,2025,2025-05-30T08:48,"cdc,cdround"
5187944349,Pseudoeurycea leprosa,"Pseudoeurycea leprosa (Cope, 1869)",-98.61115,19.284319,NA,HUMAN_OBSERVATION,iNaturalist,50c9509d-22c7-4a22-a47d-8c48425ef4a7,MX,Puebla,2025,2025-05-22T11:27,"cdc,cdround"
5890129845,Pseudoeurycea leprosa,"Pseudoeurycea leprosa (Cope, 1869)",-97.990207,19.244298,31,HUMAN_OBSERVATION,iNaturalist,50c9509d-22c7-4a22-a47d-8c48425ef4a7,MX,Tlaxcala,2025,2025-05-28T21:51,"cdc,cdround"
5205983580,Pseudoeurycea leprosa,"Pseudoeurycea leprosa (Cope, 1869)",-97.975955,19.241062,76,HUMAN_OBSERVATION,iNaturalist,50c9509d-22c7-4a22-a47d-8c48425ef4a7,MX,Tlaxcala,2025,2025-06-21T11:52:07,"cdc,cdround"
6188668713,Pseudoeurycea leprosa,"Pseudoeurycea leprosa (Cope, 1869)",-98.040869,19.280738,52,HUMAN_OBSERVATION,iNaturalist,50c9509d-22c7-4a22-a47d-8c48425ef4a7,MX,Tlaxcala,2025,2025-06-26T23:13,"cdc,cdround"
5282445709,Pseudoeurycea leprosa,"Pseudoeurycea leprosa (Cope, 1869)",-99.336774,19.264941,101,HUMAN_OBSERVATION,iNaturalist,50c9509d-22c7-4a22-a47d-8c48425ef4a7,MX,Distrito Federal,2025,2025-07-28T13:20:56,"cdc,cdround"
5292222663,Pseudoeurycea leprosa,"Pseudoeurycea leprosa (Cope, 1869)",-98.144892,19.301096,30580,HUMAN_OBSERVATION,iNaturalist,50c9509d-22c7-4a22-a47d-8c48425ef4a7,MX,Tlaxcala,2025,2025-08-05T10:02,"cdc,cdround"
5292965642,Pseudoeurycea leprosa,"Pseudoeurycea leprosa (Cope, 1869)",-98.110756,19.199409,NA,HUMAN_OBSERVATION,iNaturalist,50c9509d-22c7-4a22-a47d-8c48425ef4a7,MX,Tlaxcala,2025,2025-08-03T13:57:42,"cdc,cdround"
5892697975,Pseudoeurycea leprosa,"Pseudoeurycea leprosa (Cope, 1869)",-99.27665,19.220467,4,HUMAN_OBSERVATION,iNaturalist,50c9509d-22c7-4a22-a47d-8c48425ef4a7,MX,Distrito Federal,2025,2025-08-29T15:08,"cdc,cdround"
6188108745,Pseudoeurycea leprosa,"Pseudoeurycea leprosa (Cope, 1869)",-98.756167,19.413306,NA,HUMAN_OBSERVATION,iNaturalist,50c9509d-22c7-4a22-a47d-8c48425ef4a7,MX,México,2025,2025-08-09T12:24,cdc
5828366625,Pseudoeurycea leprosa,"Pseudoeurycea leprosa (Cope, 1869)",-99.303274,19.305815,206,HUMAN_OBSERVATION,iNaturalist,50c9509d-22c7-4a22-a47d-8c48425ef4a7,MX,Distrito Federal,2025,2025-09-06T15:32:16,"cdc,cdround"
5897144449,Pseudoeurycea leprosa,"Pseudoeurycea leprosa (Cope, 1869)",-98.541183,19.177333,NA,HUMAN_OBSERVATION,iNaturalist,50c9509d-22c7-4a22-a47d-8c48425ef4a7,MX,Puebla,2025,2025-09-25T15:15:59,"cdc,cdround"
5935416185,Pseudoeurycea leprosa,"Pseudoeurycea leprosa (Cope, 1869)",-98.726387,19.39023,4,HUMAN_OBSERVATION,iNaturalist,50c9509d-22c7-4a22-a47d-8c48425ef4a7,MX,México,2025,2025-09-20T10:20:01,"cdc,cdround"
5840500184,Pseudoeurycea leprosa,"Pseudoeurycea leprosa (Cope, 1869)",-99.311306,19.312854,6,HUMAN_OBSERVATION,iNaturalist,50c9509d-22c7-4a22-a47d-8c48425ef4a7,MX,Distrito Federal,2025,2025-10-04T10:59:55,"cdc,cdround"
5843943895,Pseudoeurycea leprosa,"Pseudoeurycea leprosa (Cope, 1869)",-99.299407,19.330234,31,HUMAN_OBSERVATION,iNaturalist,50c9509d-22c7-4a22-a47d-8c48425ef4a7,MX,Distrito Federal,2025,2025-10-06T15:11,"cdc,cdround"
5844131868,Pseudoeurycea leprosa,"Pseudoeurycea leprosa (Cope, 1869)",-99.306411,19.316054,122,HUMAN_OBSERVATION,iNaturalist,50c9509d-22c7-4a22-a47d-8c48425ef4a7,MX,Distrito Federal,2025,2025-10-04T12:01,"cdc,cdround"
5920065872,Pseudoeurycea leprosa,"Pseudoeurycea leprosa (Cope, 1869)",-97.110053,19.6202,18,HUMAN_OBSERVATION,iNaturalist,50c9509d-22c7-4a22-a47d-8c48425ef4a7,MX,Veracruz,2025,2025-12-06T20:24:50,"cdc,cdround"
4510407375,Pseudoeurycea leprosa,"Pseudoeurycea leprosa (Cope, 1869)",-98.031958,19.230893,2051,HUMAN_OBSERVATION,iNaturalist,50c9509d-22c7-4a22-a47d-8c48425ef4a7,MX,Tlaxcala,2024,2024-01-01T15:01:31,"cdc,cdround"
4855220382,Pseudoeurycea leprosa,"Pseudoeurycea leprosa (Cope, 1869)",-99.298616,19.332804,31,HUMAN_OBSERVATION,iNaturalist,50c9509d-22c7-4a22-a47d-8c48425ef4a7,MX,Distrito Federal,2024,2024-05-05T18:41,"cdc,cdround"
4903797324,Pseudoeurycea leprosa,"Pseudoeurycea leprosa (Cope, 1869)",-97.993559,19.242696,2051,HUMAN_OBSERVATION,iNaturalist,50c9509d-22c7-4a22-a47d-8c48425ef4a7,MX,Tlaxcala,2024,2024-06-21T20:00:21,"cdc,cdround"
4911143823,Pseudoeurycea leprosa,"Pseudoeurycea leprosa (Cope, 1869)",-97.991224,19.243306,1484,HUMAN_OBSERVATION,iNaturalist,50c9509d-22c7-4a22-a47d-8c48425ef4a7,MX,Tlaxcala,2024,2024-06-21T20:00:21,"cdc,cdround"
5006704646,Pseudoeurycea leprosa,"Pseudoeurycea leprosa (Cope, 1869)",-99.261652,19.22571,3090,HUMAN_OBSERVATION,iNaturalist,50c9509d-22c7-4a22-a47d-8c48425ef4a7,MX,Distrito Federal,2024,2024-06-16T11:42:17,"cdc,cdround"
4908450196,Pseudoeurycea leprosa,"Pseudoeurycea leprosa (Cope, 1869)",-99.275913,19.221055,23,HUMAN_OBSERVATION,iNaturalist,50c9509d-22c7-4a22-a47d-8c48425ef4a7,MX,Distrito Federal,2024,2024-07-06T11:18,"cdc,cdround"
4908661486,Pseudoeurycea leprosa,"Pseudoeurycea leprosa (Cope, 1869)",-99.27018,19.226865,239,HUMAN_OBSERVATION,iNaturalist,50c9509d-22c7-4a22-a47d-8c48425ef4a7,MX,Distrito Federal,2024,2024-07-03T10:37:31,"cdc,cdround"
4919145717,Pseudoeurycea leprosa,"Pseudoeurycea leprosa (Cope, 1869)",-99.283573,19.233953,61,HUMAN_OBSERVATION,iNaturalist,50c9509d-22c7-4a22-a47d-8c48425ef4a7,MX,Distrito Federal,2024,2024-07-24T12:50,"cdc,cdround"
4919302499,Pseudoeurycea leprosa,"Pseudoeurycea leprosa (Cope, 1869)",-99.232842,19.363772,6,HUMAN_OBSERVATION,iNaturalist,50c9509d-22c7-4a22-a47d-8c48425ef4a7,MX,Distrito Federal,2024,2024-07-17T12:57:16,"cdc,cdround"
5076813729,Pseudoeurycea leprosa,"Pseudoeurycea leprosa (Cope, 1869)",-97.204747,19.04578,NA,HUMAN_OBSERVATION,iNaturalist,50c9509d-22c7-4a22-a47d-8c48425ef4a7,MX,Veracruz,2024,2024-08-07T11:11:31,"cdc,cdround"
5827418264,Pseudoeurycea leprosa,"Pseudoeurycea leprosa (Cope, 1869)",-97.996856,19.257958,3047,HUMAN_OBSERVATION,iNaturalist,50c9509d-22c7-4a22-a47d-8c48425ef4a7,MX,Tlaxcala,2024,2024-08-14T12:19:19,"cdc,cdround"
4949955293,Pseudoeurycea leprosa,"Pseudoeurycea leprosa (Cope, 1869)",-98.630265,19.113006,340,HUMAN_OBSERVATION,iNaturalist,50c9509d-22c7-4a22-a47d-8c48425ef4a7,MX,México,2024,2024-09-22T15:54,"cdc,cdround"
4973909182,Pseudoeurycea leprosa,"Pseudoeurycea leprosa (Cope, 1869)",-99.238662,19.173982,NA,HUMAN_OBSERVATION,iNaturalist,50c9509d-22c7-4a22-a47d-8c48425ef4a7,MX,Distrito Federal,2024,2024-09-14T12:00:58,"cdc,cdround"
6163249475,Pseudoeurycea leprosa,"Pseudoeurycea leprosa (Cope, 1869)",-99.32232,19.301266,521,HUMAN_OBSERVATION,iNaturalist,50c9509d-22c7-4a22-a47d-8c48425ef4a7,MX,Distrito Federal,2024,2024-09-22T10:57:55,"cdc,cdround"
4994192562,Pseudoeurycea leprosa,"Pseudoeurycea leprosa (Cope, 1869)",-98.642328,19.264955,6,HUMAN_OBSERVATION,iNaturalist,50c9509d-22c7-4a22-a47d-8c48425ef4a7,MX,México,2024,2024-10-30T09:50,"cdc,cdround"
5008254159,Pseudoeurycea leprosa,"Pseudoeurycea leprosa (Cope, 1869)",-99.32401,19.282394,1221,HUMAN_OBSERVATION,iNaturalist,50c9509d-22c7-4a22-a47d-8c48425ef4a7,MX,Distrito Federal,2024,2024-11-16T21:21:01,"cdc,cdround"
6320577446,Pseudoeurycea leprosa,"Pseudoeurycea leprosa (Cope, 1869)",-97.056481,19.717622,30545,HUMAN_OBSERVATION,iNaturalist,50c9509d-22c7-4a22-a47d-8c48425ef4a7,MX,Veracruz,2023,2023-03-20T17:15,"cdc,cdround"
4145673051,Pseudoeurycea leprosa,"Pseudoeurycea leprosa (Cope, 1869)",-99.290388,19.216329000000002,NA,HUMAN_OBSERVATION,iNaturalist,50c9509d-22c7-4a22-a47d-8c48425ef4a7,MX,Distrito Federal,2023,2023-06-24T09:26:19,"cdc,cdround"
4153920996,Pseudoeurycea leprosa,"Pseudoeurycea leprosa (Cope, 1869)",-98.73628,19.210573,1190,HUMAN_OBSERVATION,iNaturalist,50c9509d-22c7-4a22-a47d-8c48425ef4a7,MX,México,2023,2023-06-28T00:46:44,"cdc,cdround"
4171824862,Pseudoeurycea leprosa,"Pseudoeurycea leprosa (Cope, 1869)",-98.690625,19.368793,3,HUMAN_OBSERVATION,iNaturalist,50c9509d-22c7-4a22-a47d-8c48425ef4a7,MX,México,2023,2023-07-30T11:06:03,"cdc,cdround"
4171887171,Pseudoeurycea leprosa,"Pseudoeurycea leprosa (Cope, 1869)",-98.69225,19.372342,9,HUMAN_OBSERVATION,iNaturalist,50c9509d-22c7-4a22-a47d-8c48425ef4a7,MX,México,2023,2023-07-30T12:00:28,"cdc,cdround"
4510222052,Pseudoeurycea leprosa,"Pseudoeurycea leprosa (Cope, 1869)",-98.028717,19.253875,NA,HUMAN_OBSERVATION,iNaturalist,50c9509d-22c7-4a22-a47d-8c48425ef4a7,MX,Tlaxcala,2023,2023-07-13T14:12:57,"cdc,cdround"
4522530010,Pseudoeurycea leprosa,"Pseudoeurycea leprosa (Cope, 1869)",-99.322159,19.281728,30580,HUMAN_OBSERVATION,iNaturalist,50c9509d-22c7-4a22-a47d-8c48425ef4a7,MX,Distrito Federal,2023,2023-07-17T11:41:19,"cdc,cdround"
5007695465,Pseudoeurycea leprosa,"Pseudoeurycea leprosa (Cope, 1869)",-98.70016,19.381957,8,HUMAN_OBSERVATION,iNaturalist,50c9509d-22c7-4a22-a47d-8c48425ef4a7,MX,México,2023,2023-07-30T13:20:32,"cdc,cdround"
4436339220,Pseudoeurycea leprosa,"Pseudoeurycea leprosa (Cope, 1869)",-98.73654,19.20867,NA,HUMAN_OBSERVATION,iNaturalist,50c9509d-22c7-4a22-a47d-8c48425ef4a7,MX,México,2023,2023-08-19T13:11,cdc
4600171374,Pseudoeurycea leprosa,"Pseudoeurycea leprosa (Cope, 1869)",-98.0869,19.23283,6,HUMAN_OBSERVATION,iNaturalist,50c9509d-22c7-4a22-a47d-8c48425ef4a7,MX,Tlaxcala,2023,2023-08-27T15:04,cdc
5282202163,Pseudoeurycea leprosa,"Pseudoeurycea leprosa (Cope, 1869)",-97.075842,19.616347,4,HUMAN_OBSERVATION,iNaturalist,50c9509d-22c7-4a22-a47d-8c48425ef4a7,MX,Veracruz,2023,2023-08-03T13:31:06,"cdc,cdround"
4424417906,Pseudoeurycea leprosa,"Pseudoeurycea leprosa (Cope, 1869)",-99.279165,19.333114,187,HUMAN_OBSERVATION,iNaturalist,50c9509d-22c7-4a22-a47d-8c48425ef4a7,MX,Distrito Federal,2023,2023-09-03T11:44:47,"cdc,cdround"
4500752121,Pseudoeurycea leprosa,"Pseudoeurycea leprosa (Cope, 1869)",-98.031958,19.230893,2051,HUMAN_OBSERVATION,iNaturalist,50c9509d-22c7-4a22-a47d-8c48425ef4a7,MX,Tlaxcala,2023,2023-12-13T12:24:56,"cdc,cdround"
4500938986,Pseudoeurycea leprosa,"Pseudoeurycea leprosa (Cope, 1869)",-99.874422,19.04751,2,HUMAN_OBSERVATION,iNaturalist,50c9509d-22c7-4a22-a47d-8c48425ef4a7,MX,México,2023,2023-12-16T11:23:30,"cdc,cdround"
3759087286,Pseudoeurycea leprosa,"Pseudoeurycea leprosa (Cope, 1869)",-98.637023,19.26718,NA,HUMAN_OBSERVATION,iNaturalist,50c9509d-22c7-4a22-a47d-8c48425ef4a7,MX,México,2022,2022-03-22T14:09:32,"cdc,cdround"
4067507316,Pseudoeurycea leprosa,"Pseudoeurycea leprosa (Cope, 1869)",-99.606952,19.01739,61,HUMAN_OBSERVATION,iNaturalist,50c9509d-22c7-4a22-a47d-8c48425ef4a7,MX,México,2022,2022-04-27T13:25,"cdc,cdround"
4076355407,Pseudoeurycea leprosa,"Pseudoeurycea leprosa (Cope, 1869)",-99.645121,19.813428,658,HUMAN_OBSERVATION,iNaturalist,50c9509d-22c7-4a22-a47d-8c48425ef4a7,MX,México,2022,2022-04-27T12:55,"cdc,cdround"
3784664023,Pseudoeurycea leprosa,"Pseudoeurycea leprosa (Cope, 1869)",-99.274758,19.222514,10000,HUMAN_OBSERVATION,iNaturalist,50c9509d-22c7-4a22-a47d-8c48425ef4a7,MX,Distrito Federal,2022,2022-05-15T11:40,"cdc,cdround"
3785119451,Pseudoeurycea leprosa,"Pseudoeurycea leprosa (Cope, 1869)",-99.274758,19.222514,10000,HUMAN_OBSERVATION,iNaturalist,50c9509d-22c7-4a22-a47d-8c48425ef4a7,MX,Distrito Federal,2022,2022-05-14T10:10,"cdc,cdround"
3785125691,Pseudoeurycea leprosa,"Pseudoeurycea leprosa (Cope, 1869)",-99.274758,19.222514,10000,HUMAN_OBSERVATION,iNaturalist,50c9509d-22c7-4a22-a47d-8c48425ef4a7,MX,Distrito Federal,2022,2022-05-14T10:05,"cdc,cdround"
3858583548,Pseudoeurycea leprosa,"Pseudoeurycea leprosa (Cope, 1869)",-99.221336,19.134671,9659,HUMAN_OBSERVATION,iNaturalist,50c9509d-22c7-4a22-a47d-8c48425ef4a7,MX,Distrito Federal,2022,2022-06-13T07:28:53,"cdc,cdround"
3859414168,Pseudoeurycea leprosa,"Pseudoeurycea leprosa (Cope, 1869)",-98.015338,19.241299,NA,HUMAN_OBSERVATION,iNaturalist,50c9509d-22c7-4a22-a47d-8c48425ef4a7,MX,Tlaxcala,2022,2022-06-02T12:56:11,"cdc,cdround"
3859699301,Pseudoeurycea leprosa,"Pseudoeurycea leprosa (Cope, 1869)",-99.300783,19.262695,8,HUMAN_OBSERVATION,iNaturalist,50c9509d-22c7-4a22-a47d-8c48425ef4a7,MX,Distrito Federal,2022,2022-06-26T17:21:35,"cdc,cdround"
6321038844,Pseudoeurycea leprosa,"Pseudoeurycea leprosa (Cope, 1869)",-98.992569,19.119119,8,HUMAN_OBSERVATION,iNaturalist,50c9509d-22c7-4a22-a47d-8c48425ef4a7,MX,Distrito Federal,2022,2022-06-19T14:54,"cdc,cdround"
3873876538,Pseudoeurycea leprosa,"Pseudoeurycea leprosa (Cope, 1869)",-99.569837,19.053215,NA,HUMAN_OBSERVATION,iNaturalist,50c9509d-22c7-4a22-a47d-8c48425ef4a7,MX,México,2022,2022-07-20T13:46:12,cdc
3881757037,Pseudoeurycea leprosa,"Pseudoeurycea leprosa (Cope, 1869)",-99.295517,19.313167,31,HUMAN_OBSERVATION,iNaturalist,50c9509d-22c7-4a22-a47d-8c48425ef4a7,MX,Distrito Federal,2022,2022-07-27T19:31,"cdc,cdround"
3881807746,Pseudoeurycea leprosa,"Pseudoeurycea leprosa (Cope, 1869)",-99.241484,19.174768,349,HUMAN_OBSERVATION,iNaturalist,50c9509d-22c7-4a22-a47d-8c48425ef4a7,MX,Distrito Federal,2022,2022-07-30T11:58,"cdc,cdround"
3892527212,Pseudoeurycea leprosa,"Pseudoeurycea leprosa (Cope, 1869)",-99.216214,19.212732,2451,HUMAN_OBSERVATION,iNaturalist,50c9509d-22c7-4a22-a47d-8c48425ef4a7,MX,Distrito Federal,2022,2022-07-28T11:37,"cdc,cdround"
4936434743,Pseudoeurycea leprosa,"Pseudoeurycea leprosa (Cope, 1869)",-99.274617,19.300509,61,HUMAN_OBSERVATION,iNaturalist,50c9509d-22c7-4a22-a47d-8c48425ef4a7,MX,Distrito Federal,2022,2022-07-16T02:27,"cdc,cdround"
3888963917,Pseudoeurycea leprosa,"Pseudoeurycea leprosa (Cope, 1869)",-99.240561,19.159707,206,HUMAN_OBSERVATION,iNaturalist,50c9509d-22c7-4a22-a47d-8c48425ef4a7,MX,Distrito Federal,2022,2022-08-06T11:18,"cdc,cdround"
3888997634,Pseudoeurycea leprosa,"Pseudoeurycea leprosa (Cope, 1869)",-98.664511,19.38411,NA,HUMAN_OBSERVATION,iNaturalist,50c9509d-22c7-4a22-a47d-8c48425ef4a7,MX,México,2022,2022-08-02T13:20:50,"cdc,cdround"
3902762333,Pseudoeurycea leprosa,"Pseudoeurycea leprosa (Cope, 1869)",-99.461202,19.115394,NA,HUMAN_OBSERVATION,iNaturalist,50c9509d-22c7-4a22-a47d-8c48425ef4a7,MX,México,2022,2022-08-20T14:50:18,"cdc,cdround"
3966378501,Pseudoeurycea leprosa,"Pseudoeurycea leprosa (Cope, 1869)",-99.308145,19.317725,122,HUMAN_OBSERVATION,iNaturalist,50c9509d-22c7-4a22-a47d-8c48425ef4a7,MX,Distrito Federal,2022,2022-08-22T00:46,"cdc,cdround"
4096526254,Pseudoeurycea leprosa,"Pseudoeurycea leprosa (Cope, 1869)",-98.67299,19.27924,15,HUMAN_OBSERVATION,iNaturalist,50c9509d-22c7-4a22-a47d-8c48425ef4a7,MX,México,2022,2022-08-19T12:29,"cdc,cdround"
5167367009,Pseudoeurycea leprosa,"Pseudoeurycea leprosa (Cope, 1869)",-99.277092,19.220247,17,HUMAN_OBSERVATION,iNaturalist,50c9509d-22c7-4a22-a47d-8c48425ef4a7,MX,Distrito Federal,2022,2022-08-06T10:48,"cdc,cdround"
4011518234,Pseudoeurycea leprosa,"Pseudoeurycea leprosa (Cope, 1869)",-99.302416,19.329263,2047,HUMAN_OBSERVATION,iNaturalist,50c9509d-22c7-4a22-a47d-8c48425ef4a7,MX,Distrito Federal,2022,2022-09-22T17:36,"cdc,cdround"
5177142348,Pseudoeurycea leprosa,"Pseudoeurycea leprosa (Cope, 1869)",-99.607397,19.018336,14,HUMAN_OBSERVATION,iNaturalist,50c9509d-22c7-4a22-a47d-8c48425ef4a7,MX,México,2022,2022-09-08T11:25:15,"cdc,cdround"
3985648837,Pseudoeurycea leprosa,"Pseudoeurycea leprosa (Cope, 1869)",-99.325453,19.257069,30580,HUMAN_OBSERVATION,iNaturalist,50c9509d-22c7-4a22-a47d-8c48425ef4a7,MX,Distrito Federal,2022,2022-10-08T09:09,"cdc,cdround"
4129923465,Pseudoeurycea leprosa,"Pseudoeurycea leprosa (Cope, 1869)",-98.613002,19.470589,30562,HUMAN_OBSERVATION,iNaturalist,50c9509d-22c7-4a22-a47d-8c48425ef4a7,MX,Tlaxcala,2022,2022-10-07T15:30,"cdc,cdround"
4133660503,Pseudoeurycea leprosa,"Pseudoeurycea leprosa (Cope, 1869)",-97.984842,19.229489,NA,HUMAN_OBSERVATION,iNaturalist,50c9509d-22c7-4a22-a47d-8c48425ef4a7,MX,Tlaxcala,2022,2022-10-26T11:05,"cdc,cdround"
4436278050,Pseudoeurycea leprosa,"Pseudoeurycea leprosa (Cope, 1869)",-98.110529,19.244878,307,HUMAN_OBSERVATION,iNaturalist,50c9509d-22c7-4a22-a47d-8c48425ef4a7,MX,Tlaxcala,2022,2022-10-03T15:40:14,"cdc,cdround"
3966411001,Pseudoeurycea leprosa,"Pseudoeurycea leprosa (Cope, 1869)",-99.281128,19.218594,8,HUMAN_OBSERVATION,iNaturalist,50c9509d-22c7-4a22-a47d-8c48425ef4a7,MX,Distrito Federal,2022,2022-11-12T01:18,"cdc,cdround"
3966532202,Pseudoeurycea leprosa,"Pseudoeurycea leprosa (Cope, 1869)",-97.977151,19.2394,66,HUMAN_OBSERVATION,iNaturalist,50c9509d-22c7-4a22-a47d-8c48425ef4a7,MX,Tlaxcala,2022,2022-11-11T13:25,"cdc,cdround"
4028632999,Pseudoeurycea leprosa,"Pseudoeurycea leprosa (Cope, 1869)",-99.302588,19.329749,2047,HUMAN_OBSERVATION,iNaturalist,50c9509d-22c7-4a22-a47d-8c48425ef4a7,MX,Distrito Federal,2022,2022-11-01T15:24,"cdc,cdround"
3321303400,Pseudoeurycea leprosa,"Pseudoeurycea leprosa (Cope, 1869)",-99.183328,19.318562,NA,HUMAN_OBSERVATION,iNaturalist,50c9509d-22c7-4a22-a47d-8c48425ef4a7,MX,Distrito Federal,2021,2021-06-29T22:47,"cdc,cdround"
3321307418,Pseudoeurycea leprosa,"Pseudoeurycea leprosa (Cope, 1869)",-99.183,19.318532,NA,HUMAN_OBSERVATION,iNaturalist,50c9509d-22c7-4a22-a47d-8c48425ef4a7,MX,Distrito Federal,2021,2021-06-29T22:38,"cdc,cdround"
3947626621,Pseudoeurycea leprosa,"Pseudoeurycea leprosa (Cope, 1869)",-97.097988,19.504695,30562,HUMAN_OBSERVATION,iNaturalist,50c9509d-22c7-4a22-a47d-8c48425ef4a7,MX,Veracruz,2021,2021-06-06T14:43,"cdc,cdround"
3343931694,Pseudoeurycea leprosa,"Pseudoeurycea leprosa (Cope, 1869)",-99.256421,19.214985,2048,HUMAN_OBSERVATION,iNaturalist,50c9509d-22c7-4a22-a47d-8c48425ef4a7,MX,Distrito Federal,2021,2021-08-05,"cdc,cdround"
3355336332,Pseudoeurycea leprosa,"Pseudoeurycea leprosa (Cope, 1869)",-99.277564,19.216186,817,HUMAN_OBSERVATION,iNaturalist,50c9509d-22c7-4a22-a47d-8c48425ef4a7,MX,Distrito Federal,2021,2021-08-28T12:18:25,"cdc,cdround"
3355347261,Pseudoeurycea leprosa,"Pseudoeurycea leprosa (Cope, 1869)",-99.146728,19.090928,4,HUMAN_OBSERVATION,iNaturalist,50c9509d-22c7-4a22-a47d-8c48425ef4a7,MX,Distrito Federal,2021,2021-08-29T12:36:38,"cdc,cdround"
3355719051,Pseudoeurycea leprosa,"Pseudoeurycea leprosa (Cope, 1869)",-99.276769,19.208263,496,HUMAN_OBSERVATION,iNaturalist,50c9509d-22c7-4a22-a47d-8c48425ef4a7,MX,Distrito Federal,2021,2021-08-25T09:11,"cdc,cdround"
3772802454,Pseudoeurycea leprosa,"Pseudoeurycea leprosa (Cope, 1869)",-99.332069,19.309368,NA,HUMAN_OBSERVATION,iNaturalist,50c9509d-22c7-4a22-a47d-8c48425ef4a7,MX,Distrito Federal,2021,2021-08-14T13:45:26,"cdc,cdround"
3384751580,Pseudoeurycea leprosa,"Pseudoeurycea leprosa (Cope, 1869)",-99.332047,19.309147,NA,HUMAN_OBSERVATION,iNaturalist,50c9509d-22c7-4a22-a47d-8c48425ef4a7,MX,Distrito Federal,2021,2021-09-28T13:46:53,"cdc,cdround"
3399191840,Pseudoeurycea leprosa,"Pseudoeurycea leprosa (Cope, 1869)",-98.67691,19.272041,122,HUMAN_OBSERVATION,iNaturalist,50c9509d-22c7-4a22-a47d-8c48425ef4a7,MX,México,2021,2021-09-14T02:03Z,"cdc,cdround"
3774192922,Pseudoeurycea leprosa,"Pseudoeurycea leprosa (Cope, 1869)",-97.112149,19.585387,1080,HUMAN_OBSERVATION,iNaturalist,50c9509d-22c7-4a22-a47d-8c48425ef4a7,MX,Veracruz,2021,2021-09-03T15:30,"cdc,cdround"
5134145044,Pseudoeurycea leprosa,"Pseudoeurycea leprosa (Cope, 1869)",-98.039668,19.271394,157,HUMAN_OBSERVATION,iNaturalist,50c9509d-22c7-4a22-a47d-8c48425ef4a7,MX,Tlaxcala,2021,2021-09-19T16:49:28,"cdc,cdround"
3747273769,Pseudoeurycea leprosa,"Pseudoeurycea leprosa (Cope, 1869)",-97.21237,19.078663,3906,HUMAN_OBSERVATION,iNaturalist,50c9509d-22c7-4a22-a47d-8c48425ef4a7,MX,Veracruz,2021,2021-10-07T02:35Z,"cdc,cdround"
3772686490,Pseudoeurycea leprosa,"Pseudoeurycea leprosa (Cope, 1869)",-97.10573,19.620996,590,HUMAN_OBSERVATION,iNaturalist,50c9509d-22c7-4a22-a47d-8c48425ef4a7,MX,Veracruz,2021,2021-11-20T16:40Z,"cdc,cdround"
3456717813,Pseudoeurycea leprosa,"Pseudoeurycea leprosa (Cope, 1869)",-97.990553,19.244185,367,HUMAN_OBSERVATION,iNaturalist,50c9509d-22c7-4a22-a47d-8c48425ef4a7,MX,Tlaxcala,2021,2021-12-18T19:13,"cdc,cdround"
2814303111,Pseudoeurycea leprosa,"Pseudoeurycea leprosa (Cope, 1869)",-99.171684,19.070052,30598,HUMAN_OBSERVATION,iNaturalist,50c9509d-22c7-4a22-a47d-8c48425ef4a7,MX,Distrito Federal,2020,2020-06-29T15:21:09,"cdc,cdround"
4424602354,Pseudoeurycea leprosa,"Pseudoeurycea leprosa (Cope, 1869)",-99.256346,19.215225,1086,HUMAN_OBSERVATION,iNaturalist,50c9509d-22c7-4a22-a47d-8c48425ef4a7,MX,Distrito Federal,2020,2020-06-05T22:08,"cdc,cdround"
2826301705,Pseudoeurycea leprosa,"Pseudoeurycea leprosa (Cope, 1869)",-99.108575,19.139954,2081,HUMAN_OBSERVATION,iNaturalist,50c9509d-22c7-4a22-a47d-8c48425ef4a7,MX,Distrito Federal,2020,2020-07-29,"cdc,cdround"
2992696501,Pseudoeurycea leprosa,"Pseudoeurycea leprosa (Cope, 1869)",-99.269788,19.293806,61,HUMAN_OBSERVATION,iNaturalist,50c9509d-22c7-4a22-a47d-8c48425ef4a7,MX,Distrito Federal,2020,2020-09-22T13:08,"cdc,cdround"
2992702488,Pseudoeurycea leprosa,"Pseudoeurycea leprosa (Cope, 1869)",-98.600419,19.09675,30,HUMAN_OBSERVATION,iNaturalist,50c9509d-22c7-4a22-a47d-8c48425ef4a7,MX,Puebla,2020,2020-09-12T14:14,"cdc,cdround"
2823415487,Pseudoeurycea leprosa,"Pseudoeurycea leprosa (Cope, 1869)",-97.997961,19.244891,61,HUMAN_OBSERVATION,iNaturalist,50c9509d-22c7-4a22-a47d-8c48425ef4a7,MX,Tlaxcala,2019,2019-04-04T12:00,"cdc,cdround"
3772754312,Pseudoeurycea leprosa,"Pseudoeurycea leprosa (Cope, 1869)",-99.244797,19.25392,132,HUMAN_OBSERVATION,iNaturalist,50c9509d-22c7-4a22-a47d-8c48425ef4a7,MX,Distrito Federal,2019,2019-04-17T14:31,"cdc,cdround"
5761096747,Pseudoeurycea leprosa,"Pseudoeurycea leprosa (Cope, 1869)",-97.142615,19.699245,30545,HUMAN_OBSERVATION,iNaturalist,50c9509d-22c7-4a22-a47d-8c48425ef4a7,MX,Veracruz,2019,2019-05-10T08:50,"cdc,cdround"
2273314746,Pseudoeurycea leprosa,"Pseudoeurycea leprosa (Cope, 1869)",-99.106993,19.059909,244,HUMAN_OBSERVATION,iNaturalist,50c9509d-22c7-4a22-a47d-8c48425ef4a7,MX,Distrito Federal,2019,2019-06-22T16:31,"cdc,cdround"
2397477149,Pseudoeurycea leprosa,"Pseudoeurycea leprosa (Cope, 1869)",-97.993423,19.24337,NA,HUMAN_OBSERVATION,iNaturalist,50c9509d-22c7-4a22-a47d-8c48425ef4a7,MX,Tlaxcala,2019,2019-06-14T12:36:49,"cdc,cdround"
3058752608,Pseudoeurycea leprosa,"Pseudoeurycea leprosa (Cope, 1869)",-98.038518,19.285145,NA,HUMAN_OBSERVATION,iNaturalist,50c9509d-22c7-4a22-a47d-8c48425ef4a7,MX,Tlaxcala,2019,2019-06-28T18:47,"cdc,cdround"
2294601075,Pseudoeurycea leprosa,"Pseudoeurycea leprosa (Cope, 1869)",-98.727265,19.427465,11231,HUMAN_OBSERVATION,iNaturalist,50c9509d-22c7-4a22-a47d-8c48425ef4a7,MX,México,2019,2019-07-20T21:38:58,cdc
2331848327,Pseudoeurycea leprosa,"Pseudoeurycea leprosa (Cope, 1869)",-98.690222,19.435953,30562,HUMAN_OBSERVATION,iNaturalist,50c9509d-22c7-4a22-a47d-8c48425ef4a7,MX,México,2019,2019-07-28T12:06:36,"cdc,cdround"
2422861647,Pseudoeurycea leprosa,"Pseudoeurycea leprosa (Cope, 1869)",-98.752952,19.424491,1739,HUMAN_OBSERVATION,iNaturalist,50c9509d-22c7-4a22-a47d-8c48425ef4a7,MX,México,2019,2019-07-20T11:37:15,"cdc,cdround"
2350350023,Pseudoeurycea leprosa,"Pseudoeurycea leprosa (Cope, 1869)",-98.750532,19.409839,1942,HUMAN_OBSERVATION,iNaturalist,50c9509d-22c7-4a22-a47d-8c48425ef4a7,MX,México,2019,2019-08-03T18:48:33,"cdc,cdround"
2350397601,Pseudoeurycea leprosa,"Pseudoeurycea leprosa (Cope, 1869)",-98.750288,19.442612,1667,HUMAN_OBSERVATION,iNaturalist,50c9509d-22c7-4a22-a47d-8c48425ef4a7,MX,México,2019,2019-08-03T19:40:29,"cdc,cdround"
2641514370,Pseudoeurycea leprosa,"Pseudoeurycea leprosa (Cope, 1869)",-99.25692,19.39002,10,HUMAN_OBSERVATION,iNaturalist,50c9509d-22c7-4a22-a47d-8c48425ef4a7,MX,Distrito Federal,2019,2019-08-10T10:56:42Z,cdc
3061711357,Pseudoeurycea leprosa,"Pseudoeurycea leprosa (Cope, 1869)",-98.065798,19.33107,19,HUMAN_OBSERVATION,iNaturalist,50c9509d-22c7-4a22-a47d-8c48425ef4a7,MX,Tlaxcala,2019,2019-08-23T15:59:42,"cdc,cdround"
2429393239,Pseudoeurycea leprosa,"Pseudoeurycea leprosa (Cope, 1869)",-97.026343,19.611396,349,HUMAN_OBSERVATION,iNaturalist,50c9509d-22c7-4a22-a47d-8c48425ef4a7,MX,Veracruz,2019,2019-10-04T11:30,"cdc,cdround"
3764228313,Pseudoeurycea leprosa,"Pseudoeurycea leprosa (Cope, 1869)",-99.257487,19.389881,9,HUMAN_OBSERVATION,iNaturalist,50c9509d-22c7-4a22-a47d-8c48425ef4a7,MX,Distrito Federal,2019,2019-10-14T10:47:51,"cdc,cdround"
5282363225,Pseudoeurycea leprosa,"Pseudoeurycea leprosa (Cope, 1869)",-97.084757,19.483697,30562,HUMAN_OBSERVATION,iNaturalist,50c9509d-22c7-4a22-a47d-8c48425ef4a7,MX,Veracruz,2019,2019-10-21T12:29,"cdc,cdround"
2465198169,Pseudoeurycea leprosa,"Pseudoeurycea leprosa (Cope, 1869)",-99.137978,19.096756,NA,HUMAN_OBSERVATION,iNaturalist,50c9509d-22c7-4a22-a47d-8c48425ef4a7,MX,Distrito Federal,2019,2019-11-25T12:22:22,"cdc,cdround"
3772685357,Pseudoeurycea leprosa,"Pseudoeurycea leprosa (Cope, 1869)",-97.089509,19.630668,4479,HUMAN_OBSERVATION,iNaturalist,50c9509d-22c7-4a22-a47d-8c48425ef4a7,MX,Veracruz,2019,2019-11-18T00:48Z,"cdc,cdround"
5133506367,Pseudoeurycea leprosa,"Pseudoeurycea leprosa (Cope, 1869)",-98.601376,19.455696,92,HUMAN_OBSERVATION,iNaturalist,50c9509d-22c7-4a22-a47d-8c48425ef4a7,MX,Tlaxcala,2019,2019-11-26T12:43:55,"cdc,cdround"
3070414802,Pseudoeurycea leprosa,"Pseudoeurycea leprosa (Cope, 1869)",-97.995164,19.246586,2,HUMAN_OBSERVATION,iNaturalist,50c9509d-22c7-4a22-a47d-8c48425ef4a7,MX,Tlaxcala,2018,2018-04-13T11:53Z,"cdc,cdround"
1847566143,Pseudoeurycea leprosa,"Pseudoeurycea leprosa (Cope, 1869)",-99.295006,19.264107,NA,HUMAN_OBSERVATION,iNaturalist,50c9509d-22c7-4a22-a47d-8c48425ef4a7,MX,Distrito Federal,2018,2018-05-20T12:11:34,"cdc,cdround"
4029050971,Pseudoeurycea leprosa,"Pseudoeurycea leprosa (Cope, 1869)",-97.987577,19.245868,8,HUMAN_OBSERVATION,iNaturalist,50c9509d-22c7-4a22-a47d-8c48425ef4a7,MX,Tlaxcala,2018,2018-05-05T14:58,"cdc,cdround"
2005261528,Pseudoeurycea leprosa,"Pseudoeurycea leprosa (Cope, 1869)",-98.58596,19.476892,NA,HUMAN_OBSERVATION,iNaturalist,50c9509d-22c7-4a22-a47d-8c48425ef4a7,MX,Tlaxcala,2018,2018-06-22T11:52:53,"cdc,cdround"
2234806842,Pseudoeurycea leprosa,"Pseudoeurycea leprosa (Cope, 1869)",-98.996215,19.123994,50,HUMAN_OBSERVATION,iNaturalist,50c9509d-22c7-4a22-a47d-8c48425ef4a7,MX,Distrito Federal,2018,2018-09-18T14:18,"cdc,cdround"
3008405178,Pseudoeurycea leprosa,"Pseudoeurycea leprosa (Cope, 1869)",-98.682664,19.097706,10,HUMAN_OBSERVATION,iNaturalist,50c9509d-22c7-4a22-a47d-8c48425ef4a7,MX,México,2018,2018-09-02T11:31,"cdc,cdround"
1949984763,Pseudoeurycea leprosa,"Pseudoeurycea leprosa (Cope, 1869)",-97.363269,19.716183,4,HUMAN_OBSERVATION,iNaturalist,50c9509d-22c7-4a22-a47d-8c48425ef4a7,MX,Puebla,2018,2018-11-08T14:16:35,"cdc,cdround"
2814211534,Pseudoeurycea leprosa,"Pseudoeurycea leprosa (Cope, 1869)",-97.106301,19.627603,244,HUMAN_OBSERVATION,iNaturalist,50c9509d-22c7-4a22-a47d-8c48425ef4a7,MX,Veracruz,2018,2018-11-06T15:08,"cdc,cdround"
3014013312,Pseudoeurycea leprosa,"Pseudoeurycea leprosa (Cope, 1869)",-97.987885,19.243692,NA,HUMAN_OBSERVATION,iNaturalist,50c9509d-22c7-4a22-a47d-8c48425ef4a7,MX,Tlaxcala,2017,2017-05-13T09:00:01,"cdc,cdround"
3058876758,Pseudoeurycea leprosa,"Pseudoeurycea leprosa (Cope, 1869)",-98.031958,19.230893,2051,HUMAN_OBSERVATION,iNaturalist,50c9509d-22c7-4a22-a47d-8c48425ef4a7,MX,Tlaxcala,2017,2017-07-08T20:24:40Z,"cdc,cdround"
3067790628,Pseudoeurycea leprosa,"Pseudoeurycea leprosa (Cope, 1869)",-97.994038,19.245973,2500,HUMAN_OBSERVATION,iNaturalist,50c9509d-22c7-4a22-a47d-8c48425ef4a7,MX,Tlaxcala,2017,2017-07-08T18:31Z,"cdc,cdround"
3067973689,Pseudoeurycea leprosa,"Pseudoeurycea leprosa (Cope, 1869)",-97.996455,19.247138,2000,HUMAN_OBSERVATION,iNaturalist,50c9509d-22c7-4a22-a47d-8c48425ef4a7,MX,Tlaxcala,2017,2017-07-08T19:41Z,"cdc,cdround"
2860037420,Pseudoeurycea leprosa,"Pseudoeurycea leprosa (Cope, 1869)",-99.513631,19.650884,61,HUMAN_OBSERVATION,iNaturalist,50c9509d-22c7-4a22-a47d-8c48425ef4a7,MX,México,2017,2017-08-26T12:17,"cdc,cdround"
1671725869,Pseudoeurycea leprosa,"Pseudoeurycea leprosa (Cope, 1869)",-98.670917,19.292978,125,HUMAN_OBSERVATION,iNaturalist,50c9509d-22c7-4a22-a47d-8c48425ef4a7,MX,México,2017,2017-10-04,cdc
1901035094,Pseudoeurycea leprosa,"Pseudoeurycea leprosa (Cope, 1869)",-98.646083,19.086471,206,HUMAN_OBSERVATION,iNaturalist,50c9509d-22c7-4a22-a47d-8c48425ef4a7,MX,México,2017,2017-10-07T09:01,"cdc,cdround"
5282502811,Pseudoeurycea leprosa,"Pseudoeurycea leprosa (Cope, 1869)",-97.085714,19.528309,30562,HUMAN_OBSERVATION,iNaturalist,50c9509d-22c7-4a22-a47d-8c48425ef4a7,MX,Veracruz,2017,2017-10-21T08:36,"cdc,cdround"
5830758736,Pseudoeurycea leprosa,"Pseudoeurycea leprosa (Cope, 1869)",-97.159474,19.460391,30562,HUMAN_OBSERVATION,iNaturalist,50c9509d-22c7-4a22-a47d-8c48425ef4a7,MX,Veracruz,2017,2017-10-28T11:14,"cdc,cdround"
5282317911,Pseudoeurycea leprosa,"Pseudoeurycea leprosa (Cope, 1869)",-97.076853,19.550478,30562,HUMAN_OBSERVATION,iNaturalist,50c9509d-22c7-4a22-a47d-8c48425ef4a7,MX,Veracruz,2017,2017-11-11T11:51,"cdc,cdround"
2013680136,Pseudoeurycea leprosa,"Pseudoeurycea leprosa (Cope, 1869)",-99.027914,19.107435,50,HUMAN_OBSERVATION,iNaturalist,50c9509d-22c7-4a22-a47d-8c48425ef4a7,MX,Distrito Federal,2017,2017-12-12T13:23,cdc
3013878327,Pseudoeurycea leprosa,"Pseudoeurycea leprosa (Cope, 1869)",-98.683912,18.949323,5504,HUMAN_OBSERVATION,iNaturalist,50c9509d-22c7-4a22-a47d-8c48425ef4a7,MX,Morelos,2017,2017-12-13,"cdc,cdround"
1586948666,Pseudoeurycea leprosa,"Pseudoeurycea leprosa (Cope, 1869)",-97.112338,19.608356,1006,HUMAN_OBSERVATION,iNaturalist,50c9509d-22c7-4a22-a47d-8c48425ef4a7,MX,Veracruz,2016,2016-01-09T14:09,"cdc,cdround"
2265798865,Pseudoeurycea leprosa,"Pseudoeurycea leprosa (Cope, 1869)",-99.49484,19.127148,903,HUMAN_OBSERVATION,iNaturalist,50c9509d-22c7-4a22-a47d-8c48425ef4a7,MX,México,2016,2016-04-24T11:48:23,"cdc,cdround"
1802643283,Pseudoeurycea leprosa,"Pseudoeurycea leprosa (Cope, 1869)",-98.106486,19.648703,14152,HUMAN_OBSERVATION,iNaturalist,50c9509d-22c7-4a22-a47d-8c48425ef4a7,MX,Tlaxcala,2016,2016-06-04T23:07,"cdc,cdround"
1990644625,Pseudoeurycea leprosa,"Pseudoeurycea leprosa (Cope, 1869)",-99.315376,19.287651,122,HUMAN_OBSERVATION,iNaturalist,50c9509d-22c7-4a22-a47d-8c48425ef4a7,MX,Distrito Federal,2016,2016-07-14T14:55,"cdc,cdround"
2992727093,Pseudoeurycea leprosa,"Pseudoeurycea leprosa (Cope, 1869)",-97.089646,19.564175,376,HUMAN_OBSERVATION,iNaturalist,50c9509d-22c7-4a22-a47d-8c48425ef4a7,MX,Veracruz,2016,2016-07-05T16:32,"cdc,cdround"
3044791147,Pseudoeurycea leprosa,"Pseudoeurycea leprosa (Cope, 1869)",-99.606513,19.008886,206,HUMAN_OBSERVATION,iNaturalist,50c9509d-22c7-4a22-a47d-8c48425ef4a7,MX,México,2016,2016-07-31T07:53Z,"cdc,cdround"
3061553377,Pseudoeurycea leprosa,"Pseudoeurycea leprosa (Cope, 1869)",-98.573961,19.230372,698,HUMAN_OBSERVATION,iNaturalist,50c9509d-22c7-4a22-a47d-8c48425ef4a7,MX,Puebla,2016,2016-07-30T11:26:39,"cdc,cdround"
3499477480,Pseudoeurycea leprosa,"Pseudoeurycea leprosa (Cope, 1869)",-98.579487,19.248758,77,HUMAN_OBSERVATION,iNaturalist,50c9509d-22c7-4a22-a47d-8c48425ef4a7,MX,Puebla,2016,2016-07-30T11:25,"cdc,cdround"
3859214322,Pseudoeurycea leprosa,"Pseudoeurycea leprosa (Cope, 1869)",-98.677723,19.291687,3,HUMAN_OBSERVATION,iNaturalist,50c9509d-22c7-4a22-a47d-8c48425ef4a7,MX,México,2016,2016-09-22T14:27,"cdc,cdround"
2573858157,Pseudoeurycea leprosa,"Pseudoeurycea leprosa (Cope, 1869)",-98.694197,19.088687,NA,HUMAN_OBSERVATION,iNaturalist,50c9509d-22c7-4a22-a47d-8c48425ef4a7,MX,México,2015,2015-01-04T16:26,cdc
2574013133,Pseudoeurycea leprosa,"Pseudoeurycea leprosa (Cope, 1869)",-98.694619,19.088527,15,HUMAN_OBSERVATION,iNaturalist,50c9509d-22c7-4a22-a47d-8c48425ef4a7,MX,México,2015,2015-01-04T17:32,"cdc,cdround"
2574042154,Pseudoeurycea leprosa,"Pseudoeurycea leprosa (Cope, 1869)",-98.694516,19.088583,4,HUMAN_OBSERVATION,iNaturalist,50c9509d-22c7-4a22-a47d-8c48425ef4a7,MX,México,2015,2015-01-04T18:31,"cdc,cdround"
2574043156,Pseudoeurycea leprosa,"Pseudoeurycea leprosa (Cope, 1869)",-98.694511,19.088578,4,HUMAN_OBSERVATION,iNaturalist,50c9509d-22c7-4a22-a47d-8c48425ef4a7,MX,México,2015,2015-01-04T18:28,"cdc,cdround"
1990647962,Pseudoeurycea leprosa,"Pseudoeurycea leprosa (Cope, 1869)",-99.232819,19.363706,NA,HUMAN_OBSERVATION,iNaturalist,50c9509d-22c7-4a22-a47d-8c48425ef4a7,MX,Distrito Federal,2015,2015-10-14T21:32,"cdc,cdround"
1291067482,Pseudoeurycea leprosa,"Pseudoeurycea leprosa (Cope, 1869)",-97.10779,19.627996,124,HUMAN_OBSERVATION,iNaturalist,50c9509d-22c7-4a22-a47d-8c48425ef4a7,MX,Veracruz,2015,2015-11-10,cdc
4399948692,Pseudoeurycea leprosa,"Pseudoeurycea leprosa (Cope, 1869)",-97.998333,19.243634,300,HUMAN_OBSERVATION,iNaturalist,50c9509d-22c7-4a22-a47d-8c48425ef4a7,MX,Tlaxcala,2014,2014-01-23T12:46,"cdc,cdround"
4400461698,Pseudoeurycea leprosa,"Pseudoeurycea leprosa (Cope, 1869)",-98.001229,19.242647,300,HUMAN_OBSERVATION,iNaturalist,50c9509d-22c7-4a22-a47d-8c48425ef4a7,MX,Tlaxcala,2014,2014-01-23T12:59,"cdc,cdround"
4413619156,Pseudoeurycea leprosa,"Pseudoeurycea leprosa (Cope, 1869)",-99.257172,19.21147,2000,HUMAN_OBSERVATION,iNaturalist,50c9509d-22c7-4a22-a47d-8c48425ef4a7,MX,Distrito Federal,2014,2014-05-28T15:51,"cdc,cdround"
3067991757,Pseudoeurycea leprosa,"Pseudoeurycea leprosa (Cope, 1869)",-97.993049,19.245257,3000,HUMAN_OBSERVATION,iNaturalist,50c9509d-22c7-4a22-a47d-8c48425ef4a7,MX,Tlaxcala,2014,2014-09-13T14:51Z,"cdc,cdround"
3067994634,Pseudoeurycea leprosa,"Pseudoeurycea leprosa (Cope, 1869)",-97.992888,19.245246,3000,HUMAN_OBSERVATION,iNaturalist,50c9509d-22c7-4a22-a47d-8c48425ef4a7,MX,Tlaxcala,2014,2014-09-13T14:22Z,"cdc,cdround"
2574295313,Pseudoeurycea leprosa,"Pseudoeurycea leprosa (Cope, 1869)",-99.326451,19.049089,NA,HUMAN_OBSERVATION,iNaturalist,50c9509d-22c7-4a22-a47d-8c48425ef4a7,MX,México,2014,2014-10-26T11:04,cdc
1847467989,Pseudoeurycea leprosa,"Pseudoeurycea leprosa (Cope, 1869)",-98.625208,19.286829,30580,HUMAN_OBSERVATION,iNaturalist,50c9509d-22c7-4a22-a47d-8c48425ef4a7,MX,México,2014,2014-11-17T21:27,"cdc,cdround"
1990647963,Pseudoeurycea leprosa,"Pseudoeurycea leprosa (Cope, 1869)",-99.232884,19.36379,NA,HUMAN_OBSERVATION,iNaturalist,50c9509d-22c7-4a22-a47d-8c48425ef4a7,MX,Distrito Federal,2013,2013-07-21T12:48,"cdc,cdround"
923912062,Pseudoeurycea leprosa,"Pseudoeurycea leprosa (Cope, 1869)",-99.26744,19.295995,250,HUMAN_OBSERVATION,iNaturalist,50c9509d-22c7-4a22-a47d-8c48425ef4a7,MX,Distrito Federal,2013,2013-09-06,cdc
3008552068,Pseudoeurycea leprosa,"Pseudoeurycea leprosa (Cope, 1869)",-97.992806,19.244854,42,HUMAN_OBSERVATION,iNaturalist,50c9509d-22c7-4a22-a47d-8c48425ef4a7,MX,Tlaxcala,2012,2012-01-21T16:21,"cdc,cdround"
1893254197,Pseudoeurycea leprosa,"Pseudoeurycea leprosa (Cope, 1869)",-97.108639,19.616806,80,PRESERVED_SPECIMEN,INECOL,9c41cbeb-e8d5-4c25-a3d1-a82972b61391,MX,Veracruz de ignacio de la llave,2012,2012-07-22,"cdround,osiic"
1893254198,Pseudoeurycea leprosa,"Pseudoeurycea leprosa (Cope, 1869)",-97.108639,19.616806,80,HUMAN_OBSERVATION,INECOL,9c41cbeb-e8d5-4c25-a3d1-a82972b61391,MX,Veracruz de ignacio de la llave,2012,2012-07-21,"cdround,osiic"
1893254222,Pseudoeurycea leprosa,"Pseudoeurycea leprosa (Cope, 1869)",-97.180444,19.528139,80,HUMAN_OBSERVATION,INECOL,9c41cbeb-e8d5-4c25-a3d1-a82972b61391,MX,Veracruz de ignacio de la llave,2012,2012-07-16,"cdround,osiic"
1893254225,Pseudoeurycea leprosa,"Pseudoeurycea leprosa (Cope, 1869)",-97.108639,19.616806,80,HUMAN_OBSERVATION,INECOL,9c41cbeb-e8d5-4c25-a3d1-a82972b61391,MX,Veracruz de ignacio de la llave,2012,2012-07-22,"cdround,osiic"
1893254228,Pseudoeurycea leprosa,"Pseudoeurycea leprosa (Cope, 1869)",-97.180444,19.528139,80,HUMAN_OBSERVATION,INECOL,9c41cbeb-e8d5-4c25-a3d1-a82972b61391,MX,Veracruz de ignacio de la llave,2012,2012-07-16,"cdround,osiic"
1893254240,Pseudoeurycea leprosa,"Pseudoeurycea leprosa (Cope, 1869)",-97.180444,19.528139,80,HUMAN_OBSERVATION,INECOL,9c41cbeb-e8d5-4c25-a3d1-a82972b61391,MX,Veracruz de ignacio de la llave,2012,2012-07-17,"cdround,osiic"
1893254242,Pseudoeurycea leprosa,"Pseudoeurycea leprosa (Cope, 1869)",-97.108639,19.616806,80,PRESERVED_SPECIMEN,INECOL,9c41cbeb-e8d5-4c25-a3d1-a82972b61391,MX,Veracruz de ignacio de la llave,2012,2012-07-22,"cdround,osiic"
1893254248,Pseudoeurycea leprosa,"Pseudoeurycea leprosa (Cope, 1869)",-97.108639,19.616806,80,HUMAN_OBSERVATION,INECOL,9c41cbeb-e8d5-4c25-a3d1-a82972b61391,MX,Veracruz de ignacio de la llave,2012,2012-07-22,"cdround,osiic"
1893254286,Pseudoeurycea leprosa,"Pseudoeurycea leprosa (Cope, 1869)",-97.108639,19.616806,80,HUMAN_OBSERVATION,INECOL,9c41cbeb-e8d5-4c25-a3d1-a82972b61391,MX,Veracruz de ignacio de la llave,2012,2012-07-21,"cdround,osiic"
1893254317,Pseudoeurycea leprosa,"Pseudoeurycea leprosa (Cope, 1869)",-97.108639,19.616806,80,HUMAN_OBSERVATION,INECOL,9c41cbeb-e8d5-4c25-a3d1-a82972b61391,MX,Veracruz de ignacio de la llave,2012,2012-07-21,"cdround,osiic"
1893254328,Pseudoeurycea leprosa,"Pseudoeurycea leprosa (Cope, 1869)",-97.180444,19.528139,80,HUMAN_OBSERVATION,INECOL,9c41cbeb-e8d5-4c25-a3d1-a82972b61391,MX,Veracruz de ignacio de la llave,2012,2012-07-16,"cdround,osiic"
1893254331,Pseudoeurycea leprosa,"Pseudoeurycea leprosa (Cope, 1869)",-97.108639,19.616806,80,PRESERVED_SPECIMEN,INECOL,9c41cbeb-e8d5-4c25-a3d1-a82972b61391,MX,Veracruz de ignacio de la llave,2012,2012-07-21,"cdround,osiic"
1893254345,Pseudoeurycea leprosa,"Pseudoeurycea leprosa (Cope, 1869)",-97.180444,19.528139,80,HUMAN_OBSERVATION,INECOL,9c41cbeb-e8d5-4c25-a3d1-a82972b61391,MX,Veracruz de ignacio de la llave,2012,2012-07-17,"cdround,osiic"
1893254348,Pseudoeurycea leprosa,"Pseudoeurycea leprosa (Cope, 1869)",-97.180444,19.528139,80,HUMAN_OBSERVATION,INECOL,9c41cbeb-e8d5-4c25-a3d1-a82972b61391,MX,Veracruz de ignacio de la llave,2012,2012-07-17,"cdround,osiic"
1893254399,Pseudoeurycea leprosa,"Pseudoeurycea leprosa (Cope, 1869)",-97.108639,19.616806,80,HUMAN_OBSERVATION,INECOL,9c41cbeb-e8d5-4c25-a3d1-a82972b61391,MX,Veracruz de ignacio de la llave,2012,2012-07-22,"cdround,osiic"
1893254156,Pseudoeurycea leprosa,"Pseudoeurycea leprosa (Cope, 1869)",-97.341444,19.088833,80,HUMAN_OBSERVATION,INECOL,9c41cbeb-e8d5-4c25-a3d1-a82972b61391,MX,Puebla,2012,2012-08-04,"cdround,rdativ,osiic"
1893254160,Pseudoeurycea leprosa,"Pseudoeurycea leprosa (Cope, 1869)",-97.108639,19.616806,80,HUMAN_OBSERVATION,INECOL,9c41cbeb-e8d5-4c25-a3d1-a82972b61391,MX,Veracruz de ignacio de la llave,2012,2012-08-28,"cdround,osiic"
1893254216,Pseudoeurycea leprosa,"Pseudoeurycea leprosa (Cope, 1869)",-97.108639,19.616806,80,HUMAN_OBSERVATION,INECOL,9c41cbeb-e8d5-4c25-a3d1-a82972b61391,MX,Veracruz de ignacio de la llave,2012,2012-08-27,"cdround,osiic"
1893254221,Pseudoeurycea leprosa,"Pseudoeurycea leprosa (Cope, 1869)",-97.108639,19.616806,80,HUMAN_OBSERVATION,INECOL,9c41cbeb-e8d5-4c25-a3d1-a82972b61391,MX,Veracruz de ignacio de la llave,2012,2012-08-28,"cdround,osiic"
1893254250,Pseudoeurycea leprosa,"Pseudoeurycea leprosa (Cope, 1869)",-97.180444,19.528139,80,PRESERVED_SPECIMEN,INECOL,9c41cbeb-e8d5-4c25-a3d1-a82972b61391,MX,Veracruz de ignacio de la llave,2012,2012-08-23,"cdround,osiic"
1893254256,Pseudoeurycea leprosa,"Pseudoeurycea leprosa (Cope, 1869)",-97.180444,19.528139,80,HUMAN_OBSERVATION,INECOL,9c41cbeb-e8d5-4c25-a3d1-a82972b61391,MX,Veracruz de ignacio de la llave,2012,2012-08-22,"cdround,osiic"
1893254257,Pseudoeurycea leprosa,"Pseudoeurycea leprosa (Cope, 1869)",-97.368833,19.091722,80,HUMAN_OBSERVATION,INECOL,9c41cbeb-e8d5-4c25-a3d1-a82972b61391,MX,Puebla,2012,2012-08-05,"cdround,rdativ,osiic"
1893254263,Pseudoeurycea leprosa,"Pseudoeurycea leprosa (Cope, 1869)",-97.180444,19.528139,80,HUMAN_OBSERVATION,INECOL,9c41cbeb-e8d5-4c25-a3d1-a82972b61391,MX,Veracruz de ignacio de la llave,2012,2012-08-21,"cdround,osiic"
1893254270,Pseudoeurycea leprosa,"Pseudoeurycea leprosa (Cope, 1869)",-97.108639,19.616806,80,HUMAN_OBSERVATION,INECOL,9c41cbeb-e8d5-4c25-a3d1-a82972b61391,MX,Veracruz de ignacio de la llave,2012,2012-08-26,"cdround,osiic"
1893254275,Pseudoeurycea leprosa,"Pseudoeurycea leprosa (Cope, 1869)",-97.180444,19.528139,80,HUMAN_OBSERVATION,INECOL,9c41cbeb-e8d5-4c25-a3d1-a82972b61391,MX,Veracruz de ignacio de la llave,2012,2012-08-23,"cdround,osiic"
1893254276,Pseudoeurycea leprosa,"Pseudoeurycea leprosa (Cope, 1869)",-97.341444,19.088833,80,HUMAN_OBSERVATION,INECOL,9c41cbeb-e8d5-4c25-a3d1-a82972b61391,MX,Puebla,2012,2012-08-04,"cdround,rdativ,osiic"
1893254280,Pseudoeurycea leprosa,"Pseudoeurycea leprosa (Cope, 1869)",-97.180444,19.528139,80,HUMAN_OBSERVATION,INECOL,9c41cbeb-e8d5-4c25-a3d1-a82972b61391,MX,Veracruz de ignacio de la llave,2012,2012-08-21,"cdround,osiic"
1893254291,Pseudoeurycea leprosa,"Pseudoeurycea leprosa (Cope, 1869)",-97.108639,19.616806,80,HUMAN_OBSERVATION,INECOL,9c41cbeb-e8d5-4c25-a3d1-a82972b61391,MX,Veracruz de ignacio de la llave,2012,2012-08-28,"cdround,osiic"
1893254298,Pseudoeurycea leprosa,"Pseudoeurycea leprosa (Cope, 1869)",-97.368833,19.091722,80,HUMAN_OBSERVATION,INECOL,9c41cbeb-e8d5-4c25-a3d1-a82972b61391,MX,Puebla,2012,2012-08-05,"cdround,rdativ,osiic"
1893254301,Pseudoeurycea leprosa,"Pseudoeurycea leprosa (Cope, 1869)",-97.180444,19.528139,80,HUMAN_OBSERVATION,INECOL,9c41cbeb-e8d5-4c25-a3d1-a82972b61391,MX,Veracruz de ignacio de la llave,2012,2012-08-20,"cdround,osiic"
1893254306,Pseudoeurycea leprosa,"Pseudoeurycea leprosa (Cope, 1869)",-97.180444,19.528139,80,HUMAN_OBSERVATION,INECOL,9c41cbeb-e8d5-4c25-a3d1-a82972b61391,MX,Veracruz de ignacio de la llave,2012,2012-08-23,"cdround,osiic"
1893254312,Pseudoeurycea leprosa,"Pseudoeurycea leprosa (Cope, 1869)",-97.180444,19.528139,80,HUMAN_OBSERVATION,INECOL,9c41cbeb-e8d5-4c25-a3d1-a82972b61391,MX,Veracruz de ignacio de la llave,2012,2012-08-21,"cdround,osiic"
1893254314,Pseudoeurycea leprosa,"Pseudoeurycea leprosa (Cope, 1869)",-97.108639,19.616806,80,HUMAN_OBSERVATION,INECOL,9c41cbeb-e8d5-4c25-a3d1-a82972b61391,MX,Veracruz de ignacio de la llave,2012,2012-08-27,"cdround,osiic"
1893254316,Pseudoeurycea leprosa,"Pseudoeurycea leprosa (Cope, 1869)",-97.108639,19.616806,80,HUMAN_OBSERVATION,INECOL,9c41cbeb-e8d5-4c25-a3d1-a82972b61391,MX,Veracruz de ignacio de la llave,2012,2012-08-27,"cdround,osiic"
1893254326,Pseudoeurycea leprosa,"Pseudoeurycea leprosa (Cope, 1869)",-97.180444,19.528139,80,HUMAN_OBSERVATION,INECOL,9c41cbeb-e8d5-4c25-a3d1-a82972b61391,MX,Veracruz de ignacio de la llave,2012,2012-08-22,"cdround,osiic"
1893254347,Pseudoeurycea leprosa,"Pseudoeurycea leprosa (Cope, 1869)",-97.108639,19.616806,80,HUMAN_OBSERVATION,INECOL,9c41cbeb-e8d5-4c25-a3d1-a82972b61391,MX,Veracruz de ignacio de la llave,2012,2012-08-26,"cdround,osiic"
1893254365,Pseudoeurycea leprosa,"Pseudoeurycea leprosa (Cope, 1869)",-97.180444,19.528139,80,HUMAN_OBSERVATION,INECOL,9c41cbeb-e8d5-4c25-a3d1-a82972b61391,MX,Veracruz de ignacio de la llave,2012,2012-08-23,"cdround,osiic"
1893254367,Pseudoeurycea leprosa,"Pseudoeurycea leprosa (Cope, 1869)",-97.341444,19.088833,80,HUMAN_OBSERVATION,INECOL,9c41cbeb-e8d5-4c25-a3d1-a82972b61391,MX,Puebla,2012,2012-08-05,"cdround,rdativ,osiic"
1893254381,Pseudoeurycea leprosa,"Pseudoeurycea leprosa (Cope, 1869)",-97.108639,19.616806,80,HUMAN_OBSERVATION,INECOL,9c41cbeb-e8d5-4c25-a3d1-a82972b61391,MX,Veracruz de ignacio de la llave,2012,2012-08-26,"cdround,osiic"
1893254451,Pseudoeurycea leprosa,"Pseudoeurycea leprosa (Cope, 1869)",-97.180444,19.528139,80,HUMAN_OBSERVATION,INECOL,9c41cbeb-e8d5-4c25-a3d1-a82972b61391,MX,Veracruz de ignacio de la llave,2012,2012-08-22,"cdround,osiic"
4168414321,Pseudoeurycea leprosa,"Pseudoeurycea leprosa (Cope, 1869)",-97.341444,19.088833,80,PRESERVED_SPECIMEN,MZFC-FC-UNAM,9c41cbeb-e8d5-4c25-a3d1-a82972b61391,MX,Puebla,2012,2012-08-04,"cdround,rdativ,osiic"
1893254171,Pseudoeurycea leprosa,"Pseudoeurycea leprosa (Cope, 1869)",-97.180444,19.528139,80,HUMAN_OBSERVATION,INECOL,9c41cbeb-e8d5-4c25-a3d1-a82972b61391,MX,Veracruz de ignacio de la llave,2012,2012-09-29,"cdround,osiic"
1893254186,Pseudoeurycea leprosa,"Pseudoeurycea leprosa (Cope, 1869)",-97.180444,19.528139,80,HUMAN_OBSERVATION,INECOL,9c41cbeb-e8d5-4c25-a3d1-a82972b61391,MX,Veracruz de ignacio de la llave,2012,2012-09-27,"cdround,osiic"
1893254219,Pseudoeurycea leprosa,"Pseudoeurycea leprosa (Cope, 1869)",-97.180444,19.528139,80,HUMAN_OBSERVATION,INECOL,9c41cbeb-e8d5-4c25-a3d1-a82972b61391,MX,Veracruz de ignacio de la llave,2012,2012-09-28,"cdround,osiic"
1893254233,Pseudoeurycea leprosa,"Pseudoeurycea leprosa (Cope, 1869)",-97.180444,19.528139,80,HUMAN_OBSERVATION,INECOL,9c41cbeb-e8d5-4c25-a3d1-a82972b61391,MX,Veracruz de ignacio de la llave,2012,2012-09-28,"cdround,osiic"
1893254261,Pseudoeurycea leprosa,"Pseudoeurycea leprosa (Cope, 1869)",-97.180444,19.528139,80,HUMAN_OBSERVATION,INECOL,9c41cbeb-e8d5-4c25-a3d1-a82972b61391,MX,Veracruz de ignacio de la llave,2012,2012-09-29,"cdround,osiic"
1893254290,Pseudoeurycea leprosa,"Pseudoeurycea leprosa (Cope, 1869)",-97.180444,19.528139,80,HUMAN_OBSERVATION,INECOL,9c41cbeb-e8d5-4c25-a3d1-a82972b61391,MX,Veracruz de ignacio de la llave,2012,2012-09-28,"cdround,osiic"
1893254304,Pseudoeurycea leprosa,"Pseudoeurycea leprosa (Cope, 1869)",-97.180444,19.528139,80,HUMAN_OBSERVATION,INECOL,9c41cbeb-e8d5-4c25-a3d1-a82972b61391,MX,Veracruz de ignacio de la llave,2012,2012-09-29,"cdround,osiic"
1893254305,Pseudoeurycea leprosa,"Pseudoeurycea leprosa (Cope, 1869)",-97.180444,19.528139,80,HUMAN_OBSERVATION,INECOL,9c41cbeb-e8d5-4c25-a3d1-a82972b61391,MX,Veracruz de ignacio de la llave,2012,2012-09-26,"cdround,osiic"
1893254315,Pseudoeurycea leprosa,"Pseudoeurycea leprosa (Cope, 1869)",-97.180444,19.528139,80,HUMAN_OBSERVATION,INECOL,9c41cbeb-e8d5-4c25-a3d1-a82972b61391,MX,Veracruz de ignacio de la llave,2012,2012-09-26,"cdround,osiic"
1893254319,Pseudoeurycea leprosa,"Pseudoeurycea leprosa (Cope, 1869)",-97.180444,19.528139,80,HUMAN_OBSERVATION,INECOL,9c41cbeb-e8d5-4c25-a3d1-a82972b61391,MX,Veracruz de ignacio de la llave,2012,2012-09-25,"cdround,osiic"
1893254322,Pseudoeurycea leprosa,"Pseudoeurycea leprosa (Cope, 1869)",-97.180444,19.528139,80,HUMAN_OBSERVATION,INECOL,9c41cbeb-e8d5-4c25-a3d1-a82972b61391,MX,Veracruz de ignacio de la llave,2012,2012-09-26,"cdround,osiic"
1893254330,Pseudoeurycea leprosa,"Pseudoeurycea leprosa (Cope, 1869)",-97.180444,19.528139,80,HUMAN_OBSERVATION,INECOL,9c41cbeb-e8d5-4c25-a3d1-a82972b61391,MX,Veracruz de ignacio de la llave,2012,2012-09-27,"cdround,osiic"
1893254361,Pseudoeurycea leprosa,"Pseudoeurycea leprosa (Cope, 1869)",-97.180444,19.528139,80,HUMAN_OBSERVATION,INECOL,9c41cbeb-e8d5-4c25-a3d1-a82972b61391,MX,Veracruz de ignacio de la llave,2012,2012-09-27,"cdround,osiic"
1893254144,Pseudoeurycea leprosa,"Pseudoeurycea leprosa (Cope, 1869)",-97.108639,19.616806,80,HUMAN_OBSERVATION,INECOL,9c41cbeb-e8d5-4c25-a3d1-a82972b61391,MX,Veracruz de ignacio de la llave,2012,2012-10-11,"cdround,rdativ,osiic"
1893254190,Pseudoeurycea leprosa,"Pseudoeurycea leprosa (Cope, 1869)",-97.108639,19.616806,80,HUMAN_OBSERVATION,INECOL,9c41cbeb-e8d5-4c25-a3d1-a82972b61391,MX,Veracruz de ignacio de la llave,2012,2012-10-09,"cdround,rdativ,osiic"
1893254193,Pseudoeurycea leprosa,"Pseudoeurycea leprosa (Cope, 1869)",-97.108639,19.616806,80,HUMAN_OBSERVATION,INECOL,9c41cbeb-e8d5-4c25-a3d1-a82972b61391,MX,Veracruz de ignacio de la llave,2012,2012-10-10,"cdround,osiic"
1893254204,Pseudoeurycea leprosa,"Pseudoeurycea leprosa (Cope, 1869)",-97.108639,19.616806,80,HUMAN_OBSERVATION,INECOL,9c41cbeb-e8d5-4c25-a3d1-a82972b61391,MX,Veracruz de ignacio de la llave,2012,2012-10-09,"cdround,rdativ,osiic"
1893254217,Pseudoeurycea leprosa,"Pseudoeurycea leprosa (Cope, 1869)",-97.180444,19.528139,80,HUMAN_OBSERVATION,INECOL,9c41cbeb-e8d5-4c25-a3d1-a82972b61391,MX,Veracruz de ignacio de la llave,2012,2012-10-29,"cdround,osiic"
1893254231,Pseudoeurycea leprosa,"Pseudoeurycea leprosa (Cope, 1869)",-97.108639,19.616806,80,HUMAN_OBSERVATION,INECOL,9c41cbeb-e8d5-4c25-a3d1-a82972b61391,MX,Veracruz de ignacio de la llave,2012,2012-10-11,"cdround,rdativ,osiic"
1893254239,Pseudoeurycea leprosa,"Pseudoeurycea leprosa (Cope, 1869)",-97.108639,19.616806,80,HUMAN_OBSERVATION,INECOL,9c41cbeb-e8d5-4c25-a3d1-a82972b61391,MX,Veracruz de ignacio de la llave,2012,2012-10-24,"cdround,osiic"
1893254254,Pseudoeurycea leprosa,"Pseudoeurycea leprosa (Cope, 1869)",-97.108639,19.616806,80,HUMAN_OBSERVATION,INECOL,9c41cbeb-e8d5-4c25-a3d1-a82972b61391,MX,Veracruz de ignacio de la llave,2012,2012-10-23,"cdround,osiic"
1893254259,Pseudoeurycea leprosa,"Pseudoeurycea leprosa (Cope, 1869)",-97.108639,19.616806,80,HUMAN_OBSERVATION,INECOL,9c41cbeb-e8d5-4c25-a3d1-a82972b61391,MX,Veracruz de ignacio de la llave,2012,2012-10-24,"cdround,osiic"
1893254266,Pseudoeurycea leprosa,"Pseudoeurycea leprosa (Cope, 1869)",-97.180444,19.528139,80,HUMAN_OBSERVATION,INECOL,9c41cbeb-e8d5-4c25-a3d1-a82972b61391,MX,Veracruz de ignacio de la llave,2012,2012-10-27,"cdround,osiic"
1893254271,Pseudoeurycea leprosa,"Pseudoeurycea leprosa (Cope, 1869)",-97.108639,19.616806,80,HUMAN_OBSERVATION,INECOL,9c41cbeb-e8d5-4c25-a3d1-a82972b61391,MX,Veracruz de ignacio de la llave,2012,2012-10-10,"cdround,osiic"
1893254273,Pseudoeurycea leprosa,"Pseudoeurycea leprosa (Cope, 1869)",-97.180444,19.528139,80,HUMAN_OBSERVATION,INECOL,9c41cbeb-e8d5-4c25-a3d1-a82972b61391,MX,Veracruz de ignacio de la llave,2012,2012-10-28,"cdround,osiic"
1893254278,Pseudoeurycea leprosa,"Pseudoeurycea leprosa (Cope, 1869)",-97.108639,19.616806,80,HUMAN_OBSERVATION,INECOL,9c41cbeb-e8d5-4c25-a3d1-a82972b61391,MX,Veracruz de ignacio de la llave,2012,2012-10-25,"cdround,osiic"
1893254279,Pseudoeurycea leprosa,"Pseudoeurycea leprosa (Cope, 1869)",-97.108639,19.616806,80,HUMAN_OBSERVATION,INECOL,9c41cbeb-e8d5-4c25-a3d1-a82972b61391,MX,Veracruz de ignacio de la llave,2012,2012-10-09,"cdround,rdativ,osiic"
1893254281,Pseudoeurycea leprosa,"Pseudoeurycea leprosa (Cope, 1869)",-97.108639,19.616806,80,HUMAN_OBSERVATION,INECOL,9c41cbeb-e8d5-4c25-a3d1-a82972b61391,MX,Veracruz de ignacio de la llave,2012,2012-10-10,"cdround,osiic"
1893254282,Pseudoeurycea leprosa,"Pseudoeurycea leprosa (Cope, 1869)",-97.108639,19.616806,80,HUMAN_OBSERVATION,INECOL,9c41cbeb-e8d5-4c25-a3d1-a82972b61391,MX,Veracruz de ignacio de la llave,2012,2012-10-24,"cdround,osiic"
1893254288,Pseudoeurycea leprosa,"Pseudoeurycea leprosa (Cope, 1869)",-97.180444,19.528139,80,HUMAN_OBSERVATION,INECOL,9c41cbeb-e8d5-4c25-a3d1-a82972b61391,MX,Veracruz de ignacio de la llave,2012,2012-10-28,"cdround,osiic"
1893254292,Pseudoeurycea leprosa,"Pseudoeurycea leprosa (Cope, 1869)",-97.180444,19.528139,80,HUMAN_OBSERVATION,INECOL,9c41cbeb-e8d5-4c25-a3d1-a82972b61391,MX,Veracruz de ignacio de la llave,2012,2012-10-27,"cdround,osiic"
1893254296,Pseudoeurycea leprosa,"Pseudoeurycea leprosa (Cope, 1869)",-97.180444,19.528139,80,HUMAN_OBSERVATION,INECOL,9c41cbeb-e8d5-4c25-a3d1-a82972b61391,MX,Veracruz de ignacio de la llave,2012,2012-10-27,"cdround,osiic"
1893254325,Pseudoeurycea leprosa,"Pseudoeurycea leprosa (Cope, 1869)",-97.180444,19.528139,80,HUMAN_OBSERVATION,INECOL,9c41cbeb-e8d5-4c25-a3d1-a82972b61391,MX,Veracruz de ignacio de la llave,2012,2012-10-28,"cdround,osiic"
1893254329,Pseudoeurycea leprosa,"Pseudoeurycea leprosa (Cope, 1869)",-97.108639,19.616806,80,HUMAN_OBSERVATION,INECOL,9c41cbeb-e8d5-4c25-a3d1-a82972b61391,MX,Veracruz de ignacio de la llave,2012,2012-10-25,"cdround,osiic"
1893254332,Pseudoeurycea leprosa,"Pseudoeurycea leprosa (Cope, 1869)",-97.108639,19.616806,80,HUMAN_OBSERVATION,INECOL,9c41cbeb-e8d5-4c25-a3d1-a82972b61391,MX,Veracruz de ignacio de la llave,2012,2012-10-26,"cdround,osiic"
1893254340,Pseudoeurycea leprosa,"Pseudoeurycea leprosa (Cope, 1869)",-97.108639,19.616806,80,HUMAN_OBSERVATION,INECOL,9c41cbeb-e8d5-4c25-a3d1-a82972b61391,MX,Veracruz de ignacio de la llave,2012,2012-10-23,"cdround,osiic"
1893254343,Pseudoeurycea leprosa,"Pseudoeurycea leprosa (Cope, 1869)",-97.108639,19.616806,80,HUMAN_OBSERVATION,INECOL,9c41cbeb-e8d5-4c25-a3d1-a82972b61391,MX,Veracruz de ignacio de la llave,2012,2012-10-25,"cdround,osiic"
1893254140,Pseudoeurycea leprosa,"Pseudoeurycea leprosa (Cope, 1869)",-97.180444,19.528139,80,HUMAN_OBSERVATION,INECOL,9c41cbeb-e8d5-4c25-a3d1-a82972b61391,MX,Veracruz de ignacio de la llave,2012,2012-11-25,"cdround,osiic"
1893254194,Pseudoeurycea leprosa,"Pseudoeurycea leprosa (Cope, 1869)",-97.180444,19.528139,80,HUMAN_OBSERVATION,INECOL,9c41cbeb-e8d5-4c25-a3d1-a82972b61391,MX,Veracruz de ignacio de la llave,2012,2012-11-26,"cdround,osiic"
1893254252,Pseudoeurycea leprosa,"Pseudoeurycea leprosa (Cope, 1869)",-97.180444,19.528139,80,HUMAN_OBSERVATION,INECOL,9c41cbeb-e8d5-4c25-a3d1-a82972b61391,MX,Veracruz de ignacio de la llave,2012,2012-11-25,"cdround,osiic"
1893254333,Pseudoeurycea leprosa,"Pseudoeurycea leprosa (Cope, 1869)",-97.180444,19.528139,80,HUMAN_OBSERVATION,INECOL,9c41cbeb-e8d5-4c25-a3d1-a82972b61391,MX,Veracruz de ignacio de la llave,2012,2012-11-25,"cdround,osiic"
1893254339,Pseudoeurycea leprosa,"Pseudoeurycea leprosa (Cope, 1869)",-97.180444,19.528139,80,HUMAN_OBSERVATION,INECOL,9c41cbeb-e8d5-4c25-a3d1-a82972b61391,MX,Veracruz de ignacio de la llave,2012,2012-11-26,"cdround,osiic"
1893254387,Pseudoeurycea leprosa,"Pseudoeurycea leprosa (Cope, 1869)",-97.180444,19.528139,80,HUMAN_OBSERVATION,INECOL,9c41cbeb-e8d5-4c25-a3d1-a82972b61391,MX,Veracruz de ignacio de la llave,2012,2012-11-26,"cdround,osiic"
1893254090,Pseudoeurycea leprosa,"Pseudoeurycea leprosa (Cope, 1869)",-97.108639,19.616806,80,HUMAN_OBSERVATION,INECOL,9c41cbeb-e8d5-4c25-a3d1-a82972b61391,MX,Veracruz de ignacio de la llave,2012,2012-12-17,"cdround,osiic"
1893254115,Pseudoeurycea leprosa,"Pseudoeurycea leprosa (Cope, 1869)",-97.180444,19.528139,80,HUMAN_OBSERVATION,INECOL,9c41cbeb-e8d5-4c25-a3d1-a82972b61391,MX,Veracruz de ignacio de la llave,2012,2012-12-20,"cdround,osiic"
1893254183,Pseudoeurycea leprosa,"Pseudoeurycea leprosa (Cope, 1869)",-97.180444,19.528139,80,HUMAN_OBSERVATION,INECOL,9c41cbeb-e8d5-4c25-a3d1-a82972b61391,MX,Veracruz de ignacio de la llave,2012,2012-12-19,"cdround,osiic"
1893254210,Pseudoeurycea leprosa,"Pseudoeurycea leprosa (Cope, 1869)",-97.108639,19.616806,80,HUMAN_OBSERVATION,INECOL,9c41cbeb-e8d5-4c25-a3d1-a82972b61391,MX,Veracruz de ignacio de la llave,2012,2012-12-18,"cdround,osiic"
1893254211,Pseudoeurycea leprosa,"Pseudoeurycea leprosa (Cope, 1869)",-97.180444,19.528139,80,HUMAN_OBSERVATION,INECOL,9c41cbeb-e8d5-4c25-a3d1-a82972b61391,MX,Veracruz de ignacio de la llave,2012,2012-12-21,"cdround,osiic"
1893254226,Pseudoeurycea leprosa,"Pseudoeurycea leprosa (Cope, 1869)",-97.108639,19.616806,80,HUMAN_OBSERVATION,INECOL,9c41cbeb-e8d5-4c25-a3d1-a82972b61391,MX,Veracruz de ignacio de la llave,2012,2012-12-06,"cdround,rdativ,osiic"
1893254235,Pseudoeurycea leprosa,"Pseudoeurycea leprosa (Cope, 1869)",-97.108639,19.616806,80,HUMAN_OBSERVATION,INECOL,9c41cbeb-e8d5-4c25-a3d1-a82972b61391,MX,Veracruz de ignacio de la llave,2012,2012-12-18,"cdround,osiic"
1893254236,Pseudoeurycea leprosa,"Pseudoeurycea leprosa (Cope, 1869)",-97.180444,19.528139,80,HUMAN_OBSERVATION,INECOL,9c41cbeb-e8d5-4c25-a3d1-a82972b61391,MX,Veracruz de ignacio de la llave,2012,2012-12-19,"cdround,osiic"
1893254243,Pseudoeurycea leprosa,"Pseudoeurycea leprosa (Cope, 1869)",-97.180444,19.528139,80,HUMAN_OBSERVATION,INECOL,9c41cbeb-e8d5-4c25-a3d1-a82972b61391,MX,Veracruz de ignacio de la llave,2012,2012-12-20,"cdround,osiic"
1893254244,Pseudoeurycea leprosa,"Pseudoeurycea leprosa (Cope, 1869)",-97.108639,19.616806,80,HUMAN_OBSERVATION,INECOL,9c41cbeb-e8d5-4c25-a3d1-a82972b61391,MX,Veracruz de ignacio de la llave,2012,2012-12-17,"cdround,osiic"
1893254258,Pseudoeurycea leprosa,"Pseudoeurycea leprosa (Cope, 1869)",-97.108639,19.616806,80,HUMAN_OBSERVATION,INECOL,9c41cbeb-e8d5-4c25-a3d1-a82972b61391,MX,Veracruz de ignacio de la llave,2012,2012-12-17,"cdround,osiic"
1893254260,Pseudoeurycea leprosa,"Pseudoeurycea leprosa (Cope, 1869)",-97.108639,19.616806,80,HUMAN_OBSERVATION,INECOL,9c41cbeb-e8d5-4c25-a3d1-a82972b61391,MX,Veracruz de ignacio de la llave,2012,2012-12-05,"cdround,rdativ,osiic"
1893254285,Pseudoeurycea leprosa,"Pseudoeurycea leprosa (Cope, 1869)",-97.108639,19.616806,80,HUMAN_OBSERVATION,INECOL,9c41cbeb-e8d5-4c25-a3d1-a82972b61391,MX,Veracruz de ignacio de la llave,2012,2012-12-06,"cdround,rdativ,osiic"
1893254299,Pseudoeurycea leprosa,"Pseudoeurycea leprosa (Cope, 1869)",-97.108639,19.616806,80,HUMAN_OBSERVATION,INECOL,9c41cbeb-e8d5-4c25-a3d1-a82972b61391,MX,Veracruz de ignacio de la llave,2012,2012-12-06,"cdround,rdativ,osiic"
1893254311,Pseudoeurycea leprosa,"Pseudoeurycea leprosa (Cope, 1869)",-97.180444,19.528139,80,HUMAN_OBSERVATION,INECOL,9c41cbeb-e8d5-4c25-a3d1-a82972b61391,MX,Veracruz de ignacio de la llave,2012,2012-12-19,"cdround,osiic"
1893254313,Pseudoeurycea leprosa,"Pseudoeurycea leprosa (Cope, 1869)",-97.108639,19.616806,80,HUMAN_OBSERVATION,INECOL,9c41cbeb-e8d5-4c25-a3d1-a82972b61391,MX,Veracruz de ignacio de la llave,2012,2012-12-18,"cdround,osiic"
1893254355,Pseudoeurycea leprosa,"Pseudoeurycea leprosa (Cope, 1869)",-97.180444,19.528139,80,HUMAN_OBSERVATION,INECOL,9c41cbeb-e8d5-4c25-a3d1-a82972b61391,MX,Veracruz de ignacio de la llave,2012,2012-12-20,"cdround,osiic"
1893254364,Pseudoeurycea leprosa,"Pseudoeurycea leprosa (Cope, 1869)",-97.108639,19.616806,80,HUMAN_OBSERVATION,INECOL,9c41cbeb-e8d5-4c25-a3d1-a82972b61391,MX,Veracruz de ignacio de la llave,2012,2012-12-05,"cdround,rdativ,osiic"
1893254368,Pseudoeurycea leprosa,"Pseudoeurycea leprosa (Cope, 1869)",-97.108639,19.616806,80,HUMAN_OBSERVATION,INECOL,9c41cbeb-e8d5-4c25-a3d1-a82972b61391,MX,Veracruz de ignacio de la llave,2012,2012-12-05,"cdround,rdativ,osiic"
1893254200,Pseudoeurycea leprosa,"Pseudoeurycea leprosa (Cope, 1869)",-97.088258,19.584039,80,HUMAN_OBSERVATION,INECOL,9c41cbeb-e8d5-4c25-a3d1-a82972b61391,MX,Veracruz de ignacio de la llave,2011,2011-06-04,"cdround,rdativ,osiic"
1893254267,Pseudoeurycea leprosa,"Pseudoeurycea leprosa (Cope, 1869)",-97.088258,19.584039,80,HUMAN_OBSERVATION,INECOL,9c41cbeb-e8d5-4c25-a3d1-a82972b61391,MX,Veracruz de ignacio de la llave,2011,2011-06-04,"cdround,rdativ,osiic"
1893254269,Pseudoeurycea leprosa,"Pseudoeurycea leprosa (Cope, 1869)",-97.088258,19.584039,80,HUMAN_OBSERVATION,INECOL,9c41cbeb-e8d5-4c25-a3d1-a82972b61391,MX,Veracruz de ignacio de la llave,2011,2011-06-04,"cdround,rdativ,osiic"
1893254274,Pseudoeurycea leprosa,"Pseudoeurycea leprosa (Cope, 1869)",-97.088258,19.584039,80,HUMAN_OBSERVATION,INECOL,9c41cbeb-e8d5-4c25-a3d1-a82972b61391,MX,Veracruz de ignacio de la llave,2011,2011-06-04,"cdround,rdativ,osiic"
1893254287,Pseudoeurycea leprosa,"Pseudoeurycea leprosa (Cope, 1869)",-97.097219,19.564131,80,HUMAN_OBSERVATION,INECOL,9c41cbeb-e8d5-4c25-a3d1-a82972b61391,MX,Veracruz de ignacio de la llave,2011,2011-06-04,"cdround,rdativ,osiic"
1893254293,Pseudoeurycea leprosa,"Pseudoeurycea leprosa (Cope, 1869)",-97.088258,19.584039,80,HUMAN_OBSERVATION,INECOL,9c41cbeb-e8d5-4c25-a3d1-a82972b61391,MX,Veracruz de ignacio de la llave,2011,2011-06-04,"cdround,rdativ,osiic"
1893254294,Pseudoeurycea leprosa,"Pseudoeurycea leprosa (Cope, 1869)",-97.088258,19.584039,80,HUMAN_OBSERVATION,INECOL,9c41cbeb-e8d5-4c25-a3d1-a82972b61391,MX,Veracruz de ignacio de la llave,2011,2011-06-04,"cdround,rdativ,osiic"
1893254321,Pseudoeurycea leprosa,"Pseudoeurycea leprosa (Cope, 1869)",-97.097219,19.564131,80,HUMAN_OBSERVATION,INECOL,9c41cbeb-e8d5-4c25-a3d1-a82972b61391,MX,Veracruz de ignacio de la llave,2011,2011-06-04,"cdround,rdativ,osiic"
1893254344,Pseudoeurycea leprosa,"Pseudoeurycea leprosa (Cope, 1869)",-97.097219,19.564131,80,HUMAN_OBSERVATION,INECOL,9c41cbeb-e8d5-4c25-a3d1-a82972b61391,MX,Veracruz de ignacio de la llave,2011,2011-06-04,"cdround,rdativ,osiic"
3067977816,Pseudoeurycea leprosa,"Pseudoeurycea leprosa (Cope, 1869)",-97.995822,19.246465,2500,HUMAN_OBSERVATION,iNaturalist,50c9509d-22c7-4a22-a47d-8c48425ef4a7,MX,Tlaxcala,2011,2011-06-28T14:08Z,"cdc,cdround"
3067980569,Pseudoeurycea leprosa,"Pseudoeurycea leprosa (Cope, 1869)",-97.995822,19.246465,2500,HUMAN_OBSERVATION,iNaturalist,50c9509d-22c7-4a22-a47d-8c48425ef4a7,MX,Tlaxcala,2011,2011-06-28T16:10Z,"cdc,cdround"
3067984563,Pseudoeurycea leprosa,"Pseudoeurycea leprosa (Cope, 1869)",-97.995822,19.246465,2500,HUMAN_OBSERVATION,iNaturalist,50c9509d-22c7-4a22-a47d-8c48425ef4a7,MX,Tlaxcala,2011,2011-06-28T14:17Z,"cdc,cdround"
1893254167,Pseudoeurycea leprosa,"Pseudoeurycea leprosa (Cope, 1869)",-97.108639,19.616806,80,HUMAN_OBSERVATION,INECOL,9c41cbeb-e8d5-4c25-a3d1-a82972b61391,MX,Veracruz de ignacio de la llave,2011,2011-07-08,"cdround,rdativ,osiic"
1893254180,Pseudoeurycea leprosa,"Pseudoeurycea leprosa (Cope, 1869)",-97.116719,19.506519,80,HUMAN_OBSERVATION,INECOL,9c41cbeb-e8d5-4c25-a3d1-a82972b61391,MX,Veracruz de ignacio de la llave,2011,2011-07-13,"cdround,osiic"
1893254249,Pseudoeurycea leprosa,"Pseudoeurycea leprosa (Cope, 1869)",-97.108639,19.616806,80,HUMAN_OBSERVATION,INECOL,9c41cbeb-e8d5-4c25-a3d1-a82972b61391,MX,Veracruz de ignacio de la llave,2011,2011-07-08,"cdround,rdativ,osiic"
1893254262,Pseudoeurycea leprosa,"Pseudoeurycea leprosa (Cope, 1869)",-97.108639,19.616806,80,HUMAN_OBSERVATION,INECOL,9c41cbeb-e8d5-4c25-a3d1-a82972b61391,MX,Veracruz de ignacio de la llave,2011,2011-07-08,"cdround,rdativ,osiic"
1893254264,Pseudoeurycea leprosa,"Pseudoeurycea leprosa (Cope, 1869)",-97.180444,19.528139,80,HUMAN_OBSERVATION,INECOL,9c41cbeb-e8d5-4c25-a3d1-a82972b61391,MX,Veracruz de ignacio de la llave,2011,2011-07-13,"cdround,osiic"
1893254268,Pseudoeurycea leprosa,"Pseudoeurycea leprosa (Cope, 1869)",-97.180444,19.528139,80,HUMAN_OBSERVATION,INECOL,9c41cbeb-e8d5-4c25-a3d1-a82972b61391,MX,Veracruz de ignacio de la llave,2011,2011-07-12,"cdround,rdativ,osiic"
1893254283,Pseudoeurycea leprosa,"Pseudoeurycea leprosa (Cope, 1869)",-97.1344,19.605217,80,HUMAN_OBSERVATION,INECOL,9c41cbeb-e8d5-4c25-a3d1-a82972b61391,MX,Veracruz de ignacio de la llave,2011,2011-07-07,"cdround,osiic"
1893254284,Pseudoeurycea leprosa,"Pseudoeurycea leprosa (Cope, 1869)",-97.116719,19.506519,80,HUMAN_OBSERVATION,INECOL,9c41cbeb-e8d5-4c25-a3d1-a82972b61391,MX,Veracruz de ignacio de la llave,2011,2011-07-13,"cdround,osiic"
1893254302,Pseudoeurycea leprosa,"Pseudoeurycea leprosa (Cope, 1869)",-97.1344,19.605217,80,HUMAN_OBSERVATION,INECOL,9c41cbeb-e8d5-4c25-a3d1-a82972b61391,MX,Veracruz de ignacio de la llave,2011,2011-07-07,"cdround,osiic"
1893254303,Pseudoeurycea leprosa,"Pseudoeurycea leprosa (Cope, 1869)",-97.180444,19.528139,80,HUMAN_OBSERVATION,INECOL,9c41cbeb-e8d5-4c25-a3d1-a82972b61391,MX,Veracruz de ignacio de la llave,2011,2011-07-12,"cdround,rdativ,osiic"
1893254307,Pseudoeurycea leprosa,"Pseudoeurycea leprosa (Cope, 1869)",-97.1344,19.605217,80,HUMAN_OBSERVATION,INECOL,9c41cbeb-e8d5-4c25-a3d1-a82972b61391,MX,Veracruz de ignacio de la llave,2011,2011-07-07,"cdround,osiic"
1893254318,Pseudoeurycea leprosa,"Pseudoeurycea leprosa (Cope, 1869)",-97.1344,19.605217,80,HUMAN_OBSERVATION,INECOL,9c41cbeb-e8d5-4c25-a3d1-a82972b61391,MX,Veracruz de ignacio de la llave,2011,2011-07-07,"cdround,osiic"
1893254334,Pseudoeurycea leprosa,"Pseudoeurycea leprosa (Cope, 1869)",-97.1344,19.605217,80,HUMAN_OBSERVATION,INECOL,9c41cbeb-e8d5-4c25-a3d1-a82972b61391,MX,Veracruz de ignacio de la llave,2011,2011-07-07,"cdround,osiic"
1893254341,Pseudoeurycea leprosa,"Pseudoeurycea leprosa (Cope, 1869)",-97.180444,19.528139,80,HUMAN_OBSERVATION,INECOL,9c41cbeb-e8d5-4c25-a3d1-a82972b61391,MX,Veracruz de ignacio de la llave,2011,2011-07-12,"cdround,rdativ,osiic"
1893254395,Pseudoeurycea leprosa,"Pseudoeurycea leprosa (Cope, 1869)",-97.108639,19.616806,80,HUMAN_OBSERVATION,INECOL,9c41cbeb-e8d5-4c25-a3d1-a82972b61391,MX,Veracruz de ignacio de la llave,2011,2011-07-08,"cdround,rdativ,osiic"
1893254420,Pseudoeurycea leprosa,"Pseudoeurycea leprosa (Cope, 1869)",-97.180444,19.528139,80,HUMAN_OBSERVATION,INECOL,9c41cbeb-e8d5-4c25-a3d1-a82972b61391,MX,Veracruz de ignacio de la llave,2011,2011-07-13,"cdround,osiic"
1893254205,Pseudoeurycea leprosa,"Pseudoeurycea leprosa (Cope, 1869)",-97.108639,19.616806,80,HUMAN_OBSERVATION,INECOL,9c41cbeb-e8d5-4c25-a3d1-a82972b61391,MX,Veracruz de ignacio de la llave,2011,2011-08-07,"cdround,rdativ,osiic"
1893254247,Pseudoeurycea leprosa,"Pseudoeurycea leprosa (Cope, 1869)",-97.108639,19.616806,80,HUMAN_OBSERVATION,INECOL,9c41cbeb-e8d5-4c25-a3d1-a82972b61391,MX,Veracruz de ignacio de la llave,2011,2011-08-07,"cdround,rdativ,osiic"
1893254371,Pseudoeurycea leprosa,"Pseudoeurycea leprosa (Cope, 1869)",-97.108639,19.616806,80,HUMAN_OBSERVATION,INECOL,9c41cbeb-e8d5-4c25-a3d1-a82972b61391,MX,Veracruz de ignacio de la llave,2011,2011-08-07,"cdround,rdativ,osiic"
1893254424,Pseudoeurycea leprosa,"Pseudoeurycea leprosa (Cope, 1869)",-97.108639,19.616806,80,HUMAN_OBSERVATION,INECOL,9c41cbeb-e8d5-4c25-a3d1-a82972b61391,MX,Veracruz de ignacio de la llave,2011,2011-08-07,"cdround,rdativ,osiic"
5198454336,Pseudoeurycea leprosa,"Pseudoeurycea leprosa (Cope, 1869)",-98.712846,19.250557,30580,HUMAN_OBSERVATION,iNaturalist,50c9509d-22c7-4a22-a47d-8c48425ef4a7,MX,México,2010,2010-02-18T16:32,"cdc,cdround"
5199082326,Pseudoeurycea leprosa,"Pseudoeurycea leprosa (Cope, 1869)",-98.717039,19.358338,30580,HUMAN_OBSERVATION,iNaturalist,50c9509d-22c7-4a22-a47d-8c48425ef4a7,MX,México,2010,2010-03-02T11:45,"cdc,cdround"
3109153929,Pseudoeurycea leprosa,"Pseudoeurycea leprosa (Cope, 1869)",-97.997552,19.245981,5000,HUMAN_OBSERVATION,iNaturalist,50c9509d-22c7-4a22-a47d-8c48425ef4a7,MX,Tlaxcala,2010,2010-05-23T13:01Z,"cdc,cdround"
3109155957,Pseudoeurycea leprosa,"Pseudoeurycea leprosa (Cope, 1869)",-97.997552,19.245981,5000,HUMAN_OBSERVATION,iNaturalist,50c9509d-22c7-4a22-a47d-8c48425ef4a7,MX,Tlaxcala,2010,2010-05-23T13:26Z,"cdc,cdround"
3109164939,Pseudoeurycea leprosa,"Pseudoeurycea leprosa (Cope, 1869)",-97.997552,19.245981,5000,HUMAN_OBSERVATION,iNaturalist,50c9509d-22c7-4a22-a47d-8c48425ef4a7,MX,Tlaxcala,2010,2010-05-23T13:00Z,"cdc,cdround"
3068037433,Pseudoeurycea leprosa,"Pseudoeurycea leprosa (Cope, 1869)",-97.995525,19.241054,103,HUMAN_OBSERVATION,iNaturalist,50c9509d-22c7-4a22-a47d-8c48425ef4a7,MX,Tlaxcala,2010,2010-06-19T16:41Z,"cdc,cdround"
4900882817,Pseudoeurycea leprosa,"Pseudoeurycea leprosa (Cope, 1869)",-98.65673,19.372889,199,HUMAN_OBSERVATION,iNaturalist,50c9509d-22c7-4a22-a47d-8c48425ef4a7,MX,México,2010,2010-08-17T14:30,"cdc,cdround"
4901346534,Pseudoeurycea leprosa,"Pseudoeurycea leprosa (Cope, 1869)",-98.686745,19.073647,46,HUMAN_OBSERVATION,iNaturalist,50c9509d-22c7-4a22-a47d-8c48425ef4a7,MX,México,2010,2010-08-17T14:30,"cdc,cdround"
4904332968,Pseudoeurycea leprosa,"Pseudoeurycea leprosa (Cope, 1869)",-99.310577,19.053126,182,HUMAN_OBSERVATION,iNaturalist,50c9509d-22c7-4a22-a47d-8c48425ef4a7,MX,Morelos,2010,2010-08-22,"cdc,cdround"
5006946636,Pseudoeurycea leprosa,"Pseudoeurycea leprosa (Cope, 1869)",-98.656,19.37324,155,HUMAN_OBSERVATION,iNaturalist,50c9509d-22c7-4a22-a47d-8c48425ef4a7,MX,México,2010,2010-08-16T14:44,cdc
2980874115,Pseudoeurycea leprosa,"Pseudoeurycea leprosa (Cope, 1869)",-97.09495,19.59247,1291,HUMAN_OBSERVATION,iNaturalist,50c9509d-22c7-4a22-a47d-8c48425ef4a7,MX,Veracruz,2010,2010-11-20T16:00,cdc
1024178073,Pseudoeurycea leprosa,"Pseudoeurycea leprosa (Cope, 1869)",-99.376427,19.37471,30580,HUMAN_OBSERVATION,iNaturalist,50c9509d-22c7-4a22-a47d-8c48425ef4a7,MX,Distrito Federal,2009,2009-01-11,"cdc,cdround"
3068025519,Pseudoeurycea leprosa,"Pseudoeurycea leprosa (Cope, 1869)",-99.267873,19.255088,3500,HUMAN_OBSERVATION,iNaturalist,50c9509d-22c7-4a22-a47d-8c48425ef4a7,MX,Distrito Federal,2009,2009-06-04T11:20Z,"cdc,cdround"
3399209850,Pseudoeurycea leprosa,"Pseudoeurycea leprosa (Cope, 1869)",-99.319488,19.734738,4470,HUMAN_OBSERVATION,iNaturalist,50c9509d-22c7-4a22-a47d-8c48425ef4a7,MX,México,2007,2007-07-05T12:01Z,"cdc,cdround"
2850960496,Pseudoeurycea leprosa,"Pseudoeurycea leprosa (Cope, 1869)",-97.214089,18.982484,122,HUMAN_OBSERVATION,iNaturalist,50c9509d-22c7-4a22-a47d-8c48425ef4a7,MX,Veracruz,2007,2007-08-09T09:59,"cdc,cdround"
2850981487,Pseudoeurycea leprosa,"Pseudoeurycea leprosa (Cope, 1869)",-97.215967,18.981674,977,HUMAN_OBSERVATION,iNaturalist,50c9509d-22c7-4a22-a47d-8c48425ef4a7,MX,Veracruz,2007,2007-08-09T09:59,"cdc,cdround"
3399205869,Pseudoeurycea leprosa,"Pseudoeurycea leprosa (Cope, 1869)",-99.319488,19.734738,4470,HUMAN_OBSERVATION,iNaturalist,50c9509d-22c7-4a22-a47d-8c48425ef4a7,MX,México,2007,2007-08-17T12:46Z,"cdc,cdround"
4426849157,Pseudoeurycea leprosa,"Pseudoeurycea leprosa (Cope, 1869)",-99.2856,19.2209,1000,MATERIAL_CITATION,NA,78e2c7a4-4ee4-40bf-8401-e45be3c004ba,MX,NA,2007,2007-01/2007-08,
4426849158,Pseudoeurycea leprosa,"Pseudoeurycea leprosa (Cope, 1869)",-99.2856,19.2209,1000,MATERIAL_CITATION,NA,78e2c7a4-4ee4-40bf-8401-e45be3c004ba,MX,NA,2007,2007-01/2007-08,
4426849160,Pseudoeurycea leprosa,"Pseudoeurycea leprosa (Cope, 1869)",-99.2856,19.2209,1000,MATERIAL_CITATION,NA,78e2c7a4-4ee4-40bf-8401-e45be3c004ba,MX,NA,2007,2007-01/2007-08,
4426849162,Pseudoeurycea leprosa,"Pseudoeurycea leprosa (Cope, 1869)",-99.2856,19.2209,1000,MATERIAL_CITATION,NA,78e2c7a4-4ee4-40bf-8401-e45be3c004ba,MX,NA,2007,2007-01/2007-08,
2629187442,Pseudoeurycea leprosa,"Pseudoeurycea leprosa (Cope, 1869)",-97.517111,19.725778,NA,PRESERVED_SPECIMEN,FC-UNAM,5719db5a-b15f-4dad-9a11-6cde70b5ed0e,MX,Puebla,2006,2006-02-20,"cdc,cdround,elmms,osiic,ambinst"
2629189101,Pseudoeurycea leprosa,"Pseudoeurycea leprosa (Cope, 1869)",-99.318111,19.254444,NA,PRESERVED_SPECIMEN,FC-UNAM,5719db5a-b15f-4dad-9a11-6cde70b5ed0e,MX,Distrito federal,2006,2006-02-02,"cdc,cdround,elmms,osiic,ambinst"
2629190547,Pseudoeurycea leprosa,"Pseudoeurycea leprosa (Cope, 1869)",-99.318111,19.254444,NA,PRESERVED_SPECIMEN,FC-UNAM,5719db5a-b15f-4dad-9a11-6cde70b5ed0e,MX,Distrito federal,2006,2006-02-02,"cdc,cdround,elmms,osiic,ambinst"
3306274412,Pseudoeurycea leprosa,"Pseudoeurycea leprosa (Cope, 1869)",-97.517111,19.725778,NA,PRESERVED_SPECIMEN,MZFC-FC-UNAM,749dd468-22d4-4379-893d-352606a6f2d7,MX,Puebla,2006,2006-02-20,"cdround,osiic"
3306274871,Pseudoeurycea leprosa,"Pseudoeurycea leprosa (Cope, 1869)",-99.318111,19.254444,NA,PRESERVED_SPECIMEN,MZFC-FC-UNAM,749dd468-22d4-4379-893d-352606a6f2d7,MX,Ciudad de mexico,2006,2006-02-02,"cdround,osiic"
3306276423,Pseudoeurycea leprosa,"Pseudoeurycea leprosa (Cope, 1869)",-99.318111,19.254444,NA,PRESERVED_SPECIMEN,MZFC-FC-UNAM,749dd468-22d4-4379-893d-352606a6f2d7,MX,Ciudad de mexico,2006,2006-02-02,"cdround,osiic"
2629190198,Pseudoeurycea leprosa,"Pseudoeurycea leprosa (Cope, 1869)",-99.292906,19.266857,NA,PRESERVED_SPECIMEN,FC-UNAM,5719db5a-b15f-4dad-9a11-6cde70b5ed0e,MX,Distrito federal,2006,2006-05-05,"cdc,cdround,elmms,osiic,ambinst"
2629190428,Pseudoeurycea leprosa,"Pseudoeurycea leprosa (Cope, 1869)",-99.292906,19.266857,NA,PRESERVED_SPECIMEN,FC-UNAM,5719db5a-b15f-4dad-9a11-6cde70b5ed0e,MX,Distrito federal,2006,2006-05-05,"cdc,cdround,elmms,osiic,ambinst"
2629191038,Pseudoeurycea leprosa,"Pseudoeurycea leprosa (Cope, 1869)",-99.292906,19.266857,NA,PRESERVED_SPECIMEN,FC-UNAM,5719db5a-b15f-4dad-9a11-6cde70b5ed0e,MX,Distrito federal,2006,2006-05-05,"cdc,cdround,elmms,osiic,ambinst"
3306273592,Pseudoeurycea leprosa,"Pseudoeurycea leprosa (Cope, 1869)",-99.292906,19.266857,NA,PRESERVED_SPECIMEN,MZFC-FC-UNAM,749dd468-22d4-4379-893d-352606a6f2d7,MX,Ciudad de mexico,2006,2006-05-05,"cdround,osiic"
3306273601,Pseudoeurycea leprosa,"Pseudoeurycea leprosa (Cope, 1869)",-99.292906,19.266857,NA,PRESERVED_SPECIMEN,MZFC-FC-UNAM,749dd468-22d4-4379-893d-352606a6f2d7,MX,Ciudad de mexico,2006,2006-05-05,"cdround,osiic"
3306277194,Pseudoeurycea leprosa,"Pseudoeurycea leprosa (Cope, 1869)",-99.292906,19.266857,NA,PRESERVED_SPECIMEN,MZFC-FC-UNAM,749dd468-22d4-4379-893d-352606a6f2d7,MX,Ciudad de mexico,2006,2006-05-05,"cdround,osiic"
2629188205,Pseudoeurycea leprosa,"Pseudoeurycea leprosa (Cope, 1869)",-97.515055,19.720972,NA,PRESERVED_SPECIMEN,FC-UNAM,5719db5a-b15f-4dad-9a11-6cde70b5ed0e,MX,Puebla,2005,2005-03-07,"cdc,cdround,elmms,osiic,ambinst"
2629188942,Pseudoeurycea leprosa,"Pseudoeurycea leprosa (Cope, 1869)",-97.515055,19.720972,NA,PRESERVED_SPECIMEN,FC-UNAM,5719db5a-b15f-4dad-9a11-6cde70b5ed0e,MX,Puebla,2005,2005-03-07,"cdc,cdround,elmms,osiic,ambinst"
2629189373,Pseudoeurycea leprosa,"Pseudoeurycea leprosa (Cope, 1869)",-97.515055,19.720972,NA,PRESERVED_SPECIMEN,FC-UNAM,5719db5a-b15f-4dad-9a11-6cde70b5ed0e,MX,Puebla,2005,2005-03-07,"cdc,cdround,elmms,osiic,ambinst"
3306274591,Pseudoeurycea leprosa,"Pseudoeurycea leprosa (Cope, 1869)",-97.515055,19.720972,NA,PRESERVED_SPECIMEN,MZFC-FC-UNAM,749dd468-22d4-4379-893d-352606a6f2d7,MX,Puebla,2005,2005-03-07,"cdround,rdativ,osiic"
3306274836,Pseudoeurycea leprosa,"Pseudoeurycea leprosa (Cope, 1869)",-97.515055,19.720972,NA,PRESERVED_SPECIMEN,MZFC-FC-UNAM,749dd468-22d4-4379-893d-352606a6f2d7,MX,Puebla,2005,2005-03-07,"cdround,rdativ,osiic"
3306276695,Pseudoeurycea leprosa,"Pseudoeurycea leprosa (Cope, 1869)",-97.515055,19.720972,NA,PRESERVED_SPECIMEN,MZFC-FC-UNAM,749dd468-22d4-4379-893d-352606a6f2d7,MX,Puebla,2005,2005-03-07,"cdround,rdativ,osiic"
4168792454,Pseudoeurycea leprosa,"Pseudoeurycea leprosa (Cope, 1869)",-97.515055,19.720972,80,PRESERVED_SPECIMEN,MZFC-FC-UNAM,a72ac6ef-6f55-4b17-a1d1-b213d5bb8977,MX,Puebla,2005,2005-03-07,"cdround,rdativ,osiic"
1894460404,Pseudoeurycea leprosa,"Pseudoeurycea leprosa (Cope, 1869)",-100.251556,19.383833,90,HUMAN_OBSERVATION,NA,8032ee3a-f762-11e1-a439-00145eb45e9a,MX,Mexico,2005,2005-05-30,"cdround,osiic"
1894460408,Pseudoeurycea leprosa,"Pseudoeurycea leprosa (Cope, 1869)",-100.224333,19.379972,90,HUMAN_OBSERVATION,NA,8032ee3a-f762-11e1-a439-00145eb45e9a,MX,Mexico,2005,2005-05-29,"cdround,osiic"
1894460411,Pseudoeurycea leprosa,"Pseudoeurycea leprosa (Cope, 1869)",-100.251333,19.38375,90,HUMAN_OBSERVATION,NA,8032ee3a-f762-11e1-a439-00145eb45e9a,MX,Mexico,2005,2005-05-30,"cdround,osiic"
1894460415,Pseudoeurycea leprosa,"Pseudoeurycea leprosa (Cope, 1869)",-100.223667,19.37425,90,HUMAN_OBSERVATION,NA,8032ee3a-f762-11e1-a439-00145eb45e9a,MX,Mexico,2005,2005-05-28,"cdround,osiic"
1894460442,Pseudoeurycea leprosa,"Pseudoeurycea leprosa (Cope, 1869)",-100.256972,19.379194,90,HUMAN_OBSERVATION,NA,8032ee3a-f762-11e1-a439-00145eb45e9a,MX,Mexico,2005,2005-05-30,"cdround,osiic"
1894460445,Pseudoeurycea leprosa,"Pseudoeurycea leprosa (Cope, 1869)",-100.255778,19.398667,90,HUMAN_OBSERVATION,NA,8032ee3a-f762-11e1-a439-00145eb45e9a,MX,Mexico,2005,2005-05-30,"cdround,osiic"
1894460447,Pseudoeurycea leprosa,"Pseudoeurycea leprosa (Cope, 1869)",-100.255611,19.380194,90,HUMAN_OBSERVATION,NA,8032ee3a-f762-11e1-a439-00145eb45e9a,MX,Mexico,2005,2005-05-30,"cdround,osiic"
1894460466,Pseudoeurycea leprosa,"Pseudoeurycea leprosa (Cope, 1869)",-100.215444,19.399944,90,HUMAN_OBSERVATION,NA,8032ee3a-f762-11e1-a439-00145eb45e9a,MX,Mexico,2005,2005-05-31,"cdround,osiic"
1894460467,Pseudoeurycea leprosa,"Pseudoeurycea leprosa (Cope, 1869)",-100.224111,19.379861,90,HUMAN_OBSERVATION,NA,8032ee3a-f762-11e1-a439-00145eb45e9a,MX,Mexico,2005,2005-05-29,"cdround,osiic"
1894460469,Pseudoeurycea leprosa,"Pseudoeurycea leprosa (Cope, 1869)",-100.251556,19.383833,90,HUMAN_OBSERVATION,NA,8032ee3a-f762-11e1-a439-00145eb45e9a,MX,Mexico,2005,2005-05-30,"cdround,osiic"
1894460472,Pseudoeurycea leprosa,"Pseudoeurycea leprosa (Cope, 1869)",-100.255972,19.380361,90,HUMAN_OBSERVATION,NA,8032ee3a-f762-11e1-a439-00145eb45e9a,MX,Mexico,2005,2005-05-30,"cdround,osiic"
1894460486,Pseudoeurycea leprosa,"Pseudoeurycea leprosa (Cope, 1869)",-100.223639,19.380361,90,HUMAN_OBSERVATION,NA,8032ee3a-f762-11e1-a439-00145eb45e9a,MX,Mexico,2005,2005-05-29,"cdround,osiic"
1894460488,Pseudoeurycea leprosa,"Pseudoeurycea leprosa (Cope, 1869)",-100.250694,19.384028,90,HUMAN_OBSERVATION,NA,8032ee3a-f762-11e1-a439-00145eb45e9a,MX,Mexico,2005,2005-05-30,"cdround,osiic"
1894460497,Pseudoeurycea leprosa,"Pseudoeurycea leprosa (Cope, 1869)",-100.224306,19.380056,90,HUMAN_OBSERVATION,NA,8032ee3a-f762-11e1-a439-00145eb45e9a,MX,Mexico,2005,2005-05-29,"cdround,osiic"
1894460501,Pseudoeurycea leprosa,"Pseudoeurycea leprosa (Cope, 1869)",-100.256167,19.379194,90,HUMAN_OBSERVATION,NA,8032ee3a-f762-11e1-a439-00145eb45e9a,MX,Mexico,2005,2005-05-30,"cdround,osiic"
1894460505,Pseudoeurycea leprosa,"Pseudoeurycea leprosa (Cope, 1869)",-100.282778,19.393611,90,HUMAN_OBSERVATION,NA,8032ee3a-f762-11e1-a439-00145eb45e9a,MX,Michoacan de ocampo,2005,2005-05-27,"cdround,osiic"
1894460506,Pseudoeurycea leprosa,"Pseudoeurycea leprosa (Cope, 1869)",-100.223139,19.379806,90,HUMAN_OBSERVATION,NA,8032ee3a-f762-11e1-a439-00145eb45e9a,MX,Mexico,2005,2005-05-29,"cdround,osiic"
1894460507,Pseudoeurycea leprosa,"Pseudoeurycea leprosa (Cope, 1869)",-100.250694,19.384028,90,HUMAN_OBSERVATION,NA,8032ee3a-f762-11e1-a439-00145eb45e9a,MX,Mexico,2005,2005-05-30,"cdround,osiic"
2629188544,Pseudoeurycea leprosa,"Pseudoeurycea leprosa (Cope, 1869)",-97.475361,19.7125,NA,PRESERVED_SPECIMEN,FC-UNAM,5719db5a-b15f-4dad-9a11-6cde70b5ed0e,MX,Puebla,2005,2005-06-27,"cdc,cdround,elmms,osiic,ambinst"
2629189214,Pseudoeurycea leprosa,"Pseudoeurycea leprosa (Cope, 1869)",-97.478778,19.71325,NA,PRESERVED_SPECIMEN,FC-UNAM,5719db5a-b15f-4dad-9a11-6cde70b5ed0e,MX,Puebla,2005,2005-06-27,"cdc,cdround,elmms,osiic,ambinst"
3306273433,Pseudoeurycea leprosa,"Pseudoeurycea leprosa (Cope, 1869)",-97.478778,19.71325,NA,PRESERVED_SPECIMEN,MZFC-FC-UNAM,749dd468-22d4-4379-893d-352606a6f2d7,MX,Puebla,2005,2005-06-27,"cdround,osiic"
3306273935,Pseudoeurycea leprosa,"Pseudoeurycea leprosa (Cope, 1869)",-97.475361,19.7125,NA,PRESERVED_SPECIMEN,MZFC-FC-UNAM,749dd468-22d4-4379-893d-352606a6f2d7,MX,Puebla,2005,2005-06-27,"cdround,osiic"
4168796378,Pseudoeurycea leprosa,"Pseudoeurycea leprosa (Cope, 1869)",-97.477639,19.713611,80,PRESERVED_SPECIMEN,MZFC-FC-UNAM,a72ac6ef-6f55-4b17-a1d1-b213d5bb8977,MX,Puebla,2005,2005-06-27,"cdround,osiic"
1894460402,Pseudoeurycea leprosa,"Pseudoeurycea leprosa (Cope, 1869)",-100.240389,19.364667,90,HUMAN_OBSERVATION,NA,8032ee3a-f762-11e1-a439-00145eb45e9a,MX,Mexico,2005,2005-07-02,"cdround,rdativ,osiic"
1894460418,Pseudoeurycea leprosa,"Pseudoeurycea leprosa (Cope, 1869)",-100.232556,19.400639,90,HUMAN_OBSERVATION,NA,8032ee3a-f762-11e1-a439-00145eb45e9a,MX,Mexico,2005,2005-07-02,"cdround,rdativ,osiic"
1894460424,Pseudoeurycea leprosa,"Pseudoeurycea leprosa (Cope, 1869)",-100.223972,19.380694,90,HUMAN_OBSERVATION,NA,8032ee3a-f762-11e1-a439-00145eb45e9a,MX,Mexico,2005,2005-07-04,"cdround,rdativ,osiic"
1894460428,Pseudoeurycea leprosa,"Pseudoeurycea leprosa (Cope, 1869)",-100.231389,19.365944,90,HUMAN_OBSERVATION,NA,8032ee3a-f762-11e1-a439-00145eb45e9a,MX,Mexico,2005,2005-07-04,"cdround,rdativ,osiic"
1894460435,Pseudoeurycea leprosa,"Pseudoeurycea leprosa (Cope, 1869)",-100.230694,19.397389,90,HUMAN_OBSERVATION,NA,8032ee3a-f762-11e1-a439-00145eb45e9a,MX,Mexico,2005,2005-07-02,"cdround,rdativ,osiic"
1894460436,Pseudoeurycea leprosa,"Pseudoeurycea leprosa (Cope, 1869)",-100.250006,19.384222,90,HUMAN_OBSERVATION,NA,8032ee3a-f762-11e1-a439-00145eb45e9a,MX,Mexico,2005,2005-07-03,"cdround,rdativ,osiic"
1894460438,Pseudoeurycea leprosa,"Pseudoeurycea leprosa (Cope, 1869)",-100.226639,19.400028,90,HUMAN_OBSERVATION,NA,8032ee3a-f762-11e1-a439-00145eb45e9a,MX,Mexico,2005,2005-07-02,"cdround,rdativ,osiic"
1894460443,Pseudoeurycea leprosa,"Pseudoeurycea leprosa (Cope, 1869)",-100.251167,19.383611,90,HUMAN_OBSERVATION,NA,8032ee3a-f762-11e1-a439-00145eb45e9a,MX,Mexico,2005,2005-07-03,"cdround,rdativ,osiic"
1894460446,Pseudoeurycea leprosa,"Pseudoeurycea leprosa (Cope, 1869)",-100.239944,19.360694,90,HUMAN_OBSERVATION,NA,8032ee3a-f762-11e1-a439-00145eb45e9a,MX,Mexico,2005,2005-07-02,"cdround,rdativ,osiic"
1894460451,Pseudoeurycea leprosa,"Pseudoeurycea leprosa (Cope, 1869)",-100.282306,19.392778,90,HUMAN_OBSERVATION,NA,8032ee3a-f762-11e1-a439-00145eb45e9a,MX,Michoacan de ocampo,2005,2005-07-01,"cdround,rdativ,osiic"
1894460454,Pseudoeurycea leprosa,"Pseudoeurycea leprosa (Cope, 1869)",-100.249722,19.376583,90,HUMAN_OBSERVATION,NA,8032ee3a-f762-11e1-a439-00145eb45e9a,MX,Mexico,2005,2005-07-03,"cdround,rdativ,osiic"
1894460455,Pseudoeurycea leprosa,"Pseudoeurycea leprosa (Cope, 1869)",-100.223972,19.380694,90,HUMAN_OBSERVATION,NA,8032ee3a-f762-11e1-a439-00145eb45e9a,MX,Mexico,2005,2005-07-04,"cdround,rdativ,osiic"
1894460456,Pseudoeurycea leprosa,"Pseudoeurycea leprosa (Cope, 1869)",-100.231389,19.365944,90,HUMAN_OBSERVATION,NA,8032ee3a-f762-11e1-a439-00145eb45e9a,MX,Mexico,2005,2005-07-04,"cdround,rdativ,osiic"
1894460457,Pseudoeurycea leprosa,"Pseudoeurycea leprosa (Cope, 1869)",-100.255444,19.377028,90,HUMAN_OBSERVATION,NA,8032ee3a-f762-11e1-a439-00145eb45e9a,MX,Mexico,2005,2005-07-03,"cdround,rdativ,osiic"
1894460459,Pseudoeurycea leprosa,"Pseudoeurycea leprosa (Cope, 1869)",-100.226639,19.400028,90,HUMAN_OBSERVATION,NA,8032ee3a-f762-11e1-a439-00145eb45e9a,MX,Mexico,2005,2005-07-03,"cdround,rdativ,osiic"
1894460462,Pseudoeurycea leprosa,"Pseudoeurycea leprosa (Cope, 1869)",-100.243972,19.357972,90,HUMAN_OBSERVATION,NA,8032ee3a-f762-11e1-a439-00145eb45e9a,MX,Mexico,2005,2005-07-05,"cdround,rdativ,osiic"
1894460463,Pseudoeurycea leprosa,"Pseudoeurycea leprosa (Cope, 1869)",-100.220167,19.37925,90,HUMAN_OBSERVATION,NA,8032ee3a-f762-11e1-a439-00145eb45e9a,MX,Mexico,2005,2005-07-04,"cdround,rdativ,osiic"
1894460465,Pseudoeurycea leprosa,"Pseudoeurycea leprosa (Cope, 1869)",-100.249222,19.376861,90,HUMAN_OBSERVATION,NA,8032ee3a-f762-11e1-a439-00145eb45e9a,MX,Mexico,2005,2005-07-03,"cdround,rdativ,osiic"
1894460468,Pseudoeurycea leprosa,"Pseudoeurycea leprosa (Cope, 1869)",-100.282306,19.392778,90,HUMAN_OBSERVATION,NA,8032ee3a-f762-11e1-a439-00145eb45e9a,MX,Michoacan de ocampo,2005,2005-07-01,"cdround,rdativ,osiic"
1894460470,Pseudoeurycea leprosa,"Pseudoeurycea leprosa (Cope, 1869)",-100.283889,19.398333,90,HUMAN_OBSERVATION,NA,8032ee3a-f762-11e1-a439-00145eb45e9a,MX,Michoacan de ocampo,2005,2005-07-01,"cdround,rdativ,osiic"
1894460475,Pseudoeurycea leprosa,"Pseudoeurycea leprosa (Cope, 1869)",-100.255389,19.376778,90,HUMAN_OBSERVATION,NA,8032ee3a-f762-11e1-a439-00145eb45e9a,MX,Mexico,2005,2005-07-03,"cdround,rdativ,osiic"
1894460478,Pseudoeurycea leprosa,"Pseudoeurycea leprosa (Cope, 1869)",-100.237861,19.392278,90,HUMAN_OBSERVATION,NA,8032ee3a-f762-11e1-a439-00145eb45e9a,MX,Mexico,2005,2005-07-05,"cdround,rdativ,osiic"
1894460479,Pseudoeurycea leprosa,"Pseudoeurycea leprosa (Cope, 1869)",-100.250006,19.384222,90,HUMAN_OBSERVATION,NA,8032ee3a-f762-11e1-a439-00145eb45e9a,MX,Mexico,2005,2005-07-03,"cdround,rdativ,osiic"
1894460480,Pseudoeurycea leprosa,"Pseudoeurycea leprosa (Cope, 1869)",-100.221917,19.3785,90,HUMAN_OBSERVATION,NA,8032ee3a-f762-11e1-a439-00145eb45e9a,MX,Mexico,2005,2005-07-04,"cdround,rdativ,osiic"
1894460481,Pseudoeurycea leprosa,"Pseudoeurycea leprosa (Cope, 1869)",-100.282333,19.392639,90,HUMAN_OBSERVATION,NA,8032ee3a-f762-11e1-a439-00145eb45e9a,MX,Michoacan de ocampo,2005,2005-07-01,"cdround,rdativ,osiic"
1894460482,Pseudoeurycea leprosa,"Pseudoeurycea leprosa (Cope, 1869)",-100.237861,19.392278,90,HUMAN_OBSERVATION,NA,8032ee3a-f762-11e1-a439-00145eb45e9a,MX,Mexico,2005,2005-07-05,"cdround,rdativ,osiic"
1894460485,Pseudoeurycea leprosa,"Pseudoeurycea leprosa (Cope, 1869)",-100.238278,19.358694,90,HUMAN_OBSERVATION,NA,8032ee3a-f762-11e1-a439-00145eb45e9a,MX,Mexico,2005,2005-07-05,"cdround,rdativ,osiic"
1894460489,Pseudoeurycea leprosa,"Pseudoeurycea leprosa (Cope, 1869)",-100.239944,19.360694,90,HUMAN_OBSERVATION,NA,8032ee3a-f762-11e1-a439-00145eb45e9a,MX,Mexico,2005,2005-07-02,"cdround,rdativ,osiic"
1894460495,Pseudoeurycea leprosa,"Pseudoeurycea leprosa (Cope, 1869)",-100.282278,19.392694,90,HUMAN_OBSERVATION,NA,8032ee3a-f762-11e1-a439-00145eb45e9a,MX,Michoacan de ocampo,2005,2005-07-01,"cdround,rdativ,osiic"
1894460496,Pseudoeurycea leprosa,"Pseudoeurycea leprosa (Cope, 1869)",-100.230583,19.365333,90,HUMAN_OBSERVATION,NA,8032ee3a-f762-11e1-a439-00145eb45e9a,MX,Mexico,2005,2005-07-04,"cdround,rdativ,osiic"
1894460498,Pseudoeurycea leprosa,"Pseudoeurycea leprosa (Cope, 1869)",-100.245278,19.371167,90,HUMAN_OBSERVATION,NA,8032ee3a-f762-11e1-a439-00145eb45e9a,MX,Mexico,2005,2005-07-02,"cdround,rdativ,osiic"
1894460504,Pseudoeurycea leprosa,"Pseudoeurycea leprosa (Cope, 1869)",-100.249222,19.376861,90,HUMAN_OBSERVATION,NA,8032ee3a-f762-11e1-a439-00145eb45e9a,MX,Mexico,2005,2005-07-03,"cdround,rdativ,osiic"
1894460508,Pseudoeurycea leprosa,"Pseudoeurycea leprosa (Cope, 1869)",-100.220167,19.37925,90,HUMAN_OBSERVATION,NA,8032ee3a-f762-11e1-a439-00145eb45e9a,MX,Mexico,2005,2005-07-04,"cdround,rdativ,osiic"
1894460511,Pseudoeurycea leprosa,"Pseudoeurycea leprosa (Cope, 1869)",-100.231389,19.365944,90,HUMAN_OBSERVATION,NA,8032ee3a-f762-11e1-a439-00145eb45e9a,MX,Mexico,2005,2005-07-04,"cdround,rdativ,osiic"
2611243373,Pseudoeurycea leprosa,"Pseudoeurycea leprosa (Cope, 1869)",-98.698464,19.338647,61,HUMAN_OBSERVATION,iNaturalist,50c9509d-22c7-4a22-a47d-8c48425ef4a7,MX,México,2005,2005-07-14T10:04,"cdc,cdround"
2629187840,Pseudoeurycea leprosa,"Pseudoeurycea leprosa (Cope, 1869)",-99.300278,19.291389,NA,PRESERVED_SPECIMEN,FC-UNAM,5719db5a-b15f-4dad-9a11-6cde70b5ed0e,MX,Distrito federal,2004,2004-04-09,"cdc,cdround,elmms,osiic,ambinst"
2629188826,Pseudoeurycea leprosa,"Pseudoeurycea leprosa (Cope, 1869)",-99.303333,19.289528,NA,PRESERVED_SPECIMEN,FC-UNAM,5719db5a-b15f-4dad-9a11-6cde70b5ed0e,MX,Distrito federal,2004,2004-04-10,"cdc,cdround,elmms,osiic,ambinst"
2629188833,Pseudoeurycea leprosa,"Pseudoeurycea leprosa (Cope, 1869)",-99.39875,19.341583,NA,PRESERVED_SPECIMEN,FC-UNAM,5719db5a-b15f-4dad-9a11-6cde70b5ed0e,MX,Mexico,2004,2004-04-17,"cdc,elmms,osiic,ambinst"
2629190454,Pseudoeurycea leprosa,"Pseudoeurycea leprosa (Cope, 1869)",-99.299889,19.290889,NA,PRESERVED_SPECIMEN,FC-UNAM,5719db5a-b15f-4dad-9a11-6cde70b5ed0e,MX,Distrito federal,2004,2004-04-09,"cdc,cdround,elmms,osiic,ambinst"
3306274155,Pseudoeurycea leprosa,"Pseudoeurycea leprosa (Cope, 1869)",-99.39875,19.341583,NA,PRESERVED_SPECIMEN,MZFC-FC-UNAM,749dd468-22d4-4379-893d-352606a6f2d7,MX,Mexico,2004,2004-04-17,osiic
3306276268,Pseudoeurycea leprosa,"Pseudoeurycea leprosa (Cope, 1869)",-99.300278,19.291389,NA,PRESERVED_SPECIMEN,MZFC-FC-UNAM,749dd468-22d4-4379-893d-352606a6f2d7,MX,Ciudad de mexico,2004,2004-04-09,"cdround,rdativ,osiic"
3306276873,Pseudoeurycea leprosa,"Pseudoeurycea leprosa (Cope, 1869)",-99.299889,19.290889,NA,PRESERVED_SPECIMEN,MZFC-FC-UNAM,749dd468-22d4-4379-893d-352606a6f2d7,MX,Ciudad de mexico,2004,2004-04-09,"cdround,rdativ,osiic"
3306277245,Pseudoeurycea leprosa,"Pseudoeurycea leprosa (Cope, 1869)",-99.303333,19.289528,NA,PRESERVED_SPECIMEN,MZFC-FC-UNAM,749dd468-22d4-4379-893d-352606a6f2d7,MX,Ciudad de mexico,2004,2004-04-10,"cdround,rdativ,osiic"
1986524807,Pseudoeurycea leprosa,"Pseudoeurycea leprosa (Cope, 1869)",-99.4867,19.543344,750,HUMAN_OBSERVATION,iNaturalist,50c9509d-22c7-4a22-a47d-8c48425ef4a7,MX,México,2004,2004-06-20,"cdc,cdround"
2629119227,Pseudoeurycea leprosa,"Pseudoeurycea leprosa (Cope, 1869)",-98.7061,19.335301,NA,PRESERVED_SPECIMEN,ENCB-IPN,63ed64cb-90b7-4ecc-b94c-3a0317742379,MX,Mexico,2004,2004-07-04,"cdround,rdativ,osiic"
2629119490,Pseudoeurycea leprosa,"Pseudoeurycea leprosa (Cope, 1869)",-98.7061,19.335301,NA,PRESERVED_SPECIMEN,ENCB-IPN,63ed64cb-90b7-4ecc-b94c-3a0317742379,MX,Mexico,2004,2004-07-04,"cdround,rdativ,osiic"
2629121026,Pseudoeurycea leprosa,"Pseudoeurycea leprosa (Cope, 1869)",-98.7061,19.335301,NA,PRESERVED_SPECIMEN,ENCB-IPN,63ed64cb-90b7-4ecc-b94c-3a0317742379,MX,Mexico,2004,2004-07-04,"cdround,rdativ,osiic"
2629123750,Pseudoeurycea leprosa,"Pseudoeurycea leprosa (Cope, 1869)",-98.7061,19.335301,NA,PRESERVED_SPECIMEN,ENCB-IPN,63ed64cb-90b7-4ecc-b94c-3a0317742379,MX,Mexico,2004,2004-07-04,"cdround,rdativ,osiic"
2629126648,Pseudoeurycea leprosa,"Pseudoeurycea leprosa (Cope, 1869)",-98.7061,19.335301,NA,PRESERVED_SPECIMEN,ENCB-IPN,63ed64cb-90b7-4ecc-b94c-3a0317742379,MX,Mexico,2004,2004-07-04,"cdround,rdativ,osiic"
2629131904,Pseudoeurycea leprosa,"Pseudoeurycea leprosa (Cope, 1869)",-98.7061,19.335301,NA,PRESERVED_SPECIMEN,ENCB-IPN,63ed64cb-90b7-4ecc-b94c-3a0317742379,MX,Mexico,2004,2004-07-04,"cdround,rdativ,osiic"
2629132812,Pseudoeurycea leprosa,"Pseudoeurycea leprosa (Cope, 1869)",-98.7061,19.335301,NA,PRESERVED_SPECIMEN,ENCB-IPN,63ed64cb-90b7-4ecc-b94c-3a0317742379,MX,Mexico,2004,2004-07-04,"cdround,rdativ,osiic"
2629133513,Pseudoeurycea leprosa,"Pseudoeurycea leprosa (Cope, 1869)",-98.7061,19.335301,NA,PRESERVED_SPECIMEN,ENCB-IPN,63ed64cb-90b7-4ecc-b94c-3a0317742379,MX,Mexico,2004,2004-07-04,"cdround,rdativ,osiic"
2629137440,Pseudoeurycea leprosa,"Pseudoeurycea leprosa (Cope, 1869)",-98.7061,19.335301,NA,PRESERVED_SPECIMEN,ENCB-IPN,63ed64cb-90b7-4ecc-b94c-3a0317742379,MX,Mexico,2004,2004-07-04,"cdround,rdativ,osiic"
2629138215,Pseudoeurycea leprosa,"Pseudoeurycea leprosa (Cope, 1869)",-98.7061,19.335301,NA,PRESERVED_SPECIMEN,ENCB-IPN,63ed64cb-90b7-4ecc-b94c-3a0317742379,MX,Mexico,2004,2004-07-04,"cdround,rdativ,osiic"
2629139668,Pseudoeurycea leprosa,"Pseudoeurycea leprosa (Cope, 1869)",-98.7061,19.335301,NA,PRESERVED_SPECIMEN,ENCB-IPN,63ed64cb-90b7-4ecc-b94c-3a0317742379,MX,Mexico,2004,2004-07-04,"cdround,rdativ,osiic"
4168923742,Pseudoeurycea leprosa,"Pseudoeurycea leprosa (Cope, 1869)",-98.59139,19.13139,90,PRESERVED_SPECIMEN,IBUNAM,f6cc0fcc-1605-4bd4-bbea-dd12f697a2ba,MX,Puebla,2004,2004-08-15,osiic
4168950212,Pseudoeurycea leprosa,"Pseudoeurycea leprosa (Cope, 1869)",-98.59167,19.13139,90,PRESERVED_SPECIMEN,IBUNAM,f6cc0fcc-1605-4bd4-bbea-dd12f697a2ba,MX,Puebla,2004,2004-08-15,osiic
4168986997,Pseudoeurycea leprosa,"Pseudoeurycea leprosa (Cope, 1869)",-98.59139,19.13139,90,PRESERVED_SPECIMEN,IBUNAM,f6cc0fcc-1605-4bd4-bbea-dd12f697a2ba,MX,Puebla,2004,2004-08-15,osiic
4169125796,Pseudoeurycea leprosa,"Pseudoeurycea leprosa (Cope, 1869)",-98.59139,19.13639,90,PRESERVED_SPECIMEN,IBUNAM,f6cc0fcc-1605-4bd4-bbea-dd12f697a2ba,MX,Puebla,2004,2004-08-15,osiic
4169170729,Pseudoeurycea leprosa,"Pseudoeurycea leprosa (Cope, 1869)",-98.59139,19.13139,90,PRESERVED_SPECIMEN,IBUNAM,f6cc0fcc-1605-4bd4-bbea-dd12f697a2ba,MX,Puebla,2004,2004-08-15,osiic
4169173248,Pseudoeurycea leprosa,"Pseudoeurycea leprosa (Cope, 1869)",-98.59139,19.13139,90,PRESERVED_SPECIMEN,IBUNAM,f6cc0fcc-1605-4bd4-bbea-dd12f697a2ba,MX,Puebla,2004,2004-08-15,osiic
4169208924,Pseudoeurycea leprosa,"Pseudoeurycea leprosa (Cope, 1869)",-98.59139,19.13139,90,PRESERVED_SPECIMEN,IBUNAM,f6cc0fcc-1605-4bd4-bbea-dd12f697a2ba,MX,Puebla,2004,2004-08-15,osiic
4169234412,Pseudoeurycea leprosa,"Pseudoeurycea leprosa (Cope, 1869)",-98.59139,19.13139,90,PRESERVED_SPECIMEN,IBUNAM,f6cc0fcc-1605-4bd4-bbea-dd12f697a2ba,MX,Puebla,2004,2004-08-15,osiic
4169238527,Pseudoeurycea leprosa,"Pseudoeurycea leprosa (Cope, 1869)",-98.59167,19.13139,90,PRESERVED_SPECIMEN,IBUNAM,f6cc0fcc-1605-4bd4-bbea-dd12f697a2ba,MX,Puebla,2004,2004-08-15,osiic
4169246921,Pseudoeurycea leprosa,"Pseudoeurycea leprosa (Cope, 1869)",-98.59139,19.13139,90,PRESERVED_SPECIMEN,IBUNAM,f6cc0fcc-1605-4bd4-bbea-dd12f697a2ba,MX,Puebla,2004,2004-08-15,osiic
4169271102,Pseudoeurycea leprosa,"Pseudoeurycea leprosa (Cope, 1869)",-98.59139,19.13639,90,PRESERVED_SPECIMEN,IBUNAM,f6cc0fcc-1605-4bd4-bbea-dd12f697a2ba,MX,Puebla,2004,2004-08-15,osiic
4169279393,Pseudoeurycea leprosa,"Pseudoeurycea leprosa (Cope, 1869)",-98.59167,19.13139,90,PRESERVED_SPECIMEN,IBUNAM,f6cc0fcc-1605-4bd4-bbea-dd12f697a2ba,MX,Puebla,2004,2004-08-15,osiic
1894460397,Pseudoeurycea leprosa,"Pseudoeurycea leprosa (Cope, 1869)",-100.250389,19.383778,90,HUMAN_OBSERVATION,NA,8032ee3a-f762-11e1-a439-00145eb45e9a,MX,Mexico,2004,2004-09-19,"cdround,osiic"
1894460419,Pseudoeurycea leprosa,"Pseudoeurycea leprosa (Cope, 1869)",-100.251528,19.38375,90,HUMAN_OBSERVATION,NA,8032ee3a-f762-11e1-a439-00145eb45e9a,MX,Mexico,2004,2004-09-19,"cdround,osiic"
1894460425,Pseudoeurycea leprosa,"Pseudoeurycea leprosa (Cope, 1869)",-100.251583,19.383611,90,HUMAN_OBSERVATION,NA,8032ee3a-f762-11e1-a439-00145eb45e9a,MX,Mexico,2004,2004-09-19,"cdround,osiic"
1894460429,Pseudoeurycea leprosa,"Pseudoeurycea leprosa (Cope, 1869)",-100.228972,19.384417,90,HUMAN_OBSERVATION,NA,8032ee3a-f762-11e1-a439-00145eb45e9a,MX,Mexico,2004,2004-09-16,"cdround,osiic"
1894460434,Pseudoeurycea leprosa,"Pseudoeurycea leprosa (Cope, 1869)",-100.249528,19.376889,90,HUMAN_OBSERVATION,NA,8032ee3a-f762-11e1-a439-00145eb45e9a,MX,Mexico,2004,2004-09-20,"cdround,osiic"
1894460448,Pseudoeurycea leprosa,"Pseudoeurycea leprosa (Cope, 1869)",-100.250389,19.383778,90,HUMAN_OBSERVATION,NA,8032ee3a-f762-11e1-a439-00145eb45e9a,MX,Mexico,2004,2004-09-19,"cdround,osiic"
1894460458,Pseudoeurycea leprosa,"Pseudoeurycea leprosa (Cope, 1869)",-100.228972,19.380556,90,HUMAN_OBSERVATION,NA,8032ee3a-f762-11e1-a439-00145eb45e9a,MX,Mexico,2004,2004-09-17,"cdround,osiic"
1894460460,Pseudoeurycea leprosa,"Pseudoeurycea leprosa (Cope, 1869)",-100.255972,19.375111,90,HUMAN_OBSERVATION,NA,8032ee3a-f762-11e1-a439-00145eb45e9a,MX,Mexico,2004,2004-09-20,"cdround,osiic"
1894460464,Pseudoeurycea leprosa,"Pseudoeurycea leprosa (Cope, 1869)",-100.250389,19.383778,90,HUMAN_OBSERVATION,NA,8032ee3a-f762-11e1-a439-00145eb45e9a,MX,Mexico,2004,2004-09-19,"cdround,osiic"
1894460473,Pseudoeurycea leprosa,"Pseudoeurycea leprosa (Cope, 1869)",-100.228944,19.380556,90,HUMAN_OBSERVATION,NA,8032ee3a-f762-11e1-a439-00145eb45e9a,MX,Mexico,2004,2004-09-17,"cdround,osiic"
1894460474,Pseudoeurycea leprosa,"Pseudoeurycea leprosa (Cope, 1869)",-100.228972,19.380556,90,HUMAN_OBSERVATION,NA,8032ee3a-f762-11e1-a439-00145eb45e9a,MX,Mexico,2004,2004-09-17,"cdround,osiic"
1894460483,Pseudoeurycea leprosa,"Pseudoeurycea leprosa (Cope, 1869)",-100.23775,19.391722,90,HUMAN_OBSERVATION,NA,8032ee3a-f762-11e1-a439-00145eb45e9a,MX,Mexico,2004,2004-09-18,"cdround,osiic"
1894460484,Pseudoeurycea leprosa,"Pseudoeurycea leprosa (Cope, 1869)",-100.255944,19.37525,90,HUMAN_OBSERVATION,NA,8032ee3a-f762-11e1-a439-00145eb45e9a,MX,Mexico,2004,2004-09-20,"cdround,osiic"
1894460491,Pseudoeurycea leprosa,"Pseudoeurycea leprosa (Cope, 1869)",-100.22725,19.380556,90,HUMAN_OBSERVATION,NA,8032ee3a-f762-11e1-a439-00145eb45e9a,MX,Mexico,2004,2004-09-16,"cdround,osiic"
1894460492,Pseudoeurycea leprosa,"Pseudoeurycea leprosa (Cope, 1869)",-100.229611,19.384472,90,HUMAN_OBSERVATION,NA,8032ee3a-f762-11e1-a439-00145eb45e9a,MX,Mexico,2004,2004-09-16,"cdround,osiic"
1894460493,Pseudoeurycea leprosa,"Pseudoeurycea leprosa (Cope, 1869)",-100.23055600000001,19.385111,90,HUMAN_OBSERVATION,NA,8032ee3a-f762-11e1-a439-00145eb45e9a,MX,Mexico,2004,2004-09-16,"cdround,osiic"
1894460494,Pseudoeurycea leprosa,"Pseudoeurycea leprosa (Cope, 1869)",-100.228972,19.380556,90,HUMAN_OBSERVATION,NA,8032ee3a-f762-11e1-a439-00145eb45e9a,MX,Mexico,2004,2004-09-17,"cdround,osiic"
1894460499,Pseudoeurycea leprosa,"Pseudoeurycea leprosa (Cope, 1869)",-100.226861,19.380944,90,HUMAN_OBSERVATION,NA,8032ee3a-f762-11e1-a439-00145eb45e9a,MX,Mexico,2004,2004-09-16,"cdround,osiic"
1894460500,Pseudoeurycea leprosa,"Pseudoeurycea leprosa (Cope, 1869)",-100.255944,19.375167,90,HUMAN_OBSERVATION,NA,8032ee3a-f762-11e1-a439-00145eb45e9a,MX,Mexico,2004,2004-09-20,"cdround,osiic"
1894460502,Pseudoeurycea leprosa,"Pseudoeurycea leprosa (Cope, 1869)",-100.256,19.375111,90,HUMAN_OBSERVATION,NA,8032ee3a-f762-11e1-a439-00145eb45e9a,MX,Mexico,2004,2004-09-20,"cdround,osiic"
1894460503,Pseudoeurycea leprosa,"Pseudoeurycea leprosa (Cope, 1869)",-100.240361,19.391306,90,HUMAN_OBSERVATION,NA,8032ee3a-f762-11e1-a439-00145eb45e9a,MX,Mexico,2004,2004-09-18,"cdround,osiic"
1894460509,Pseudoeurycea leprosa,"Pseudoeurycea leprosa (Cope, 1869)",-100.250361,19.38375,90,HUMAN_OBSERVATION,NA,8032ee3a-f762-11e1-a439-00145eb45e9a,MX,Mexico,2004,2004-09-19,"cdround,osiic"
1894460510,Pseudoeurycea leprosa,"Pseudoeurycea leprosa (Cope, 1869)",-100.228972,19.380556,90,HUMAN_OBSERVATION,NA,8032ee3a-f762-11e1-a439-00145eb45e9a,MX,Mexico,2004,2004-09-17,"cdround,osiic"
1894460512,Pseudoeurycea leprosa,"Pseudoeurycea leprosa (Cope, 1869)",-100.250389,19.383778,90,HUMAN_OBSERVATION,NA,8032ee3a-f762-11e1-a439-00145eb45e9a,MX,Mexico,2004,2004-09-19,"cdround,osiic"
1894460513,Pseudoeurycea leprosa,"Pseudoeurycea leprosa (Cope, 1869)",-100.255917,19.375222,90,HUMAN_OBSERVATION,NA,8032ee3a-f762-11e1-a439-00145eb45e9a,MX,Mexico,2004,2004-09-20,"cdround,osiic"
1894460515,Pseudoeurycea leprosa,"Pseudoeurycea leprosa (Cope, 1869)",-100.23775,19.391722,90,HUMAN_OBSERVATION,NA,8032ee3a-f762-11e1-a439-00145eb45e9a,MX,Mexico,2004,2004-09-18,"cdround,osiic"
4168986921,Pseudoeurycea leprosa,"Pseudoeurycea leprosa (Cope, 1869)",-100.28236,19.39333,90,PRESERVED_SPECIMEN,IBUNAM,f6cc0fcc-1605-4bd4-bbea-dd12f697a2ba,MX,Michoacan de ocampo,2004,2004-09-24,osiic
4169036674,Pseudoeurycea leprosa,"Pseudoeurycea leprosa (Cope, 1869)",-100.22469,19.38061,90,PRESERVED_SPECIMEN,IBUNAM,f6cc0fcc-1605-4bd4-bbea-dd12f697a2ba,MX,Mexico,2004,2004-09-15,osiic
4169092275,Pseudoeurycea leprosa,"Pseudoeurycea leprosa (Cope, 1869)",-100.25428,19.37751,90,PRESERVED_SPECIMEN,IBUNAM,f6cc0fcc-1605-4bd4-bbea-dd12f697a2ba,MX,Mexico,2004,2004-09-18,osiic
4169199104,Pseudoeurycea leprosa,"Pseudoeurycea leprosa (Cope, 1869)",-100.21539,19.39978,90,PRESERVED_SPECIMEN,IBUNAM,f6cc0fcc-1605-4bd4-bbea-dd12f697a2ba,MX,Mexico,2004,2004-09-23,osiic
4169219205,Pseudoeurycea leprosa,"Pseudoeurycea leprosa (Cope, 1869)",-100.22394,19.381,90,PRESERVED_SPECIMEN,IBUNAM,f6cc0fcc-1605-4bd4-bbea-dd12f697a2ba,MX,Mexico,2004,2004-09-16,osiic
4169230354,Pseudoeurycea leprosa,"Pseudoeurycea leprosa (Cope, 1869)",-100.25428,19.39978,90,PRESERVED_SPECIMEN,IBUNAM,f6cc0fcc-1605-4bd4-bbea-dd12f697a2ba,MX,Mexico,2004,2004-09-23,osiic
4169266361,Pseudoeurycea leprosa,"Pseudoeurycea leprosa (Cope, 1869)",-100.25414,19.38044,90,PRESERVED_SPECIMEN,IBUNAM,f6cc0fcc-1605-4bd4-bbea-dd12f697a2ba,MX,Mexico,2004,2004-09-18,osiic
2629187650,Pseudoeurycea leprosa,"Pseudoeurycea leprosa (Cope, 1869)",-99.303694,19.271722,NA,PRESERVED_SPECIMEN,FC-UNAM,5719db5a-b15f-4dad-9a11-6cde70b5ed0e,MX,Distrito federal,2004,2004-10-16,"cdc,cdround,elmms,osiic,ambinst"
2862311806,Pseudoeurycea leprosa,"Pseudoeurycea leprosa (Cope, 1869)",-98.671978,19.281526,202,HUMAN_OBSERVATION,iNaturalist,50c9509d-22c7-4a22-a47d-8c48425ef4a7,MX,México,2004,2004-10-21T12:36Z,"cdc,cdround"
3306275768,Pseudoeurycea leprosa,"Pseudoeurycea leprosa (Cope, 1869)",-99.303694,19.271722,NA,PRESERVED_SPECIMEN,MZFC-FC-UNAM,749dd468-22d4-4379-893d-352606a6f2d7,MX,Ciudad de mexico,2004,2004-10-16,"cdround,osiic"
1990645779,Pseudoeurycea leprosa,"Pseudoeurycea leprosa (Cope, 1869)",-99.300768,19.318853,2076,HUMAN_OBSERVATION,iNaturalist,50c9509d-22c7-4a22-a47d-8c48425ef4a7,MX,Distrito Federal,2004,2004-11-20,cdc
1024178487,Pseudoeurycea leprosa,"Pseudoeurycea leprosa (Cope, 1869)",-98.673931,19.288072,NA,HUMAN_OBSERVATION,iNaturalist,50c9509d-22c7-4a22-a47d-8c48425ef4a7,MX,México,2003,2003-02-07,cdc
4168888703,Pseudoeurycea leprosa,"Pseudoeurycea leprosa (Cope, 1869)",-97.092,19.573,80,PRESERVED_SPECIMEN,IBUNAM,f6cc0fcc-1605-4bd4-bbea-dd12f697a2ba,MX,Veracruz de ignacio de la llave,2003,2003-08-12,"rdativ,osiic"
4168923619,Pseudoeurycea leprosa,"Pseudoeurycea leprosa (Cope, 1869)",-97.091,19.59,80,PRESERVED_SPECIMEN,IBUNAM,f6cc0fcc-1605-4bd4-bbea-dd12f697a2ba,MX,Veracruz de ignacio de la llave,2003,2003-08-13,osiic
4168938026,Pseudoeurycea leprosa,"Pseudoeurycea leprosa (Cope, 1869)",-97.091,19.59,80,PRESERVED_SPECIMEN,IBUNAM,f6cc0fcc-1605-4bd4-bbea-dd12f697a2ba,MX,Veracruz de ignacio de la llave,2003,2003-08-13,osiic
4168987072,Pseudoeurycea leprosa,"Pseudoeurycea leprosa (Cope, 1869)",-97.091,19.59,80,PRESERVED_SPECIMEN,IBUNAM,f6cc0fcc-1605-4bd4-bbea-dd12f697a2ba,MX,Veracruz de ignacio de la llave,2003,2003-08-13,osiic
4169063562,Pseudoeurycea leprosa,"Pseudoeurycea leprosa (Cope, 1869)",-97.091,19.59,80,PRESERVED_SPECIMEN,IBUNAM,f6cc0fcc-1605-4bd4-bbea-dd12f697a2ba,MX,Veracruz de ignacio de la llave,2003,2003-08-13,osiic
4169136245,Pseudoeurycea leprosa,"Pseudoeurycea leprosa (Cope, 1869)",-98.083,19.694,80,PRESERVED_SPECIMEN,IBUNAM,f6cc0fcc-1605-4bd4-bbea-dd12f697a2ba,MX,Tlaxcala,2003,2003-08-14,osiic
4169151635,Pseudoeurycea leprosa,"Pseudoeurycea leprosa (Cope, 1869)",-97.091,19.59,80,PRESERVED_SPECIMEN,IBUNAM,f6cc0fcc-1605-4bd4-bbea-dd12f697a2ba,MX,Veracruz de ignacio de la llave,2003,2003-08-13,osiic
4169174782,Pseudoeurycea leprosa,"Pseudoeurycea leprosa (Cope, 1869)",-97.092,19.573,80,PRESERVED_SPECIMEN,IBUNAM,f6cc0fcc-1605-4bd4-bbea-dd12f697a2ba,MX,Veracruz de ignacio de la llave,2003,2003-08-12,"rdativ,osiic"
4169180485,Pseudoeurycea leprosa,"Pseudoeurycea leprosa (Cope, 1869)",-97.092,19.573,80,PRESERVED_SPECIMEN,IBUNAM,f6cc0fcc-1605-4bd4-bbea-dd12f697a2ba,MX,Veracruz de ignacio de la llave,2003,2003-08-12,"rdativ,osiic"
4169198566,Pseudoeurycea leprosa,"Pseudoeurycea leprosa (Cope, 1869)",-97.091,19.59,80,PRESERVED_SPECIMEN,IBUNAM,f6cc0fcc-1605-4bd4-bbea-dd12f697a2ba,MX,Veracruz de ignacio de la llave,2003,2003-08-13,osiic
4169223107,Pseudoeurycea leprosa,"Pseudoeurycea leprosa (Cope, 1869)",-97.091,19.59,80,PRESERVED_SPECIMEN,IBUNAM,f6cc0fcc-1605-4bd4-bbea-dd12f697a2ba,MX,Veracruz de ignacio de la llave,2003,2003-08-13,osiic
4169226489,Pseudoeurycea leprosa,"Pseudoeurycea leprosa (Cope, 1869)",-97.091,19.59,80,PRESERVED_SPECIMEN,IBUNAM,f6cc0fcc-1605-4bd4-bbea-dd12f697a2ba,MX,Veracruz de ignacio de la llave,2003,2003-08-13,osiic
4169229565,Pseudoeurycea leprosa,"Pseudoeurycea leprosa (Cope, 1869)",-97.092,19.573,80,PRESERVED_SPECIMEN,IBUNAM,f6cc0fcc-1605-4bd4-bbea-dd12f697a2ba,MX,Veracruz de ignacio de la llave,2003,2003-08-12,"rdativ,osiic"
4169233437,Pseudoeurycea leprosa,"Pseudoeurycea leprosa (Cope, 1869)",-97.091,19.592,80,PRESERVED_SPECIMEN,IBUNAM,f6cc0fcc-1605-4bd4-bbea-dd12f697a2ba,MX,Veracruz de ignacio de la llave,2003,2003-08-13,osiic
4169233619,Pseudoeurycea leprosa,"Pseudoeurycea leprosa (Cope, 1869)",-97.091,19.59,80,PRESERVED_SPECIMEN,IBUNAM,f6cc0fcc-1605-4bd4-bbea-dd12f697a2ba,MX,Veracruz de ignacio de la llave,2003,2003-08-13,osiic
4169233685,Pseudoeurycea leprosa,"Pseudoeurycea leprosa (Cope, 1869)",-97.092,19.573,80,PRESERVED_SPECIMEN,IBUNAM,f6cc0fcc-1605-4bd4-bbea-dd12f697a2ba,MX,Veracruz de ignacio de la llave,2003,2003-08-12,"rdativ,osiic"
4169236987,Pseudoeurycea leprosa,"Pseudoeurycea leprosa (Cope, 1869)",-97.092,19.573,80,PRESERVED_SPECIMEN,IBUNAM,f6cc0fcc-1605-4bd4-bbea-dd12f697a2ba,MX,Veracruz de ignacio de la llave,2003,2003-08-12,"rdativ,osiic"
4169239638,Pseudoeurycea leprosa,"Pseudoeurycea leprosa (Cope, 1869)",-97.092,19.573,80,PRESERVED_SPECIMEN,IBUNAM,f6cc0fcc-1605-4bd4-bbea-dd12f697a2ba,MX,Veracruz de ignacio de la llave,2003,2003-08-12,"rdativ,osiic"
4169241303,Pseudoeurycea leprosa,"Pseudoeurycea leprosa (Cope, 1869)",-97.092,19.573,80,PRESERVED_SPECIMEN,IBUNAM,f6cc0fcc-1605-4bd4-bbea-dd12f697a2ba,MX,Veracruz de ignacio de la llave,2003,2003-08-12,"rdativ,osiic"
4169258670,Pseudoeurycea leprosa,"Pseudoeurycea leprosa (Cope, 1869)",-97.092,19.573,80,PRESERVED_SPECIMEN,IBUNAM,f6cc0fcc-1605-4bd4-bbea-dd12f697a2ba,MX,Veracruz de ignacio de la llave,2003,2003-08-12,"rdativ,osiic"
4169264487,Pseudoeurycea leprosa,"Pseudoeurycea leprosa (Cope, 1869)",-97.092,19.573,80,PRESERVED_SPECIMEN,IBUNAM,f6cc0fcc-1605-4bd4-bbea-dd12f697a2ba,MX,Veracruz de ignacio de la llave,2003,2003-08-12,"rdativ,osiic"
4169276137,Pseudoeurycea leprosa,"Pseudoeurycea leprosa (Cope, 1869)",-97.092,19.573,80,PRESERVED_SPECIMEN,IBUNAM,f6cc0fcc-1605-4bd4-bbea-dd12f697a2ba,MX,Veracruz de ignacio de la llave,2003,2003-08-12,"rdativ,osiic"
4168793954,Pseudoeurycea leprosa,"Pseudoeurycea leprosa (Cope, 1869)",-98.0249,19.2345,80,PRESERVED_SPECIMEN,MZFC-FC-UNAM,a72ac6ef-6f55-4b17-a1d1-b213d5bb8977,MX,Tlaxcala,2003,2003-10-12,"cdround,rdativ,osiic"
4168949317,Pseudoeurycea leprosa,"Pseudoeurycea leprosa (Cope, 1869)",-98.58,19.17967,80,PRESERVED_SPECIMEN,IBUNAM,f6cc0fcc-1605-4bd4-bbea-dd12f697a2ba,MX,Puebla,2002,2002-05-18,"cdround,osiic"
4169036389,Pseudoeurycea leprosa,"Pseudoeurycea leprosa (Cope, 1869)",-98.56283,19.185,80,PRESERVED_SPECIMEN,IBUNAM,f6cc0fcc-1605-4bd4-bbea-dd12f697a2ba,MX,Puebla,2002,2002-05-17,"cdround,osiic"
4169064024,Pseudoeurycea leprosa,"Pseudoeurycea leprosa (Cope, 1869)",-98.57167,19.181,80,PRESERVED_SPECIMEN,IBUNAM,f6cc0fcc-1605-4bd4-bbea-dd12f697a2ba,MX,Puebla,2002,2002-05-18,"cdround,osiic"
4169103091,Pseudoeurycea leprosa,"Pseudoeurycea leprosa (Cope, 1869)",-98.58,19.17967,80,PRESERVED_SPECIMEN,IBUNAM,f6cc0fcc-1605-4bd4-bbea-dd12f697a2ba,MX,Puebla,2002,2002-05-18,"cdround,osiic"
4169179098,Pseudoeurycea leprosa,"Pseudoeurycea leprosa (Cope, 1869)",-98.56283,19.185,80,PRESERVED_SPECIMEN,IBUNAM,f6cc0fcc-1605-4bd4-bbea-dd12f697a2ba,MX,Puebla,2002,2002-05-17,"cdround,osiic"
4169227911,Pseudoeurycea leprosa,"Pseudoeurycea leprosa (Cope, 1869)",-98.56283,19.185,80,PRESERVED_SPECIMEN,IBUNAM,f6cc0fcc-1605-4bd4-bbea-dd12f697a2ba,MX,Puebla,2002,2002-05-17,"cdround,osiic"
4169255580,Pseudoeurycea leprosa,"Pseudoeurycea leprosa (Cope, 1869)",-98.56283,19.185,80,PRESERVED_SPECIMEN,IBUNAM,f6cc0fcc-1605-4bd4-bbea-dd12f697a2ba,MX,Puebla,2002,2002-05-17,"cdround,osiic"
4169266625,Pseudoeurycea leprosa,"Pseudoeurycea leprosa (Cope, 1869)",-98.563,19.1805,80,PRESERVED_SPECIMEN,IBUNAM,f6cc0fcc-1605-4bd4-bbea-dd12f697a2ba,MX,Puebla,2002,2002-05-18,"cdround,osiic"
4169271892,Pseudoeurycea leprosa,"Pseudoeurycea leprosa (Cope, 1869)",-98.56283,19.185,80,PRESERVED_SPECIMEN,IBUNAM,f6cc0fcc-1605-4bd4-bbea-dd12f697a2ba,MX,Puebla,2002,2002-05-17,"cdround,osiic"
1897582011,Pseudoeurycea leprosa,"Pseudoeurycea leprosa (Cope, 1869)",-98.0685,19.25883,80,PRESERVED_SPECIMEN,IBUNAM,a72ac6ef-6f55-4b17-a1d1-b213d5bb8977,MX,Tlaxcala,2002,2002-06-16,"cdround,osiic"
1897582022,Pseudoeurycea leprosa,"Pseudoeurycea leprosa (Cope, 1869)",-98.09517,19.258,80,PRESERVED_SPECIMEN,IBUNAM,a72ac6ef-6f55-4b17-a1d1-b213d5bb8977,MX,Tlaxcala,2002,2002-06-16,"cdround,osiic"
1897582217,Pseudoeurycea leprosa,"Pseudoeurycea leprosa (Cope, 1869)",-98.09517,19.258,80,PRESERVED_SPECIMEN,IBUNAM,a72ac6ef-6f55-4b17-a1d1-b213d5bb8977,MX,Tlaxcala,2002,2002-06-16,"cdround,osiic"
1897582245,Pseudoeurycea leprosa,"Pseudoeurycea leprosa (Cope, 1869)",-98.09517,19.258,80,PRESERVED_SPECIMEN,IBUNAM,a72ac6ef-6f55-4b17-a1d1-b213d5bb8977,MX,Tlaxcala,2002,2002-06-16,"cdround,osiic"
1897582497,Pseudoeurycea leprosa,"Pseudoeurycea leprosa (Cope, 1869)",-98.0685,19.25883,80,PRESERVED_SPECIMEN,IBUNAM,a72ac6ef-6f55-4b17-a1d1-b213d5bb8977,MX,Tlaxcala,2002,2002-06-16,"cdround,osiic"
1897582508,Pseudoeurycea leprosa,"Pseudoeurycea leprosa (Cope, 1869)",-98.0685,19.25883,80,PRESERVED_SPECIMEN,IBUNAM,a72ac6ef-6f55-4b17-a1d1-b213d5bb8977,MX,Tlaxcala,2002,2002-06-16,"cdround,osiic"
1897582528,Pseudoeurycea leprosa,"Pseudoeurycea leprosa (Cope, 1869)",-98.0685,19.25883,80,PRESERVED_SPECIMEN,IBUNAM,a72ac6ef-6f55-4b17-a1d1-b213d5bb8977,MX,Tlaxcala,2002,2002-06-16,"cdround,osiic"
4169050108,Pseudoeurycea leprosa,"Pseudoeurycea leprosa (Cope, 1869)",-98.0685,19.25883,80,PRESERVED_SPECIMEN,IBUNAM,f6cc0fcc-1605-4bd4-bbea-dd12f697a2ba,MX,Tlaxcala,2002,2002-06-16,"cdround,osiic"
4169162540,Pseudoeurycea leprosa,"Pseudoeurycea leprosa (Cope, 1869)",-98.04749,19.27478,80,PRESERVED_SPECIMEN,IBUNAM,f6cc0fcc-1605-4bd4-bbea-dd12f697a2ba,MX,Tlaxcala,2002,2002-06-16,osiic
4169233477,Pseudoeurycea leprosa,"Pseudoeurycea leprosa (Cope, 1869)",-98.0685,19.25883,80,PRESERVED_SPECIMEN,IBUNAM,f6cc0fcc-1605-4bd4-bbea-dd12f697a2ba,MX,Tlaxcala,2002,2002-06-16,osiic
4169236121,Pseudoeurycea leprosa,"Pseudoeurycea leprosa (Cope, 1869)",-98.09517,19.25883,80,PRESERVED_SPECIMEN,IBUNAM,f6cc0fcc-1605-4bd4-bbea-dd12f697a2ba,MX,Tlaxcala,2002,2002-06-16,osiic
4169244600,Pseudoeurycea leprosa,"Pseudoeurycea leprosa (Cope, 1869)",-98.09517,19.25883,80,PRESERVED_SPECIMEN,IBUNAM,f6cc0fcc-1605-4bd4-bbea-dd12f697a2ba,MX,Tlaxcala,2002,2002-06-16,osiic
4169256189,Pseudoeurycea leprosa,"Pseudoeurycea leprosa (Cope, 1869)",-98.0685,19.258,80,PRESERVED_SPECIMEN,IBUNAM,f6cc0fcc-1605-4bd4-bbea-dd12f697a2ba,MX,Tlaxcala,2002,2002-06-16,osiic
4169261536,Pseudoeurycea leprosa,"Pseudoeurycea leprosa (Cope, 1869)",-98.0685,19.258,80,PRESERVED_SPECIMEN,IBUNAM,f6cc0fcc-1605-4bd4-bbea-dd12f697a2ba,MX,Tlaxcala,2002,2002-06-16,osiic
4169264440,Pseudoeurycea leprosa,"Pseudoeurycea leprosa (Cope, 1869)",-98.09517,19.258,80,PRESERVED_SPECIMEN,IBUNAM,f6cc0fcc-1605-4bd4-bbea-dd12f697a2ba,MX,Tlaxcala,2002,2002-06-16,"cdround,osiic"
4169268952,Pseudoeurycea leprosa,"Pseudoeurycea leprosa (Cope, 1869)",-98.0685,19.258,80,PRESERVED_SPECIMEN,IBUNAM,f6cc0fcc-1605-4bd4-bbea-dd12f697a2ba,MX,Tlaxcala,2002,2002-06-16,osiic
4169269511,Pseudoeurycea leprosa,"Pseudoeurycea leprosa (Cope, 1869)",-98.0685,19.25883,80,PRESERVED_SPECIMEN,IBUNAM,f6cc0fcc-1605-4bd4-bbea-dd12f697a2ba,MX,Tlaxcala,2002,2002-06-16,osiic
1897582481,Pseudoeurycea leprosa,"Pseudoeurycea leprosa (Cope, 1869)",-97.1551,19.5327,80,PRESERVED_SPECIMEN,IBUNAM,a72ac6ef-6f55-4b17-a1d1-b213d5bb8977,MX,Veracruz de ignacio de la llave,2002,2002-08-10,"cdround,rdativ,osiic"
4168796393,Pseudoeurycea leprosa,"Pseudoeurycea leprosa (Cope, 1869)",-99.33033,19.35385,80,PRESERVED_SPECIMEN,MZFC-FC-UNAM,a72ac6ef-6f55-4b17-a1d1-b213d5bb8977,MX,Mexico,2002,2002-08-29,"cdround,osiic"
4168865521,Pseudoeurycea leprosa,"Pseudoeurycea leprosa (Cope, 1869)",-98.58967,19.46333,80,PRESERVED_SPECIMEN,IBUNAM,f6cc0fcc-1605-4bd4-bbea-dd12f697a2ba,MX,Tlaxcala,2002,2002-08-10,"rdativ,osiic"
4168924175,Pseudoeurycea leprosa,"Pseudoeurycea leprosa (Cope, 1869)",-98.691,19.357,80,PRESERVED_SPECIMEN,IBUNAM,f6cc0fcc-1605-4bd4-bbea-dd12f697a2ba,MX,Mexico,2002,2002-08-08,osiic
4168961944,Pseudoeurycea leprosa,"Pseudoeurycea leprosa (Cope, 1869)",-97.97176,19.23533,80,PRESERVED_SPECIMEN,IBUNAM,f6cc0fcc-1605-4bd4-bbea-dd12f697a2ba,MX,Tlaxcala,2002,2002-08-12,"rdativ,osiic"
4169037152,Pseudoeurycea leprosa,"Pseudoeurycea leprosa (Cope, 1869)",-98.691,19.357,80,PRESERVED_SPECIMEN,IBUNAM,f6cc0fcc-1605-4bd4-bbea-dd12f697a2ba,MX,Mexico,2002,2002-08-08,osiic
4169091461,Pseudoeurycea leprosa,"Pseudoeurycea leprosa (Cope, 1869)",-98.691,19.357,80,PRESERVED_SPECIMEN,IBUNAM,f6cc0fcc-1605-4bd4-bbea-dd12f697a2ba,MX,Mexico,2002,2002-08-08,osiic
4169151995,Pseudoeurycea leprosa,"Pseudoeurycea leprosa (Cope, 1869)",-98.691,19.357,80,PRESERVED_SPECIMEN,IBUNAM,f6cc0fcc-1605-4bd4-bbea-dd12f697a2ba,MX,Mexico,2002,2002-08-08,osiic
4169159655,Pseudoeurycea leprosa,"Pseudoeurycea leprosa (Cope, 1869)",-97.97176,19.23533,80,PRESERVED_SPECIMEN,IBUNAM,f6cc0fcc-1605-4bd4-bbea-dd12f697a2ba,MX,Tlaxcala,2002,2002-08-12,"rdativ,osiic"
4169162872,Pseudoeurycea leprosa,"Pseudoeurycea leprosa (Cope, 1869)",-98.58967,19.46333,80,PRESERVED_SPECIMEN,IBUNAM,f6cc0fcc-1605-4bd4-bbea-dd12f697a2ba,MX,Tlaxcala,2002,2002-08-10,"rdativ,osiic"
4169177271,Pseudoeurycea leprosa,"Pseudoeurycea leprosa (Cope, 1869)",-98.58967,19.46333,80,PRESERVED_SPECIMEN,IBUNAM,f6cc0fcc-1605-4bd4-bbea-dd12f697a2ba,MX,Tlaxcala,2002,2002-08-10,"rdativ,osiic"
4169182881,Pseudoeurycea leprosa,"Pseudoeurycea leprosa (Cope, 1869)",-97.97176,19.23533,80,PRESERVED_SPECIMEN,IBUNAM,f6cc0fcc-1605-4bd4-bbea-dd12f697a2ba,MX,Tlaxcala,2002,2002-08-12,"rdativ,osiic"
4169184464,Pseudoeurycea leprosa,"Pseudoeurycea leprosa (Cope, 1869)",-98.58967,19.46333,80,PRESERVED_SPECIMEN,IBUNAM,f6cc0fcc-1605-4bd4-bbea-dd12f697a2ba,MX,Tlaxcala,2002,2002-08-10,"rdativ,osiic"
4169194733,Pseudoeurycea leprosa,"Pseudoeurycea leprosa (Cope, 1869)",-97.97176,19.27478,80,PRESERVED_SPECIMEN,IBUNAM,f6cc0fcc-1605-4bd4-bbea-dd12f697a2ba,MX,Tlaxcala,2002,2002-08-12,"rdativ,osiic"
4169218930,Pseudoeurycea leprosa,"Pseudoeurycea leprosa (Cope, 1869)",-97.97176,19.27478,80,PRESERVED_SPECIMEN,IBUNAM,f6cc0fcc-1605-4bd4-bbea-dd12f697a2ba,MX,Tlaxcala,2002,2002-08-12,"rdativ,osiic"
4169227466,Pseudoeurycea leprosa,"Pseudoeurycea leprosa (Cope, 1869)",-98.58967,19.46333,80,PRESERVED_SPECIMEN,IBUNAM,f6cc0fcc-1605-4bd4-bbea-dd12f697a2ba,MX,Tlaxcala,2002,2002-08-10,"rdativ,osiic"
4169233817,Pseudoeurycea leprosa,"Pseudoeurycea leprosa (Cope, 1869)",-97.97176,19.23533,80,PRESERVED_SPECIMEN,IBUNAM,f6cc0fcc-1605-4bd4-bbea-dd12f697a2ba,MX,Tlaxcala,2002,2002-08-12,"rdativ,osiic"
4169240458,Pseudoeurycea leprosa,"Pseudoeurycea leprosa (Cope, 1869)",-98.691,19.357,80,PRESERVED_SPECIMEN,IBUNAM,f6cc0fcc-1605-4bd4-bbea-dd12f697a2ba,MX,Mexico,2002,2002-08-08,osiic
4169246710,Pseudoeurycea leprosa,"Pseudoeurycea leprosa (Cope, 1869)",-98.58967,19.46333,80,PRESERVED_SPECIMEN,IBUNAM,f6cc0fcc-1605-4bd4-bbea-dd12f697a2ba,MX,Tlaxcala,2002,2002-08-10,"rdativ,osiic"
4169252414,Pseudoeurycea leprosa,"Pseudoeurycea leprosa (Cope, 1869)",-98.691,19.357,80,PRESERVED_SPECIMEN,IBUNAM,f6cc0fcc-1605-4bd4-bbea-dd12f697a2ba,MX,Mexico,2002,2002-08-08,osiic
4169252869,Pseudoeurycea leprosa,"Pseudoeurycea leprosa (Cope, 1869)",-98.691,19.357,80,PRESERVED_SPECIMEN,IBUNAM,f6cc0fcc-1605-4bd4-bbea-dd12f697a2ba,MX,Mexico,2002,2002-08-08,osiic
4169253776,Pseudoeurycea leprosa,"Pseudoeurycea leprosa (Cope, 1869)",-98.691,19.357,80,PRESERVED_SPECIMEN,IBUNAM,f6cc0fcc-1605-4bd4-bbea-dd12f697a2ba,MX,Mexico,2002,2002-08-08,osiic
4169253835,Pseudoeurycea leprosa,"Pseudoeurycea leprosa (Cope, 1869)",-98.691,19.357,80,PRESERVED_SPECIMEN,IBUNAM,f6cc0fcc-1605-4bd4-bbea-dd12f697a2ba,MX,Mexico,2002,2002-08-08,osiic
4169265227,Pseudoeurycea leprosa,"Pseudoeurycea leprosa (Cope, 1869)",-98.04749,19.23533,80,PRESERVED_SPECIMEN,IBUNAM,f6cc0fcc-1605-4bd4-bbea-dd12f697a2ba,MX,Tlaxcala,2002,2002-08-12,"rdativ,osiic"
4169267361,Pseudoeurycea leprosa,"Pseudoeurycea leprosa (Cope, 1869)",-98.04749,19.23533,80,PRESERVED_SPECIMEN,IBUNAM,f6cc0fcc-1605-4bd4-bbea-dd12f697a2ba,MX,Tlaxcala,2002,2002-08-12,"rdativ,osiic"
4169268424,Pseudoeurycea leprosa,"Pseudoeurycea leprosa (Cope, 1869)",-97.97176,19.23533,80,PRESERVED_SPECIMEN,IBUNAM,f6cc0fcc-1605-4bd4-bbea-dd12f697a2ba,MX,Tlaxcala,2002,2002-08-12,"rdativ,osiic"
4169268545,Pseudoeurycea leprosa,"Pseudoeurycea leprosa (Cope, 1869)",-97.97176,19.23533,80,PRESERVED_SPECIMEN,IBUNAM,f6cc0fcc-1605-4bd4-bbea-dd12f697a2ba,MX,Tlaxcala,2002,2002-08-12,"rdativ,osiic"
4169270673,Pseudoeurycea leprosa,"Pseudoeurycea leprosa (Cope, 1869)",-98.691,19.357,80,PRESERVED_SPECIMEN,IBUNAM,f6cc0fcc-1605-4bd4-bbea-dd12f697a2ba,MX,Mexico,2002,2002-08-08,osiic
4169276720,Pseudoeurycea leprosa,"Pseudoeurycea leprosa (Cope, 1869)",-98.691,19.357,80,PRESERVED_SPECIMEN,IBUNAM,f6cc0fcc-1605-4bd4-bbea-dd12f697a2ba,MX,Mexico,2002,2002-08-08,osiic
4169278708,Pseudoeurycea leprosa,"Pseudoeurycea leprosa (Cope, 1869)",-97.97176,19.23533,80,PRESERVED_SPECIMEN,IBUNAM,f6cc0fcc-1605-4bd4-bbea-dd12f697a2ba,MX,Tlaxcala,2002,2002-08-12,"rdativ,osiic"
4169278722,Pseudoeurycea leprosa,"Pseudoeurycea leprosa (Cope, 1869)",-98.691,19.357,80,PRESERVED_SPECIMEN,IBUNAM,f6cc0fcc-1605-4bd4-bbea-dd12f697a2ba,MX,Mexico,2002,2002-08-08,osiic
4169278858,Pseudoeurycea leprosa,"Pseudoeurycea leprosa (Cope, 1869)",-97.97176,19.23533,80,PRESERVED_SPECIMEN,IBUNAM,f6cc0fcc-1605-4bd4-bbea-dd12f697a2ba,MX,Tlaxcala,2002,2002-08-12,"cdround,rdativ,osiic"
4169281959,Pseudoeurycea leprosa,"Pseudoeurycea leprosa (Cope, 1869)",-97.97176,19.23533,80,PRESERVED_SPECIMEN,IBUNAM,f6cc0fcc-1605-4bd4-bbea-dd12f697a2ba,MX,Tlaxcala,2002,2002-08-12,"rdativ,osiic"
4169282443,Pseudoeurycea leprosa,"Pseudoeurycea leprosa (Cope, 1869)",-98.691,19.357,80,PRESERVED_SPECIMEN,IBUNAM,f6cc0fcc-1605-4bd4-bbea-dd12f697a2ba,MX,Mexico,2002,2002-08-08,osiic
4169283182,Pseudoeurycea leprosa,"Pseudoeurycea leprosa (Cope, 1869)",-98.691,19.357,80,PRESERVED_SPECIMEN,IBUNAM,f6cc0fcc-1605-4bd4-bbea-dd12f697a2ba,MX,Mexico,2002,2002-08-08,osiic
1897582080,Pseudoeurycea leprosa,"Pseudoeurycea leprosa (Cope, 1869)",-98.047486,19.274779,80,PRESERVED_SPECIMEN,IBUNAM,a72ac6ef-6f55-4b17-a1d1-b213d5bb8977,MX,Tlaxcala,2002,2002-10-13,"cdround,osiic"
1897582083,Pseudoeurycea leprosa,"Pseudoeurycea leprosa (Cope, 1869)",-98.047486,19.274779,80,PRESERVED_SPECIMEN,IBUNAM,a72ac6ef-6f55-4b17-a1d1-b213d5bb8977,MX,Tlaxcala,2002,2002-10-13,"cdround,osiic"
1897582144,Pseudoeurycea leprosa,"Pseudoeurycea leprosa (Cope, 1869)",-98.047486,19.274779,80,PRESERVED_SPECIMEN,IBUNAM,a72ac6ef-6f55-4b17-a1d1-b213d5bb8977,MX,Tlaxcala,2002,2002-10-13,"cdround,osiic"
1897582308,Pseudoeurycea leprosa,"Pseudoeurycea leprosa (Cope, 1869)",-98.047486,19.274779,80,PRESERVED_SPECIMEN,IBUNAM,a72ac6ef-6f55-4b17-a1d1-b213d5bb8977,MX,Tlaxcala,2002,2002-10-13,"cdround,osiic"
4168986559,Pseudoeurycea leprosa,"Pseudoeurycea leprosa (Cope, 1869)",-97.97176,19.23533,80,PRESERVED_SPECIMEN,IBUNAM,f6cc0fcc-1605-4bd4-bbea-dd12f697a2ba,MX,Tlaxcala,2002,2002-10-13,osiic
4168999352,Pseudoeurycea leprosa,"Pseudoeurycea leprosa (Cope, 1869)",-97.97176,19.23533,80,PRESERVED_SPECIMEN,IBUNAM,f6cc0fcc-1605-4bd4-bbea-dd12f697a2ba,MX,Tlaxcala,2002,2002-10-13,osiic
4169102463,Pseudoeurycea leprosa,"Pseudoeurycea leprosa (Cope, 1869)",-97.97176,19.27478,80,PRESERVED_SPECIMEN,IBUNAM,f6cc0fcc-1605-4bd4-bbea-dd12f697a2ba,MX,Tlaxcala,2002,2002-10-13,osiic
4169230479,Pseudoeurycea leprosa,"Pseudoeurycea leprosa (Cope, 1869)",-98.047486,19.274779,80,PRESERVED_SPECIMEN,IBUNAM,f6cc0fcc-1605-4bd4-bbea-dd12f697a2ba,MX,Tlaxcala,2002,2002-10-13,"cdround,osiic"
4169269329,Pseudoeurycea leprosa,"Pseudoeurycea leprosa (Cope, 1869)",-98.04749,19.23533,80,PRESERVED_SPECIMEN,IBUNAM,f6cc0fcc-1605-4bd4-bbea-dd12f697a2ba,MX,Tlaxcala,2002,2002-10-13,osiic
1897582236,Pseudoeurycea leprosa,"Pseudoeurycea leprosa (Cope, 1869)",-98.0249,19.2345,80,PRESERVED_SPECIMEN,IBUNAM,a72ac6ef-6f55-4b17-a1d1-b213d5bb8977,MX,Tlaxcala,1999,1999-01,"cdround,rdativ,osiic"
4169152232,Pseudoeurycea leprosa,"Pseudoeurycea leprosa (Cope, 1869)",-98.0249,19.2345,80,PRESERVED_SPECIMEN,IBUNAM,f6cc0fcc-1605-4bd4-bbea-dd12f697a2ba,MX,Tlaxcala,1999,1999-01,"cdround,rdativ,osiic"
4169227717,Pseudoeurycea leprosa,"Pseudoeurycea leprosa (Cope, 1869)",-98.0249,19.2345,80,PRESERVED_SPECIMEN,IBUNAM,f6cc0fcc-1605-4bd4-bbea-dd12f697a2ba,MX,Tlaxcala,1999,1999-01,"cdround,rdativ,osiic"
4169239812,Pseudoeurycea leprosa,"Pseudoeurycea leprosa (Cope, 1869)",-98.0249,19.2345,80,PRESERVED_SPECIMEN,IBUNAM,f6cc0fcc-1605-4bd4-bbea-dd12f697a2ba,MX,Tlaxcala,1999,1999-01,"cdround,rdativ,osiic"
4169240996,Pseudoeurycea leprosa,"Pseudoeurycea leprosa (Cope, 1869)",-98.0249,19.2345,80,PRESERVED_SPECIMEN,IBUNAM,f6cc0fcc-1605-4bd4-bbea-dd12f697a2ba,MX,Tlaxcala,1999,1999-01,"cdround,rdativ,osiic"
4169273968,Pseudoeurycea leprosa,"Pseudoeurycea leprosa (Cope, 1869)",-98.0249,19.2345,80,PRESERVED_SPECIMEN,IBUNAM,f6cc0fcc-1605-4bd4-bbea-dd12f697a2ba,MX,Tlaxcala,1999,1999-01,"cdround,rdativ,osiic"
4169278586,Pseudoeurycea leprosa,"Pseudoeurycea leprosa (Cope, 1869)",-98.0249,19.2345,80,PRESERVED_SPECIMEN,IBUNAM,f6cc0fcc-1605-4bd4-bbea-dd12f697a2ba,MX,Tlaxcala,1999,1999-01,"cdround,rdativ,osiic"
4169243042,Pseudoeurycea leprosa,"Pseudoeurycea leprosa (Cope, 1869)",-99.332,19.062,90,PRESERVED_SPECIMEN,IBUNAM,f6cc0fcc-1605-4bd4-bbea-dd12f697a2ba,MX,Mexico,1999,1999-07-25,osiic
1895595913,Pseudoeurycea leprosa,"Pseudoeurycea leprosa (Cope, 1869)",-97.483611,18.668056,90,PRESERVED_SPECIMEN,FCB-BUAP,7fe92692-f762-11e1-a439-00145eb45e9a,MX,Puebla,1999,1999-08-05,"cdround,rdativ,osiic"
1895595919,Pseudoeurycea leprosa,"Pseudoeurycea leprosa (Cope, 1869)",-97.483611,18.668056,90,PRESERVED_SPECIMEN,FCB-BUAP,7fe92692-f762-11e1-a439-00145eb45e9a,MX,Puebla,1999,1999-08-05,"cdround,rdativ,osiic"
1895595925,Pseudoeurycea leprosa,"Pseudoeurycea leprosa (Cope, 1869)",-97.483611,18.668056,90,PRESERVED_SPECIMEN,FCB-BUAP,7fe92692-f762-11e1-a439-00145eb45e9a,MX,Puebla,1999,1999-08-05,"cdround,rdativ,osiic"
1895595928,Pseudoeurycea leprosa,"Pseudoeurycea leprosa (Cope, 1869)",-97.483611,18.668056,90,PRESERVED_SPECIMEN,FCB-BUAP,7fe92692-f762-11e1-a439-00145eb45e9a,MX,Puebla,1999,1999-08-05,"cdround,rdativ,osiic"
1895595933,Pseudoeurycea leprosa,"Pseudoeurycea leprosa (Cope, 1869)",-97.483611,18.668056,90,PRESERVED_SPECIMEN,FCB-BUAP,7fe92692-f762-11e1-a439-00145eb45e9a,MX,Puebla,1999,1999-08-05,"cdround,rdativ,osiic"
1895595938,Pseudoeurycea leprosa,"Pseudoeurycea leprosa (Cope, 1869)",-97.483611,18.668056,90,PRESERVED_SPECIMEN,FCB-BUAP,7fe92692-f762-11e1-a439-00145eb45e9a,MX,Puebla,1999,1999-08-05,"cdround,rdativ,osiic"
1895595942,Pseudoeurycea leprosa,"Pseudoeurycea leprosa (Cope, 1869)",-97.483611,18.668056,90,PRESERVED_SPECIMEN,FCB-BUAP,7fe92692-f762-11e1-a439-00145eb45e9a,MX,Puebla,1999,1999-08-05,"cdround,rdativ,osiic"
1895595947,Pseudoeurycea leprosa,"Pseudoeurycea leprosa (Cope, 1869)",-97.483611,18.668056,90,PRESERVED_SPECIMEN,FCB-BUAP,7fe92692-f762-11e1-a439-00145eb45e9a,MX,Puebla,1999,1999-08-05,"cdround,rdativ,osiic"
4169172802,Pseudoeurycea leprosa,"Pseudoeurycea leprosa (Cope, 1869)",-98,19.2545,80,PRESERVED_SPECIMEN,IBUNAM,f6cc0fcc-1605-4bd4-bbea-dd12f697a2ba,MX,Tlaxcala,1999,1999-08-15,osiic
4169182524,Pseudoeurycea leprosa,"Pseudoeurycea leprosa (Cope, 1869)",-98,19.2545,80,PRESERVED_SPECIMEN,IBUNAM,f6cc0fcc-1605-4bd4-bbea-dd12f697a2ba,MX,Tlaxcala,1999,1999-08-15,osiic
4169184577,Pseudoeurycea leprosa,"Pseudoeurycea leprosa (Cope, 1869)",-98,19.2545,80,PRESERVED_SPECIMEN,IBUNAM,f6cc0fcc-1605-4bd4-bbea-dd12f697a2ba,MX,Tlaxcala,1999,1999-08-15,osiic
4169261696,Pseudoeurycea leprosa,"Pseudoeurycea leprosa (Cope, 1869)",-98,19.2545,80,PRESERVED_SPECIMEN,IBUNAM,f6cc0fcc-1605-4bd4-bbea-dd12f697a2ba,MX,Tlaxcala,1999,1999-08-15,osiic
4169281616,Pseudoeurycea leprosa,"Pseudoeurycea leprosa (Cope, 1869)",-98,19.2545,80,PRESERVED_SPECIMEN,IBUNAM,f6cc0fcc-1605-4bd4-bbea-dd12f697a2ba,MX,Tlaxcala,1999,1999-08-15,osiic
4169262458,Pseudoeurycea leprosa,"Pseudoeurycea leprosa (Cope, 1869)",-99.40133,19.27167,90,PRESERVED_SPECIMEN,IBUNAM,f6cc0fcc-1605-4bd4-bbea-dd12f697a2ba,MX,Mexico,1997,1997-05,"rdativ,osiic"
1897582552,Pseudoeurycea leprosa,"Pseudoeurycea leprosa (Cope, 1869)",-97.2669,18.89804,90,PRESERVED_SPECIMEN,IBUNAM,a72ac6ef-6f55-4b17-a1d1-b213d5bb8977,MX,Puebla,1997,1997-10-13,"cdround,osiic"
4168923764,Pseudoeurycea leprosa,"Pseudoeurycea leprosa (Cope, 1869)",-97.146,19.637,80,PRESERVED_SPECIMEN,IBUNAM,f6cc0fcc-1605-4bd4-bbea-dd12f697a2ba,MX,Veracruz de ignacio de la llave,1997,1997-10-16,osiic
4169012435,Pseudoeurycea leprosa,"Pseudoeurycea leprosa (Cope, 1869)",-97.095,19.592,80,PRESERVED_SPECIMEN,IBUNAM,f6cc0fcc-1605-4bd4-bbea-dd12f697a2ba,MX,Veracruz de ignacio de la llave,1997,1997-10-14,osiic
4169231552,Pseudoeurycea leprosa,"Pseudoeurycea leprosa (Cope, 1869)",-97.095,19.592,80,PRESERVED_SPECIMEN,IBUNAM,f6cc0fcc-1605-4bd4-bbea-dd12f697a2ba,MX,Veracruz de ignacio de la llave,1997,1997-10-14,osiic
4169244790,Pseudoeurycea leprosa,"Pseudoeurycea leprosa (Cope, 1869)",-97.289,18.935,90,PRESERVED_SPECIMEN,IBUNAM,f6cc0fcc-1605-4bd4-bbea-dd12f697a2ba,MX,Puebla,1997,1997-10-13,osiic
4169247136,Pseudoeurycea leprosa,"Pseudoeurycea leprosa (Cope, 1869)",-97.095,19.592,80,PRESERVED_SPECIMEN,IBUNAM,f6cc0fcc-1605-4bd4-bbea-dd12f697a2ba,MX,Veracruz de ignacio de la llave,1997,1997-10-14,osiic
4169273946,Pseudoeurycea leprosa,"Pseudoeurycea leprosa (Cope, 1869)",-97.095,19.592,80,PRESERVED_SPECIMEN,IBUNAM,f6cc0fcc-1605-4bd4-bbea-dd12f697a2ba,MX,Veracruz de ignacio de la llave,1997,1997-10-14,osiic
4168923981,Pseudoeurycea leprosa,"Pseudoeurycea leprosa (Cope, 1869)",-99.21,19.32,80,PRESERVED_SPECIMEN,IBUNAM,f6cc0fcc-1605-4bd4-bbea-dd12f697a2ba,MX,Ciudad de mexico,1994,1994-02-22,osiic
4169173110,Pseudoeurycea leprosa,"Pseudoeurycea leprosa (Cope, 1869)",-99.21,19.32,80,PRESERVED_SPECIMEN,IBUNAM,f6cc0fcc-1605-4bd4-bbea-dd12f697a2ba,MX,Ciudad de mexico,1994,1994-02-22,osiic
1895031128,Pseudoeurycea leprosa,"Pseudoeurycea leprosa (Cope, 1869)",-99.484444,19.268611,90,PRESERVED_SPECIMEN,ENCB-IPN,0159cf6b-6a46-4365-96f1-d7ca2511f082,MX,Mexico,1994,1994-06-26,"cdround,osiic"
1895031482,Pseudoeurycea leprosa,"Pseudoeurycea leprosa (Cope, 1869)",-99.484444,19.268611,90,PRESERVED_SPECIMEN,ENCB-IPN,0159cf6b-6a46-4365-96f1-d7ca2511f082,MX,Mexico,1994,1994-06-26,"cdround,osiic"
1895031753,Pseudoeurycea leprosa,"Pseudoeurycea leprosa (Cope, 1869)",-99.484444,19.268611,90,PRESERVED_SPECIMEN,ENCB-IPN,0159cf6b-6a46-4365-96f1-d7ca2511f082,MX,Mexico,1994,1994-06-26,"cdround,osiic"
4168877368,Pseudoeurycea leprosa,"Pseudoeurycea leprosa (Cope, 1869)",-98.72167,19.305,80,PRESERVED_SPECIMEN,IBUNAM,f6cc0fcc-1605-4bd4-bbea-dd12f697a2ba,MX,Mexico,1994,1994-09-23,osiic
4168961917,Pseudoeurycea leprosa,"Pseudoeurycea leprosa (Cope, 1869)",-98.72167,19.305,80,PRESERVED_SPECIMEN,IBUNAM,f6cc0fcc-1605-4bd4-bbea-dd12f697a2ba,MX,Mexico,1994,1994-09-23,osiic
4168999866,Pseudoeurycea leprosa,"Pseudoeurycea leprosa (Cope, 1869)",-98.72167,19.305,80,PRESERVED_SPECIMEN,IBUNAM,f6cc0fcc-1605-4bd4-bbea-dd12f697a2ba,MX,Mexico,1994,1994-09-23,osiic
4169135324,Pseudoeurycea leprosa,"Pseudoeurycea leprosa (Cope, 1869)",-98.72167,19.305,80,PRESERVED_SPECIMEN,IBUNAM,f6cc0fcc-1605-4bd4-bbea-dd12f697a2ba,MX,Mexico,1994,1994-09-23,osiic
4169135439,Pseudoeurycea leprosa,"Pseudoeurycea leprosa (Cope, 1869)",-98.72167,19.305,80,PRESERVED_SPECIMEN,IBUNAM,f6cc0fcc-1605-4bd4-bbea-dd12f697a2ba,MX,Mexico,1994,1994-09-23,osiic
4169162968,Pseudoeurycea leprosa,"Pseudoeurycea leprosa (Cope, 1869)",-98.72167,19.305,80,PRESERVED_SPECIMEN,IBUNAM,f6cc0fcc-1605-4bd4-bbea-dd12f697a2ba,MX,Mexico,1994,1994-09-23,osiic
4169171134,Pseudoeurycea leprosa,"Pseudoeurycea leprosa (Cope, 1869)",-98.72167,19.305,80,PRESERVED_SPECIMEN,IBUNAM,f6cc0fcc-1605-4bd4-bbea-dd12f697a2ba,MX,Mexico,1994,1994-09-23,osiic
4169188568,Pseudoeurycea leprosa,"Pseudoeurycea leprosa (Cope, 1869)",-98.72167,19.305,80,PRESERVED_SPECIMEN,IBUNAM,f6cc0fcc-1605-4bd4-bbea-dd12f697a2ba,MX,Mexico,1994,1994-09-23,osiic
4169192807,Pseudoeurycea leprosa,"Pseudoeurycea leprosa (Cope, 1869)",-98.72167,19.305,80,PRESERVED_SPECIMEN,IBUNAM,f6cc0fcc-1605-4bd4-bbea-dd12f697a2ba,MX,Mexico,1994,1994-09-23,osiic
4169208377,Pseudoeurycea leprosa,"Pseudoeurycea leprosa (Cope, 1869)",-98.72167,19.305,80,PRESERVED_SPECIMEN,IBUNAM,f6cc0fcc-1605-4bd4-bbea-dd12f697a2ba,MX,Mexico,1994,1994-09-23,osiic
4169212960,Pseudoeurycea leprosa,"Pseudoeurycea leprosa (Cope, 1869)",-98.72167,19.305,80,PRESERVED_SPECIMEN,IBUNAM,f6cc0fcc-1605-4bd4-bbea-dd12f697a2ba,MX,Mexico,1994,1994-09-23,osiic
4169232467,Pseudoeurycea leprosa,"Pseudoeurycea leprosa (Cope, 1869)",-98.72167,19.305,80,PRESERVED_SPECIMEN,IBUNAM,f6cc0fcc-1605-4bd4-bbea-dd12f697a2ba,MX,Mexico,1994,1994-09-23,osiic
4169242507,Pseudoeurycea leprosa,"Pseudoeurycea leprosa (Cope, 1869)",-98.72167,19.305,80,PRESERVED_SPECIMEN,IBUNAM,f6cc0fcc-1605-4bd4-bbea-dd12f697a2ba,MX,Mexico,1994,1994-09-23,osiic
4169247967,Pseudoeurycea leprosa,"Pseudoeurycea leprosa (Cope, 1869)",-98.72167,19.305,80,PRESERVED_SPECIMEN,IBUNAM,f6cc0fcc-1605-4bd4-bbea-dd12f697a2ba,MX,Mexico,1994,1994-09-23,osiic
4169267525,Pseudoeurycea leprosa,"Pseudoeurycea leprosa (Cope, 1869)",-98.72167,19.305,80,PRESERVED_SPECIMEN,IBUNAM,f6cc0fcc-1605-4bd4-bbea-dd12f697a2ba,MX,Mexico,1994,1994-09-23,osiic
4169272657,Pseudoeurycea leprosa,"Pseudoeurycea leprosa (Cope, 1869)",-98.72167,19.305,80,PRESERVED_SPECIMEN,IBUNAM,f6cc0fcc-1605-4bd4-bbea-dd12f697a2ba,MX,Mexico,1994,1994-09-23,osiic
4169283883,Pseudoeurycea leprosa,"Pseudoeurycea leprosa (Cope, 1869)",-98.72167,19.305,80,PRESERVED_SPECIMEN,IBUNAM,f6cc0fcc-1605-4bd4-bbea-dd12f697a2ba,MX,Mexico,1994,1994-09-23,osiic
5147067449,Pseudoeurycea leprosa,"Pseudoeurycea leprosa (Cope, 1869)",-98.05,19.218056,22542,PRESERVED_SPECIMEN,MVZ,09c4287e-e6d5-4552-a07f-bff8a00833d8,MX,Tlaxcala,1992,1992-04-05,"cdc,cdround,incomis,inmafu"
5147313450,Pseudoeurycea leprosa,"Pseudoeurycea leprosa (Cope, 1869)",-98.05,19.218056,22542,PRESERVED_SPECIMEN,MVZ,09c4287e-e6d5-4552-a07f-bff8a00833d8,MX,Tlaxcala,1992,1992-04-05,"cdc,cdround,incomis,inmafu"
5147437448,Pseudoeurycea leprosa,"Pseudoeurycea leprosa (Cope, 1869)",-98.05,19.218056,22542,PRESERVED_SPECIMEN,MVZ,09c4287e-e6d5-4552-a07f-bff8a00833d8,MX,Tlaxcala,1992,1992-04-05,"cdc,cdround,incomis,inmafu"
5147498450,Pseudoeurycea leprosa,"Pseudoeurycea leprosa (Cope, 1869)",-98.05,19.218056,22542,PRESERVED_SPECIMEN,MVZ,09c4287e-e6d5-4552-a07f-bff8a00833d8,MX,Tlaxcala,1992,1992-04-05,"cdc,cdround,incomis,inmafu"
5147499449,Pseudoeurycea leprosa,"Pseudoeurycea leprosa (Cope, 1869)",-98.05,19.218056,22542,PRESERVED_SPECIMEN,MVZ,09c4287e-e6d5-4552-a07f-bff8a00833d8,MX,Tlaxcala,1992,1992-04-05,"cdc,cdround,incomis,inmafu"
4168730600,Pseudoeurycea leprosa,"Pseudoeurycea leprosa (Cope, 1869)",-98.756667,19.068333,90,PRESERVED_SPECIMEN,MZFC-FC-UNAM,0159cf6b-6a46-4365-96f1-d7ca2511f082,MX,Mexico,1992,1992-06-29,"cdround,osiic"
4168730362,Pseudoeurycea leprosa,"Pseudoeurycea leprosa (Cope, 1869)",-99.411111,19.574444,80,PRESERVED_SPECIMEN,MZFC-FC-UNAM,0159cf6b-6a46-4365-96f1-d7ca2511f082,MX,Mexico,1991,1991-06-06,"cdround,osiic"
2629119340,Pseudoeurycea leprosa,"Pseudoeurycea leprosa (Cope, 1869)",-98.7033,18.969801,NA,PRESERVED_SPECIMEN,ENCB-IPN,63ed64cb-90b7-4ecc-b94c-3a0317742379,MX,Mexico,1988,1988-02-15,"cdround,osiic"
2629119478,Pseudoeurycea leprosa,"Pseudoeurycea leprosa (Cope, 1869)",-98.7033,18.969801,NA,PRESERVED_SPECIMEN,ENCB-IPN,63ed64cb-90b7-4ecc-b94c-3a0317742379,MX,Mexico,1988,1988-02-15,"cdround,osiic"
2629119897,Pseudoeurycea leprosa,"Pseudoeurycea leprosa (Cope, 1869)",-98.7033,18.969801,NA,PRESERVED_SPECIMEN,ENCB-IPN,63ed64cb-90b7-4ecc-b94c-3a0317742379,MX,Mexico,1988,1988-02-15,"cdround,osiic"
2629120694,Pseudoeurycea leprosa,"Pseudoeurycea leprosa (Cope, 1869)",-98.7033,18.969801,NA,PRESERVED_SPECIMEN,ENCB-IPN,63ed64cb-90b7-4ecc-b94c-3a0317742379,MX,Mexico,1988,1988-02-15,"cdround,osiic"
2629122472,Pseudoeurycea leprosa,"Pseudoeurycea leprosa (Cope, 1869)",-98.7033,18.969801,NA,PRESERVED_SPECIMEN,ENCB-IPN,63ed64cb-90b7-4ecc-b94c-3a0317742379,MX,Mexico,1988,1988-02-15,"cdround,osiic"
2629123480,Pseudoeurycea leprosa,"Pseudoeurycea leprosa (Cope, 1869)",-98.7033,18.969801,NA,PRESERVED_SPECIMEN,ENCB-IPN,63ed64cb-90b7-4ecc-b94c-3a0317742379,MX,Mexico,1988,1988-02-15,"cdround,osiic"
2629123694,Pseudoeurycea leprosa,"Pseudoeurycea leprosa (Cope, 1869)",-98.7033,18.969801,NA,PRESERVED_SPECIMEN,ENCB-IPN,63ed64cb-90b7-4ecc-b94c-3a0317742379,MX,Mexico,1988,1988-02-15,"cdround,osiic"
2629124518,Pseudoeurycea leprosa,"Pseudoeurycea leprosa (Cope, 1869)",-98.7033,18.969801,NA,PRESERVED_SPECIMEN,ENCB-IPN,63ed64cb-90b7-4ecc-b94c-3a0317742379,MX,Mexico,1988,1988-02-15,"cdround,osiic"
2629124730,Pseudoeurycea leprosa,"Pseudoeurycea leprosa (Cope, 1869)",-98.7033,18.969801,NA,PRESERVED_SPECIMEN,ENCB-IPN,63ed64cb-90b7-4ecc-b94c-3a0317742379,MX,Mexico,1988,1988-02-15,"cdround,osiic"
2629125126,Pseudoeurycea leprosa,"Pseudoeurycea leprosa (Cope, 1869)",-98.7033,18.969801,NA,PRESERVED_SPECIMEN,ENCB-IPN,63ed64cb-90b7-4ecc-b94c-3a0317742379,MX,Mexico,1988,1988-02-15,"cdround,osiic"
2629126658,Pseudoeurycea leprosa,"Pseudoeurycea leprosa (Cope, 1869)",-98.7033,18.969801,NA,PRESERVED_SPECIMEN,ENCB-IPN,63ed64cb-90b7-4ecc-b94c-3a0317742379,MX,Mexico,1988,1988-02-15,"cdround,osiic"
2629128361,Pseudoeurycea leprosa,"Pseudoeurycea leprosa (Cope, 1869)",-98.7033,18.969801,NA,PRESERVED_SPECIMEN,ENCB-IPN,63ed64cb-90b7-4ecc-b94c-3a0317742379,MX,Mexico,1988,1988-02-15,"cdround,osiic"
2629128657,Pseudoeurycea leprosa,"Pseudoeurycea leprosa (Cope, 1869)",-98.7033,18.969801,NA,PRESERVED_SPECIMEN,ENCB-IPN,63ed64cb-90b7-4ecc-b94c-3a0317742379,MX,Mexico,1988,1988-02-15,"cdround,osiic"
2629133235,Pseudoeurycea leprosa,"Pseudoeurycea leprosa (Cope, 1869)",-98.7033,18.969801,NA,PRESERVED_SPECIMEN,ENCB-IPN,63ed64cb-90b7-4ecc-b94c-3a0317742379,MX,Mexico,1988,1988-02-15,"cdround,osiic"
2629135846,Pseudoeurycea leprosa,"Pseudoeurycea leprosa (Cope, 1869)",-98.7033,18.969801,NA,PRESERVED_SPECIMEN,ENCB-IPN,63ed64cb-90b7-4ecc-b94c-3a0317742379,MX,Mexico,1988,1988-02-15,"cdround,osiic"
2629137809,Pseudoeurycea leprosa,"Pseudoeurycea leprosa (Cope, 1869)",-98.7033,18.969801,NA,PRESERVED_SPECIMEN,ENCB-IPN,63ed64cb-90b7-4ecc-b94c-3a0317742379,MX,Mexico,1988,1988-02-15,"cdround,osiic"
2629137822,Pseudoeurycea leprosa,"Pseudoeurycea leprosa (Cope, 1869)",-98.7033,18.969801,NA,PRESERVED_SPECIMEN,ENCB-IPN,63ed64cb-90b7-4ecc-b94c-3a0317742379,MX,Mexico,1988,1988-02-15,"cdround,osiic"
2629124450,Pseudoeurycea leprosa,"Pseudoeurycea leprosa (Cope, 1869)",-98.042297,19.2111,NA,PRESERVED_SPECIMEN,ENCB-IPN,63ed64cb-90b7-4ecc-b94c-3a0317742379,MX,Tlaxcala,1988,1988-05-05,"cdround,osiic"
2629125075,Pseudoeurycea leprosa,"Pseudoeurycea leprosa (Cope, 1869)",-98.042297,19.2111,NA,PRESERVED_SPECIMEN,ENCB-IPN,63ed64cb-90b7-4ecc-b94c-3a0317742379,MX,Tlaxcala,1988,1988-05-05,"cdround,osiic"
2629118301,Pseudoeurycea leprosa,"Pseudoeurycea leprosa (Cope, 1869)",-98.644402,19.3785,NA,PRESERVED_SPECIMEN,ENCB-IPN,63ed64cb-90b7-4ecc-b94c-3a0317742379,MX,Puebla,1988,1988-06-10,"cdround,rdativ,osiic"
2629120120,Pseudoeurycea leprosa,"Pseudoeurycea leprosa (Cope, 1869)",-98.644402,19.3785,NA,PRESERVED_SPECIMEN,ENCB-IPN,63ed64cb-90b7-4ecc-b94c-3a0317742379,MX,Puebla,1988,1988-06-10,"cdround,rdativ,osiic"
2629122212,Pseudoeurycea leprosa,"Pseudoeurycea leprosa (Cope, 1869)",-98.644402,19.3785,NA,PRESERVED_SPECIMEN,ENCB-IPN,63ed64cb-90b7-4ecc-b94c-3a0317742379,MX,Puebla,1988,1988-06-10,"cdround,rdativ,osiic"
2629122335,Pseudoeurycea leprosa,"Pseudoeurycea leprosa (Cope, 1869)",-98.644402,19.3785,NA,PRESERVED_SPECIMEN,ENCB-IPN,63ed64cb-90b7-4ecc-b94c-3a0317742379,MX,Puebla,1988,1988-06-10,"cdround,rdativ,osiic"
2629133627,Pseudoeurycea leprosa,"Pseudoeurycea leprosa (Cope, 1869)",-96.018799,18.6681,NA,PRESERVED_SPECIMEN,ENCB-IPN,63ed64cb-90b7-4ecc-b94c-3a0317742379,MX,Veracruz de ignacio de la llave,1988,1988-06-02,"cdround,rdativ,osiic"
2629134297,Pseudoeurycea leprosa,"Pseudoeurycea leprosa (Cope, 1869)",-98.644402,19.3785,NA,PRESERVED_SPECIMEN,ENCB-IPN,63ed64cb-90b7-4ecc-b94c-3a0317742379,MX,Puebla,1988,1988-06-10,"cdround,rdativ,osiic"
2629134914,Pseudoeurycea leprosa,"Pseudoeurycea leprosa (Cope, 1869)",-98.644402,19.3785,NA,PRESERVED_SPECIMEN,ENCB-IPN,63ed64cb-90b7-4ecc-b94c-3a0317742379,MX,Puebla,1988,1988-06-10,"cdround,rdativ,osiic"
2629137343,Pseudoeurycea leprosa,"Pseudoeurycea leprosa (Cope, 1869)",-98.644402,19.3785,NA,PRESERVED_SPECIMEN,ENCB-IPN,63ed64cb-90b7-4ecc-b94c-3a0317742379,MX,Puebla,1988,1988-06-10,"cdround,rdativ,osiic"
2629117393,Pseudoeurycea leprosa,"Pseudoeurycea leprosa (Cope, 1869)",-97.988602,19.2425,NA,PRESERVED_SPECIMEN,ENCB-IPN,63ed64cb-90b7-4ecc-b94c-3a0317742379,MX,Tlaxcala,1988,1988-07-15,"cdround,osiic"
2629117552,Pseudoeurycea leprosa,"Pseudoeurycea leprosa (Cope, 1869)",-97.9841,19.242201,NA,PRESERVED_SPECIMEN,ENCB-IPN,63ed64cb-90b7-4ecc-b94c-3a0317742379,MX,Tlaxcala,1988,1988-07-13,"cdround,osiic"
2629117643,Pseudoeurycea leprosa,"Pseudoeurycea leprosa (Cope, 1869)",-97.9841,19.242201,NA,PRESERVED_SPECIMEN,ENCB-IPN,63ed64cb-90b7-4ecc-b94c-3a0317742379,MX,Tlaxcala,1988,1988-07-13,"cdround,osiic"
2629119183,Pseudoeurycea leprosa,"Pseudoeurycea leprosa (Cope, 1869)",-98.591904,19.194901,NA,PRESERVED_SPECIMEN,ENCB-IPN,63ed64cb-90b7-4ecc-b94c-3a0317742379,MX,Puebla,1988,1988-07-02,"cdround,rdativ,osiic"
2629119244,Pseudoeurycea leprosa,"Pseudoeurycea leprosa (Cope, 1869)",-97.9841,19.242201,NA,PRESERVED_SPECIMEN,ENCB-IPN,63ed64cb-90b7-4ecc-b94c-3a0317742379,MX,Tlaxcala,1988,1988-07-13,"cdround,osiic"
2629119900,Pseudoeurycea leprosa,"Pseudoeurycea leprosa (Cope, 1869)",-97.211899,19.093399,NA,PRESERVED_SPECIMEN,ENCB-IPN,63ed64cb-90b7-4ecc-b94c-3a0317742379,MX,Veracruz de ignacio de la llave,1988,1988-07-06,"cdround,rdativ,osiic"
2629120106,Pseudoeurycea leprosa,"Pseudoeurycea leprosa (Cope, 1869)",-97.9841,19.242201,NA,PRESERVED_SPECIMEN,ENCB-IPN,63ed64cb-90b7-4ecc-b94c-3a0317742379,MX,Tlaxcala,1988,1988-07-13,"cdround,osiic"
2629120332,Pseudoeurycea leprosa,"Pseudoeurycea leprosa (Cope, 1869)",-97.9841,19.242201,NA,PRESERVED_SPECIMEN,ENCB-IPN,63ed64cb-90b7-4ecc-b94c-3a0317742379,MX,Tlaxcala,1988,1988-07-13,"cdround,osiic"
2629120457,Pseudoeurycea leprosa,"Pseudoeurycea leprosa (Cope, 1869)",-97.211899,19.093399,NA,PRESERVED_SPECIMEN,ENCB-IPN,63ed64cb-90b7-4ecc-b94c-3a0317742379,MX,Veracruz de ignacio de la llave,1988,1988-07-06,"cdround,rdativ,osiic"
2629120753,Pseudoeurycea leprosa,"Pseudoeurycea leprosa (Cope, 1869)",-97.988602,19.2425,NA,PRESERVED_SPECIMEN,ENCB-IPN,63ed64cb-90b7-4ecc-b94c-3a0317742379,MX,Tlaxcala,1988,1988-07-15,"cdround,osiic"
2629120807,Pseudoeurycea leprosa,"Pseudoeurycea leprosa (Cope, 1869)",-97.9841,19.242201,NA,PRESERVED_SPECIMEN,ENCB-IPN,63ed64cb-90b7-4ecc-b94c-3a0317742379,MX,Tlaxcala,1988,1988-07-13,"cdround,osiic"
2629120836,Pseudoeurycea leprosa,"Pseudoeurycea leprosa (Cope, 1869)",-97.9841,19.242201,NA,PRESERVED_SPECIMEN,ENCB-IPN,63ed64cb-90b7-4ecc-b94c-3a0317742379,MX,Tlaxcala,1988,1988-07-13,"cdround,osiic"
2629120939,Pseudoeurycea leprosa,"Pseudoeurycea leprosa (Cope, 1869)",-97.988602,19.2425,NA,PRESERVED_SPECIMEN,ENCB-IPN,63ed64cb-90b7-4ecc-b94c-3a0317742379,MX,Tlaxcala,1988,1988-07-15,"cdround,osiic"
2629121206,Pseudoeurycea leprosa,"Pseudoeurycea leprosa (Cope, 1869)",-97.9841,19.242201,NA,PRESERVED_SPECIMEN,ENCB-IPN,63ed64cb-90b7-4ecc-b94c-3a0317742379,MX,Tlaxcala,1988,1988-07-13,"cdround,osiic"
2629121580,Pseudoeurycea leprosa,"Pseudoeurycea leprosa (Cope, 1869)",-97.9841,19.242201,NA,PRESERVED_SPECIMEN,ENCB-IPN,63ed64cb-90b7-4ecc-b94c-3a0317742379,MX,Tlaxcala,1988,1988-07-13,"cdround,osiic"
2629121871,Pseudoeurycea leprosa,"Pseudoeurycea leprosa (Cope, 1869)",-97.988602,19.2425,NA,PRESERVED_SPECIMEN,ENCB-IPN,63ed64cb-90b7-4ecc-b94c-3a0317742379,MX,Tlaxcala,1988,1988-07-15,"cdround,osiic"
2629121990,Pseudoeurycea leprosa,"Pseudoeurycea leprosa (Cope, 1869)",-97.988602,19.2425,NA,PRESERVED_SPECIMEN,ENCB-IPN,63ed64cb-90b7-4ecc-b94c-3a0317742379,MX,Tlaxcala,1988,1988-07-15,"cdround,osiic"
2629122102,Pseudoeurycea leprosa,"Pseudoeurycea leprosa (Cope, 1869)",-97.988602,19.2425,NA,PRESERVED_SPECIMEN,ENCB-IPN,63ed64cb-90b7-4ecc-b94c-3a0317742379,MX,Tlaxcala,1988,1988-07-14,"cdround,osiic"
2629122795,Pseudoeurycea leprosa,"Pseudoeurycea leprosa (Cope, 1869)",-98.591904,19.194901,NA,PRESERVED_SPECIMEN,ENCB-IPN,63ed64cb-90b7-4ecc-b94c-3a0317742379,MX,Puebla,1988,1988-07-02,"cdround,rdativ,osiic"
2629122886,Pseudoeurycea leprosa,"Pseudoeurycea leprosa (Cope, 1869)",-97.988602,19.2425,NA,PRESERVED_SPECIMEN,ENCB-IPN,63ed64cb-90b7-4ecc-b94c-3a0317742379,MX,Tlaxcala,1988,1988-07-15,"cdround,osiic"
2629123555,Pseudoeurycea leprosa,"Pseudoeurycea leprosa (Cope, 1869)",-97.988602,19.2425,NA,PRESERVED_SPECIMEN,ENCB-IPN,63ed64cb-90b7-4ecc-b94c-3a0317742379,MX,Tlaxcala,1988,1988-07-15,"cdround,osiic"
2629123892,Pseudoeurycea leprosa,"Pseudoeurycea leprosa (Cope, 1869)",-97.9841,19.242201,NA,PRESERVED_SPECIMEN,ENCB-IPN,63ed64cb-90b7-4ecc-b94c-3a0317742379,MX,Tlaxcala,1988,1988-07-13,"cdround,osiic"
2629124662,Pseudoeurycea leprosa,"Pseudoeurycea leprosa (Cope, 1869)",-97.988602,19.2425,NA,PRESERVED_SPECIMEN,ENCB-IPN,63ed64cb-90b7-4ecc-b94c-3a0317742379,MX,Tlaxcala,1988,1988-07-15,"cdround,osiic"
2629124687,Pseudoeurycea leprosa,"Pseudoeurycea leprosa (Cope, 1869)",-97.988602,19.2425,NA,PRESERVED_SPECIMEN,ENCB-IPN,63ed64cb-90b7-4ecc-b94c-3a0317742379,MX,Tlaxcala,1988,1988-07-15,"cdround,osiic"
2629124864,Pseudoeurycea leprosa,"Pseudoeurycea leprosa (Cope, 1869)",-97.211899,19.093399,NA,PRESERVED_SPECIMEN,ENCB-IPN,63ed64cb-90b7-4ecc-b94c-3a0317742379,MX,Veracruz de ignacio de la llave,1988,1988-07-06,"cdround,rdativ,osiic"
2629125418,Pseudoeurycea leprosa,"Pseudoeurycea leprosa (Cope, 1869)",-97.9841,19.242201,NA,PRESERVED_SPECIMEN,ENCB-IPN,63ed64cb-90b7-4ecc-b94c-3a0317742379,MX,Tlaxcala,1988,1988-07-13,"cdround,osiic"
2629125798,Pseudoeurycea leprosa,"Pseudoeurycea leprosa (Cope, 1869)",-98.591904,19.194901,NA,PRESERVED_SPECIMEN,ENCB-IPN,63ed64cb-90b7-4ecc-b94c-3a0317742379,MX,Puebla,1988,1988-07-02,"cdround,rdativ,osiic"
2629125808,Pseudoeurycea leprosa,"Pseudoeurycea leprosa (Cope, 1869)",-97.211899,19.093399,NA,PRESERVED_SPECIMEN,ENCB-IPN,63ed64cb-90b7-4ecc-b94c-3a0317742379,MX,Veracruz de ignacio de la llave,1988,1988-07-06,"cdround,rdativ,osiic"
2629125953,Pseudoeurycea leprosa,"Pseudoeurycea leprosa (Cope, 1869)",-97.9841,19.242201,NA,PRESERVED_SPECIMEN,ENCB-IPN,63ed64cb-90b7-4ecc-b94c-3a0317742379,MX,Tlaxcala,1988,1988-07-13,"cdround,osiic"
2629126219,Pseudoeurycea leprosa,"Pseudoeurycea leprosa (Cope, 1869)",-97.9841,19.242201,NA,PRESERVED_SPECIMEN,ENCB-IPN,63ed64cb-90b7-4ecc-b94c-3a0317742379,MX,Tlaxcala,1988,1988-07-13,"cdround,osiic"
2629126389,Pseudoeurycea leprosa,"Pseudoeurycea leprosa (Cope, 1869)",-97.9841,19.242201,NA,PRESERVED_SPECIMEN,ENCB-IPN,63ed64cb-90b7-4ecc-b94c-3a0317742379,MX,Tlaxcala,1988,1988-07-13,"cdround,osiic"
2629126634,Pseudoeurycea leprosa,"Pseudoeurycea leprosa (Cope, 1869)",-97.9841,19.242201,NA,PRESERVED_SPECIMEN,ENCB-IPN,63ed64cb-90b7-4ecc-b94c-3a0317742379,MX,Tlaxcala,1988,1988-07-13,"cdround,osiic"
2629126945,Pseudoeurycea leprosa,"Pseudoeurycea leprosa (Cope, 1869)",-97.211899,19.093399,NA,PRESERVED_SPECIMEN,ENCB-IPN,63ed64cb-90b7-4ecc-b94c-3a0317742379,MX,Veracruz de ignacio de la llave,1988,1988-07-06,"cdround,rdativ,osiic"
2629126972,Pseudoeurycea leprosa,"Pseudoeurycea leprosa (Cope, 1869)",-97.211899,19.093399,NA,PRESERVED_SPECIMEN,ENCB-IPN,63ed64cb-90b7-4ecc-b94c-3a0317742379,MX,Veracruz de ignacio de la llave,1988,1988-07-06,"cdround,rdativ,osiic"
2629128315,Pseudoeurycea leprosa,"Pseudoeurycea leprosa (Cope, 1869)",-98.591904,19.194901,NA,PRESERVED_SPECIMEN,ENCB-IPN,63ed64cb-90b7-4ecc-b94c-3a0317742379,MX,Puebla,1988,1988-07-02,"cdround,rdativ,osiic"
2629128348,Pseudoeurycea leprosa,"Pseudoeurycea leprosa (Cope, 1869)",-97.9841,19.242201,NA,PRESERVED_SPECIMEN,ENCB-IPN,63ed64cb-90b7-4ecc-b94c-3a0317742379,MX,Tlaxcala,1988,1988-07-13,"cdround,osiic"
2629128610,Pseudoeurycea leprosa,"Pseudoeurycea leprosa (Cope, 1869)",-97.9841,19.242201,NA,PRESERVED_SPECIMEN,ENCB-IPN,63ed64cb-90b7-4ecc-b94c-3a0317742379,MX,Tlaxcala,1988,1988-07-13,"cdround,osiic"
2629129172,Pseudoeurycea leprosa,"Pseudoeurycea leprosa (Cope, 1869)",-97.9841,19.242201,NA,PRESERVED_SPECIMEN,ENCB-IPN,63ed64cb-90b7-4ecc-b94c-3a0317742379,MX,Tlaxcala,1988,1988-07-13,"cdround,osiic"
2629129256,Pseudoeurycea leprosa,"Pseudoeurycea leprosa (Cope, 1869)",-97.9841,19.242201,NA,PRESERVED_SPECIMEN,ENCB-IPN,63ed64cb-90b7-4ecc-b94c-3a0317742379,MX,Tlaxcala,1988,1988-07-13,"cdround,osiic"
2629130497,Pseudoeurycea leprosa,"Pseudoeurycea leprosa (Cope, 1869)",-97.9841,19.242201,NA,PRESERVED_SPECIMEN,ENCB-IPN,63ed64cb-90b7-4ecc-b94c-3a0317742379,MX,Tlaxcala,1988,1988-07-13,"cdround,osiic"
2629130763,Pseudoeurycea leprosa,"Pseudoeurycea leprosa (Cope, 1869)",-97.9841,19.242201,NA,PRESERVED_SPECIMEN,ENCB-IPN,63ed64cb-90b7-4ecc-b94c-3a0317742379,MX,Tlaxcala,1988,1988-07-13,"cdround,osiic"
2629131883,Pseudoeurycea leprosa,"Pseudoeurycea leprosa (Cope, 1869)",-97.9841,19.242201,NA,PRESERVED_SPECIMEN,ENCB-IPN,63ed64cb-90b7-4ecc-b94c-3a0317742379,MX,Tlaxcala,1988,1988-07-13,"cdround,osiic"
2629132267,Pseudoeurycea leprosa,"Pseudoeurycea leprosa (Cope, 1869)",-97.9841,19.242201,NA,PRESERVED_SPECIMEN,ENCB-IPN,63ed64cb-90b7-4ecc-b94c-3a0317742379,MX,Tlaxcala,1988,1988-07-13,"cdround,osiic"
2629132904,Pseudoeurycea leprosa,"Pseudoeurycea leprosa (Cope, 1869)",-97.988602,19.2425,NA,PRESERVED_SPECIMEN,ENCB-IPN,63ed64cb-90b7-4ecc-b94c-3a0317742379,MX,Tlaxcala,1988,1988-07-15,"cdround,osiic"
2629133073,Pseudoeurycea leprosa,"Pseudoeurycea leprosa (Cope, 1869)",-97.988602,19.2425,NA,PRESERVED_SPECIMEN,ENCB-IPN,63ed64cb-90b7-4ecc-b94c-3a0317742379,MX,Tlaxcala,1988,1988-07-14,"cdround,osiic"
2629133607,Pseudoeurycea leprosa,"Pseudoeurycea leprosa (Cope, 1869)",-97.9841,19.242201,NA,PRESERVED_SPECIMEN,ENCB-IPN,63ed64cb-90b7-4ecc-b94c-3a0317742379,MX,Tlaxcala,1988,1988-07-13,"cdround,osiic"
2629133663,Pseudoeurycea leprosa,"Pseudoeurycea leprosa (Cope, 1869)",-97.9841,19.242201,NA,PRESERVED_SPECIMEN,ENCB-IPN,63ed64cb-90b7-4ecc-b94c-3a0317742379,MX,Tlaxcala,1988,1988-07-13,"cdround,osiic"
2629133710,Pseudoeurycea leprosa,"Pseudoeurycea leprosa (Cope, 1869)",-97.988602,19.2425,NA,PRESERVED_SPECIMEN,ENCB-IPN,63ed64cb-90b7-4ecc-b94c-3a0317742379,MX,Tlaxcala,1988,1988-07-15,"cdround,osiic"
2629133750,Pseudoeurycea leprosa,"Pseudoeurycea leprosa (Cope, 1869)",-97.9841,19.242201,NA,PRESERVED_SPECIMEN,ENCB-IPN,63ed64cb-90b7-4ecc-b94c-3a0317742379,MX,Tlaxcala,1988,1988-07-13,"cdround,osiic"
2629133835,Pseudoeurycea leprosa,"Pseudoeurycea leprosa (Cope, 1869)",-97.211899,19.093399,NA,PRESERVED_SPECIMEN,ENCB-IPN,63ed64cb-90b7-4ecc-b94c-3a0317742379,MX,Veracruz de ignacio de la llave,1988,1988-07-06,"cdround,rdativ,osiic"
2629133894,Pseudoeurycea leprosa,"Pseudoeurycea leprosa (Cope, 1869)",-97.9841,19.242201,NA,PRESERVED_SPECIMEN,ENCB-IPN,63ed64cb-90b7-4ecc-b94c-3a0317742379,MX,Tlaxcala,1988,1988-07-13,"cdround,osiic"
2629133965,Pseudoeurycea leprosa,"Pseudoeurycea leprosa (Cope, 1869)",-97.9841,19.242201,NA,PRESERVED_SPECIMEN,ENCB-IPN,63ed64cb-90b7-4ecc-b94c-3a0317742379,MX,Tlaxcala,1988,1988-07-13,"cdround,osiic"
2629134312,Pseudoeurycea leprosa,"Pseudoeurycea leprosa (Cope, 1869)",-98.690399,19.0746,NA,PRESERVED_SPECIMEN,ENCB-IPN,63ed64cb-90b7-4ecc-b94c-3a0317742379,MX,Mexico,1988,1988-07-22,"cdround,osiic"
2629134496,Pseudoeurycea leprosa,"Pseudoeurycea leprosa (Cope, 1869)",-97.9841,19.242201,NA,PRESERVED_SPECIMEN,ENCB-IPN,63ed64cb-90b7-4ecc-b94c-3a0317742379,MX,Tlaxcala,1988,1988-07-13,"cdround,osiic"
2629134994,Pseudoeurycea leprosa,"Pseudoeurycea leprosa (Cope, 1869)",-98.591904,19.194901,NA,PRESERVED_SPECIMEN,ENCB-IPN,63ed64cb-90b7-4ecc-b94c-3a0317742379,MX,Puebla,1988,1988-07-02,"cdround,rdativ,osiic"
2629135507,Pseudoeurycea leprosa,"Pseudoeurycea leprosa (Cope, 1869)",-97.988602,19.2425,NA,PRESERVED_SPECIMEN,ENCB-IPN,63ed64cb-90b7-4ecc-b94c-3a0317742379,MX,Tlaxcala,1988,1988-07-15,"cdround,osiic"
2629136264,Pseudoeurycea leprosa,"Pseudoeurycea leprosa (Cope, 1869)",-97.9841,19.242201,NA,PRESERVED_SPECIMEN,ENCB-IPN,63ed64cb-90b7-4ecc-b94c-3a0317742379,MX,Tlaxcala,1988,1988-07-13,"cdround,osiic"
2629136621,Pseudoeurycea leprosa,"Pseudoeurycea leprosa (Cope, 1869)",-97.9841,19.242201,NA,PRESERVED_SPECIMEN,ENCB-IPN,63ed64cb-90b7-4ecc-b94c-3a0317742379,MX,Tlaxcala,1988,1988-07-13,"cdround,osiic"
2629136638,Pseudoeurycea leprosa,"Pseudoeurycea leprosa (Cope, 1869)",-97.9841,19.242201,NA,PRESERVED_SPECIMEN,ENCB-IPN,63ed64cb-90b7-4ecc-b94c-3a0317742379,MX,Tlaxcala,1988,1988-07-13,"cdround,osiic"
2629136640,Pseudoeurycea leprosa,"Pseudoeurycea leprosa (Cope, 1869)",-97.9841,19.242201,NA,PRESERVED_SPECIMEN,ENCB-IPN,63ed64cb-90b7-4ecc-b94c-3a0317742379,MX,Tlaxcala,1988,1988-07-13,"cdround,osiic"
2629136697,Pseudoeurycea leprosa,"Pseudoeurycea leprosa (Cope, 1869)",-97.211899,19.093399,NA,PRESERVED_SPECIMEN,ENCB-IPN,63ed64cb-90b7-4ecc-b94c-3a0317742379,MX,Veracruz de ignacio de la llave,1988,1988-07-06,"cdround,rdativ,osiic"
2629136713,Pseudoeurycea leprosa,"Pseudoeurycea leprosa (Cope, 1869)",-97.988602,19.2425,NA,PRESERVED_SPECIMEN,ENCB-IPN,63ed64cb-90b7-4ecc-b94c-3a0317742379,MX,Tlaxcala,1988,1988-07-15,"cdround,osiic"
2629137029,Pseudoeurycea leprosa,"Pseudoeurycea leprosa (Cope, 1869)",-97.9841,19.242201,NA,PRESERVED_SPECIMEN,ENCB-IPN,63ed64cb-90b7-4ecc-b94c-3a0317742379,MX,Tlaxcala,1988,1988-07-13,"cdround,osiic"
2629137064,Pseudoeurycea leprosa,"Pseudoeurycea leprosa (Cope, 1869)",-97.9841,19.242201,NA,PRESERVED_SPECIMEN,ENCB-IPN,63ed64cb-90b7-4ecc-b94c-3a0317742379,MX,Tlaxcala,1988,1988-07-13,"cdround,osiic"
2629137158,Pseudoeurycea leprosa,"Pseudoeurycea leprosa (Cope, 1869)",-97.9841,19.242201,NA,PRESERVED_SPECIMEN,ENCB-IPN,63ed64cb-90b7-4ecc-b94c-3a0317742379,MX,Tlaxcala,1988,1988-07-13,"cdround,osiic"
2629137360,Pseudoeurycea leprosa,"Pseudoeurycea leprosa (Cope, 1869)",-97.988602,19.2425,NA,PRESERVED_SPECIMEN,ENCB-IPN,63ed64cb-90b7-4ecc-b94c-3a0317742379,MX,Tlaxcala,1988,1988-07-15,"cdround,osiic"
2629138395,Pseudoeurycea leprosa,"Pseudoeurycea leprosa (Cope, 1869)",-97.9841,19.242201,NA,PRESERVED_SPECIMEN,ENCB-IPN,63ed64cb-90b7-4ecc-b94c-3a0317742379,MX,Tlaxcala,1988,1988-07-13,"cdround,osiic"
2629139305,Pseudoeurycea leprosa,"Pseudoeurycea leprosa (Cope, 1869)",-97.988602,19.2425,NA,PRESERVED_SPECIMEN,ENCB-IPN,63ed64cb-90b7-4ecc-b94c-3a0317742379,MX,Tlaxcala,1988,1988-07-15,"cdround,osiic"
2629139863,Pseudoeurycea leprosa,"Pseudoeurycea leprosa (Cope, 1869)",-97.988602,19.2425,NA,PRESERVED_SPECIMEN,ENCB-IPN,63ed64cb-90b7-4ecc-b94c-3a0317742379,MX,Tlaxcala,1988,1988-07-15,"cdround,osiic"
2629128721,Pseudoeurycea leprosa,"Pseudoeurycea leprosa (Cope, 1869)",-98.772102,19.1285,NA,PRESERVED_SPECIMEN,ENCB-IPN,63ed64cb-90b7-4ecc-b94c-3a0317742379,MX,Mexico,1988,1988-08-31,"cdround,osiic"
2629136090,Pseudoeurycea leprosa,"Pseudoeurycea leprosa (Cope, 1869)",-98.772102,19.1285,NA,PRESERVED_SPECIMEN,ENCB-IPN,63ed64cb-90b7-4ecc-b94c-3a0317742379,MX,Mexico,1988,1988-08-31,"cdround,osiic"
2629139244,Pseudoeurycea leprosa,"Pseudoeurycea leprosa (Cope, 1869)",-98.772102,19.1285,NA,PRESERVED_SPECIMEN,ENCB-IPN,63ed64cb-90b7-4ecc-b94c-3a0317742379,MX,Mexico,1988,1988-08-31,"cdround,osiic"
2629125117,Pseudoeurycea leprosa,"Pseudoeurycea leprosa (Cope, 1869)",-98.758003,19.209499,NA,PRESERVED_SPECIMEN,ENCB-IPN,63ed64cb-90b7-4ecc-b94c-3a0317742379,MX,Mexico,1987,1987-07-09,"cdround,rdativ,osiic"
2629133009,Pseudoeurycea leprosa,"Pseudoeurycea leprosa (Cope, 1869)",-100.2631,19.261999,NA,PRESERVED_SPECIMEN,ENCB-IPN,63ed64cb-90b7-4ecc-b94c-3a0317742379,MX,Mexico,1987,1987-11-18,"cdround,osiic"
2629117337,Pseudoeurycea leprosa,"Pseudoeurycea leprosa (Cope, 1869)",-98.019501,19.300501,NA,PRESERVED_SPECIMEN,ENCB-IPN,63ed64cb-90b7-4ecc-b94c-3a0317742379,MX,Tlaxcala,1987,1987-12-01,"cdround,rdativ,osiic"
2629128568,Pseudoeurycea leprosa,"Pseudoeurycea leprosa (Cope, 1869)",-98.019501,19.300501,NA,PRESERVED_SPECIMEN,ENCB-IPN,63ed64cb-90b7-4ecc-b94c-3a0317742379,MX,Tlaxcala,1987,1987-12-01,"cdround,rdativ,osiic"
2629136907,Pseudoeurycea leprosa,"Pseudoeurycea leprosa (Cope, 1869)",-98.019501,19.300501,NA,PRESERVED_SPECIMEN,ENCB-IPN,63ed64cb-90b7-4ecc-b94c-3a0317742379,MX,Tlaxcala,1987,1987-12-01,"cdround,rdativ,osiic"
4168728553,Pseudoeurycea leprosa,"Pseudoeurycea leprosa (Cope, 1869)",-98.718333,19.318333,80,PRESERVED_SPECIMEN,MZFC-FC-UNAM,0159cf6b-6a46-4365-96f1-d7ca2511f082,MX,Mexico,1985,1985-06-09,"cdround,rdativ,osiic"
4168728667,Pseudoeurycea leprosa,"Pseudoeurycea leprosa (Cope, 1869)",-98.718333,19.318333,80,PRESERVED_SPECIMEN,MZFC-FC-UNAM,0159cf6b-6a46-4365-96f1-d7ca2511f082,MX,Mexico,1985,1985-06-09,"cdround,rdativ,osiic"
4168728791,Pseudoeurycea leprosa,"Pseudoeurycea leprosa (Cope, 1869)",-98.718333,19.318333,80,PRESERVED_SPECIMEN,MZFC-FC-UNAM,0159cf6b-6a46-4365-96f1-d7ca2511f082,MX,Mexico,1985,1985-06-30,"cdround,osiic"
4168728847,Pseudoeurycea leprosa,"Pseudoeurycea leprosa (Cope, 1869)",-98.718333,19.318333,80,PRESERVED_SPECIMEN,MZFC-FC-UNAM,0159cf6b-6a46-4365-96f1-d7ca2511f082,MX,Mexico,1985,1985-06-09,"cdround,rdativ,osiic"
4168729188,Pseudoeurycea leprosa,"Pseudoeurycea leprosa (Cope, 1869)",-99.316944,19.176944,90,PRESERVED_SPECIMEN,MZFC-FC-UNAM,0159cf6b-6a46-4365-96f1-d7ca2511f082,MX,Mexico,1985,1985-06-09,"cdround,rdativ,osiic"
1895031434,Pseudoeurycea leprosa,"Pseudoeurycea leprosa (Cope, 1869)",-98.691389,19.070556,90,PRESERVED_SPECIMEN,ENCB-IPN,0159cf6b-6a46-4365-96f1-d7ca2511f082,MX,Mexico,1985,1985-07-22,"cdround,osiic"
4168729066,Pseudoeurycea leprosa,"Pseudoeurycea leprosa (Cope, 1869)",-99.313889,19.036111,90,PRESERVED_SPECIMEN,MZFC-FC-UNAM,0159cf6b-6a46-4365-96f1-d7ca2511f082,MX,Mexico,1985,1985-07-03,"cdround,rdativ,osiic"
4168730389,Pseudoeurycea leprosa,"Pseudoeurycea leprosa (Cope, 1869)",-98.718333,19.318333,80,PRESERVED_SPECIMEN,MZFC-FC-UNAM,0159cf6b-6a46-4365-96f1-d7ca2511f082,MX,Mexico,1985,1985-07-07,"cdround,osiic"
4168730804,Pseudoeurycea leprosa,"Pseudoeurycea leprosa (Cope, 1869)",-99.313889,19.036111,90,PRESERVED_SPECIMEN,MZFC-FC-UNAM,0159cf6b-6a46-4365-96f1-d7ca2511f082,MX,Mexico,1985,1985-07-03,"cdround,rdativ,osiic"
2629131665,Pseudoeurycea leprosa,"Pseudoeurycea leprosa (Cope, 1869)",-98.669998,19.299299,NA,PRESERVED_SPECIMEN,ENCB-IPN,63ed64cb-90b7-4ecc-b94c-3a0317742379,MX,Mexico,1984,1984-06-10,"cdround,rdativ,osiic"
5147310346,Pseudoeurycea leprosa,"Pseudoeurycea leprosa (Cope, 1869)",-97.103611,18.849722,3542,PRESERVED_SPECIMEN,MVZ,09c4287e-e6d5-4552-a07f-bff8a00833d8,MX,Veracruz,1983,1983-03-24,"cdc,cdround,incomis,inmafu"
1893325018,Pseudoeurycea leprosa,"Pseudoeurycea leprosa (Cope, 1869)",-100.12,19.76,80,PRESERVED_SPECIMEN,IBUNAM,dcb23fa1-3f1a-4678-b11d-249787e79cae,MX,Mexico,1983,1983-04-28,osiic
1893325033,Pseudoeurycea leprosa,"Pseudoeurycea leprosa (Cope, 1869)",-100.12,19.76,80,PRESERVED_SPECIMEN,IBUNAM,dcb23fa1-3f1a-4678-b11d-249787e79cae,MX,Mexico,1983,1983-04-27,osiic
4169261977,Pseudoeurycea leprosa,"Pseudoeurycea leprosa (Cope, 1869)",-98.09,19.93,80,PRESERVED_SPECIMEN,IBUNAM,f6cc0fcc-1605-4bd4-bbea-dd12f697a2ba,MX,Puebla,1983,1983-05-13,osiic
686907557,Pseudoeurycea leprosa,"Pseudoeurycea leprosa (Cope, 1869)",-97.920074,19.1706337,NA,PRESERVED_SPECIMEN,KU,dce00a1f-f6b4-4e11-9771-92c62c40ad80,MX,Puebla,1983,1983-07-19,cdrep
686907558,Pseudoeurycea leprosa,"Pseudoeurycea leprosa (Cope, 1869)",-97.920074,19.1706337,NA,PRESERVED_SPECIMEN,KU,dce00a1f-f6b4-4e11-9771-92c62c40ad80,MX,Puebla,1983,1983-07-19,cdrep
686907559,Pseudoeurycea leprosa,"Pseudoeurycea leprosa (Cope, 1869)",-97.920074,19.1706337,NA,PRESERVED_SPECIMEN,KU,dce00a1f-f6b4-4e11-9771-92c62c40ad80,MX,Puebla,1983,1983-07-19,cdrep
786370716,Pseudoeurycea leprosa,"Pseudoeurycea leprosa (Cope, 1869)",-103.6702073,18.7506351,NA,PRESERVED_SPECIMEN,CM,76dd8f0d-2daa-4a69-9fcd-55e04230334a,MX,Michoacán,1983,1983-07-06,"cdrep,colmafu,inmafu"
786370717,Pseudoeurycea leprosa,"Pseudoeurycea leprosa (Cope, 1869)",-103.6702073,18.7506351,NA,PRESERVED_SPECIMEN,CM,76dd8f0d-2daa-4a69-9fcd-55e04230334a,MX,Michoacán,1983,1983-07-06,"cdrep,colmafu,inmafu"
786370725,Pseudoeurycea leprosa,"Pseudoeurycea leprosa (Cope, 1869)",-99.3101074,19.3106229,NA,PRESERVED_SPECIMEN,CM,76dd8f0d-2daa-4a69-9fcd-55e04230334a,MX,México,1983,1983-07-13,"cdrep,colmafu,inmafu"
786370728,Pseudoeurycea leprosa,"Pseudoeurycea leprosa (Cope, 1869)",-99.3101074,19.3106229,NA,PRESERVED_SPECIMEN,CM,76dd8f0d-2daa-4a69-9fcd-55e04230334a,MX,México,1983,1983-07-13,"cdrep,colmafu,inmafu"
786370732,Pseudoeurycea leprosa,"Pseudoeurycea leprosa (Cope, 1869)",-99.3101074,19.3106229,NA,PRESERVED_SPECIMEN,CM,76dd8f0d-2daa-4a69-9fcd-55e04230334a,MX,México,1983,1983-07-13,"cdrep,colmafu,inmafu"
786370735,Pseudoeurycea leprosa,"Pseudoeurycea leprosa (Cope, 1869)",-99.3101074,19.3106229,NA,PRESERVED_SPECIMEN,CM,76dd8f0d-2daa-4a69-9fcd-55e04230334a,MX,México,1983,1983-07-13,"cdrep,colmafu,inmafu"
786373621,Pseudoeurycea leprosa,"Pseudoeurycea leprosa (Cope, 1869)",-99.3101074,19.3106229,NA,PRESERVED_SPECIMEN,CM,76dd8f0d-2daa-4a69-9fcd-55e04230334a,MX,México,1983,1983-07-13,"cdrep,colmafu,inmafu"
1893325011,Pseudoeurycea leprosa,"Pseudoeurycea leprosa (Cope, 1869)",-99.41389,19.6375,80,PRESERVED_SPECIMEN,IBUNAM,dcb23fa1-3f1a-4678-b11d-249787e79cae,MX,Mexico,1983,1983-07-06,"rdativ,osiic"
1895031811,Pseudoeurycea leprosa,"Pseudoeurycea leprosa (Cope, 1869)",-99.41,19.628333,80,PRESERVED_SPECIMEN,CM,0159cf6b-6a46-4365-96f1-d7ca2511f082,MX,Mexico,1983,1983-07-06,"cdround,rdativ,osiic"
1895031994,Pseudoeurycea leprosa,"Pseudoeurycea leprosa (Cope, 1869)",-99.41,19.628333,80,PRESERVED_SPECIMEN,CM,0159cf6b-6a46-4365-96f1-d7ca2511f082,MX,Mexico,1983,1983-07-06,"cdround,rdativ,osiic"
1897582038,Pseudoeurycea leprosa,"Pseudoeurycea leprosa (Cope, 1869)",-97.92,19.17,80,PRESERVED_SPECIMEN,UTA,a72ac6ef-6f55-4b17-a1d1-b213d5bb8977,MX,Puebla,1983,1983-07-19,"cdround,osiic"
1897582057,Pseudoeurycea leprosa,"Pseudoeurycea leprosa (Cope, 1869)",-97.92,19.17,80,PRESERVED_SPECIMEN,UTA,a72ac6ef-6f55-4b17-a1d1-b213d5bb8977,MX,Puebla,1983,1983-07-19,"cdround,osiic"
1897582095,Pseudoeurycea leprosa,"Pseudoeurycea leprosa (Cope, 1869)",-97.92,19.17,80,PRESERVED_SPECIMEN,UTA,a72ac6ef-6f55-4b17-a1d1-b213d5bb8977,MX,Puebla,1983,1983-07-19,"cdround,osiic"
1897582098,Pseudoeurycea leprosa,"Pseudoeurycea leprosa (Cope, 1869)",-97.92,19.17,80,PRESERVED_SPECIMEN,UTA,a72ac6ef-6f55-4b17-a1d1-b213d5bb8977,MX,Puebla,1983,1983-07-19,"cdround,osiic"
1897582167,Pseudoeurycea leprosa,"Pseudoeurycea leprosa (Cope, 1869)",-97.92,19.17,80,PRESERVED_SPECIMEN,UTA,a72ac6ef-6f55-4b17-a1d1-b213d5bb8977,MX,Puebla,1983,1983-07-19,"cdround,osiic"
1897582210,Pseudoeurycea leprosa,"Pseudoeurycea leprosa (Cope, 1869)",-97.92,19.17,80,PRESERVED_SPECIMEN,UTA,a72ac6ef-6f55-4b17-a1d1-b213d5bb8977,MX,Puebla,1983,1983-07-19,"cdround,osiic"
1897582230,Pseudoeurycea leprosa,"Pseudoeurycea leprosa (Cope, 1869)",-97.92,19.17,80,PRESERVED_SPECIMEN,UTA,a72ac6ef-6f55-4b17-a1d1-b213d5bb8977,MX,Puebla,1983,1983-07-19,"cdround,osiic"
1897582231,Pseudoeurycea leprosa,"Pseudoeurycea leprosa (Cope, 1869)",-97.92,19.17,80,PRESERVED_SPECIMEN,UTA,a72ac6ef-6f55-4b17-a1d1-b213d5bb8977,MX,Puebla,1983,1983-07-19,"cdround,osiic"
1897582234,Pseudoeurycea leprosa,"Pseudoeurycea leprosa (Cope, 1869)",-97.92,19.17,80,PRESERVED_SPECIMEN,UTA,a72ac6ef-6f55-4b17-a1d1-b213d5bb8977,MX,Puebla,1983,1983-07-19,"cdround,osiic"
1897582366,Pseudoeurycea leprosa,"Pseudoeurycea leprosa (Cope, 1869)",-97.92,19.17,80,PRESERVED_SPECIMEN,UTA,a72ac6ef-6f55-4b17-a1d1-b213d5bb8977,MX,Puebla,1983,1983-07-19,"cdround,osiic"
1897582460,Pseudoeurycea leprosa,"Pseudoeurycea leprosa (Cope, 1869)",-97.92,19.17,80,PRESERVED_SPECIMEN,UTA,a72ac6ef-6f55-4b17-a1d1-b213d5bb8977,MX,Puebla,1983,1983-07-19,"cdround,osiic"
1897582572,Pseudoeurycea leprosa,"Pseudoeurycea leprosa (Cope, 1869)",-97.92,19.17,80,PRESERVED_SPECIMEN,UTA,a72ac6ef-6f55-4b17-a1d1-b213d5bb8977,MX,Puebla,1983,1983-07-19,"cdround,osiic"
1897582640,Pseudoeurycea leprosa,"Pseudoeurycea leprosa (Cope, 1869)",-97.92,19.17,80,PRESERVED_SPECIMEN,UTA,a72ac6ef-6f55-4b17-a1d1-b213d5bb8977,MX,Puebla,1983,1983-07-19,"cdround,osiic"
1895031176,Pseudoeurycea leprosa,"Pseudoeurycea leprosa (Cope, 1869)",-98.672222,19.339722,80,PRESERVED_SPECIMEN,MVZ,0159cf6b-6a46-4365-96f1-d7ca2511f082,MX,Mexico,1983,1983-11-17,"cdround,osiic"
5147176476,Pseudoeurycea leprosa,"Pseudoeurycea leprosa (Cope, 1869)",-98.669722,19.356944,2792,PRESERVED_SPECIMEN,MVZ,09c4287e-e6d5-4552-a07f-bff8a00833d8,MX,Mexico,1983,1983-11-17,"cdc,cdround,incomis,inmafu"
1895031123,Pseudoeurycea leprosa,"Pseudoeurycea leprosa (Cope, 1869)",-98.696667,19.067222,90,PRESERVED_SPECIMEN,MVZ,0159cf6b-6a46-4365-96f1-d7ca2511f082,MX,Mexico,1983,1983-12-06,"cdround,rdativ,osiic"
1895031137,Pseudoeurycea leprosa,"Pseudoeurycea leprosa (Cope, 1869)",-98.696667,19.067222,90,PRESERVED_SPECIMEN,MVZ,0159cf6b-6a46-4365-96f1-d7ca2511f082,MX,Mexico,1983,1983-12-06,"cdround,rdativ,osiic"
1895031158,Pseudoeurycea leprosa,"Pseudoeurycea leprosa (Cope, 1869)",-98.696667,19.067222,90,PRESERVED_SPECIMEN,MVZ,0159cf6b-6a46-4365-96f1-d7ca2511f082,MX,Mexico,1983,1983-12-06,"cdround,rdativ,osiic"
1895031174,Pseudoeurycea leprosa,"Pseudoeurycea leprosa (Cope, 1869)",-98.696667,19.067222,90,PRESERVED_SPECIMEN,MVZ,0159cf6b-6a46-4365-96f1-d7ca2511f082,MX,Mexico,1983,1983-12-06,"cdround,rdativ,osiic"
1895031181,Pseudoeurycea leprosa,"Pseudoeurycea leprosa (Cope, 1869)",-98.696667,19.067222,90,PRESERVED_SPECIMEN,MVZ,0159cf6b-6a46-4365-96f1-d7ca2511f082,MX,Mexico,1983,1983-12-06,"cdround,rdativ,osiic"
1895031189,Pseudoeurycea leprosa,"Pseudoeurycea leprosa (Cope, 1869)",-98.696667,19.067222,90,PRESERVED_SPECIMEN,MVZ,0159cf6b-6a46-4365-96f1-d7ca2511f082,MX,Mexico,1983,1983-12-06,"cdround,rdativ,osiic"
1895031244,Pseudoeurycea leprosa,"Pseudoeurycea leprosa (Cope, 1869)",-98.696667,19.067222,90,PRESERVED_SPECIMEN,MVZ,0159cf6b-6a46-4365-96f1-d7ca2511f082,MX,Mexico,1983,1983-12-06,"cdround,rdativ,osiic"
1895031353,Pseudoeurycea leprosa,"Pseudoeurycea leprosa (Cope, 1869)",-98.696667,19.067222,90,PRESERVED_SPECIMEN,MVZ,0159cf6b-6a46-4365-96f1-d7ca2511f082,MX,Mexico,1983,1983-12-06,"cdround,rdativ,osiic"
1895031357,Pseudoeurycea leprosa,"Pseudoeurycea leprosa (Cope, 1869)",-98.696667,19.067222,90,PRESERVED_SPECIMEN,MVZ,0159cf6b-6a46-4365-96f1-d7ca2511f082,MX,Mexico,1983,1983-12-06,"cdround,rdativ,osiic"
1895031491,Pseudoeurycea leprosa,"Pseudoeurycea leprosa (Cope, 1869)",-98.696667,19.067222,90,PRESERVED_SPECIMEN,MVZ,0159cf6b-6a46-4365-96f1-d7ca2511f082,MX,Mexico,1983,1983-12-06,"cdround,rdativ,osiic"
1895031504,Pseudoeurycea leprosa,"Pseudoeurycea leprosa (Cope, 1869)",-98.696667,19.067222,90,PRESERVED_SPECIMEN,MVZ,0159cf6b-6a46-4365-96f1-d7ca2511f082,MX,Mexico,1983,1983-12-06,"cdround,rdativ,osiic"
1895031592,Pseudoeurycea leprosa,"Pseudoeurycea leprosa (Cope, 1869)",-98.696667,19.067222,90,PRESERVED_SPECIMEN,MVZ,0159cf6b-6a46-4365-96f1-d7ca2511f082,MX,Mexico,1983,1983-12-06,"cdround,rdativ,osiic"
1895031787,Pseudoeurycea leprosa,"Pseudoeurycea leprosa (Cope, 1869)",-98.696667,19.067222,90,PRESERVED_SPECIMEN,MVZ,0159cf6b-6a46-4365-96f1-d7ca2511f082,MX,Mexico,1983,1983-12-06,"cdround,rdativ,osiic"
1895031998,Pseudoeurycea leprosa,"Pseudoeurycea leprosa (Cope, 1869)",-98.696667,19.067222,90,PRESERVED_SPECIMEN,MVZ,0159cf6b-6a46-4365-96f1-d7ca2511f082,MX,Mexico,1983,1983-12-06,"cdround,rdativ,osiic"
5147057472,Pseudoeurycea leprosa,"Pseudoeurycea leprosa (Cope, 1869)",-98.711944,19.072778,1500,PRESERVED_SPECIMEN,MVZ,09c4287e-e6d5-4552-a07f-bff8a00833d8,MX,Mexico,1983,1983-12-06,"cdc,cdround,incomis,inmafu"
5147059467,Pseudoeurycea leprosa,"Pseudoeurycea leprosa (Cope, 1869)",-98.711944,19.072778,1500,PRESERVED_SPECIMEN,MVZ,09c4287e-e6d5-4552-a07f-bff8a00833d8,MX,Mexico,1983,1983-12-06,"cdc,cdround,incomis,inmafu"
5147063467,Pseudoeurycea leprosa,"Pseudoeurycea leprosa (Cope, 1869)",-97.0975,19.577222,1142,PRESERVED_SPECIMEN,MVZ,09c4287e-e6d5-4552-a07f-bff8a00833d8,MX,Veracruz,1983,1983-12-12,"cdc,cdround,incomis,inmafu"
5147064472,Pseudoeurycea leprosa,"Pseudoeurycea leprosa (Cope, 1869)",-98.711944,19.072778,1500,PRESERVED_SPECIMEN,MVZ,09c4287e-e6d5-4552-a07f-bff8a00833d8,MX,Mexico,1983,1983-12-06,"cdc,cdround,incomis,inmafu"
5147064473,Pseudoeurycea leprosa,"Pseudoeurycea leprosa (Cope, 1869)",-98.711944,19.072778,1500,PRESERVED_SPECIMEN,MVZ,09c4287e-e6d5-4552-a07f-bff8a00833d8,MX,Mexico,1983,1983-12-06,"cdc,cdround,incomis,inmafu"
5147176474,Pseudoeurycea leprosa,"Pseudoeurycea leprosa (Cope, 1869)",-98.711944,19.072778,1500,PRESERVED_SPECIMEN,MVZ,09c4287e-e6d5-4552-a07f-bff8a00833d8,MX,Mexico,1983,1983-12-06,"cdc,cdround,incomis,inmafu"
5147176475,Pseudoeurycea leprosa,"Pseudoeurycea leprosa (Cope, 1869)",-98.711944,19.072778,1500,PRESERVED_SPECIMEN,MVZ,09c4287e-e6d5-4552-a07f-bff8a00833d8,MX,Mexico,1983,1983-12-06,"cdc,cdround,incomis,inmafu"
5147179467,Pseudoeurycea leprosa,"Pseudoeurycea leprosa (Cope, 1869)",-98.711944,19.072778,1500,PRESERVED_SPECIMEN,MVZ,09c4287e-e6d5-4552-a07f-bff8a00833d8,MX,Mexico,1983,1983-12-06,"cdc,cdround,incomis,inmafu"
5147180474,Pseudoeurycea leprosa,"Pseudoeurycea leprosa (Cope, 1869)",-98.711944,19.072778,1500,PRESERVED_SPECIMEN,MVZ,09c4287e-e6d5-4552-a07f-bff8a00833d8,MX,Mexico,1983,1983-12-06,"cdc,cdround,incomis,inmafu"
5147180475,Pseudoeurycea leprosa,"Pseudoeurycea leprosa (Cope, 1869)",-98.711944,19.072778,1500,PRESERVED_SPECIMEN,MVZ,09c4287e-e6d5-4552-a07f-bff8a00833d8,MX,Mexico,1983,1983-12-06,"cdc,cdround,incomis,inmafu"
5147187468,Pseudoeurycea leprosa,"Pseudoeurycea leprosa (Cope, 1869)",-97.0975,19.577222,1142,PRESERVED_SPECIMEN,MVZ,09c4287e-e6d5-4552-a07f-bff8a00833d8,MX,Veracruz,1983,1983-12-12,"cdc,cdround,incomis,inmafu"
5147297467,Pseudoeurycea leprosa,"Pseudoeurycea leprosa (Cope, 1869)",-98.711944,19.072778,1500,PRESERVED_SPECIMEN,MVZ,09c4287e-e6d5-4552-a07f-bff8a00833d8,MX,Mexico,1983,1983-12-06,"cdc,cdround,incomis,inmafu"
5147299470,Pseudoeurycea leprosa,"Pseudoeurycea leprosa (Cope, 1869)",-98.711944,19.072778,1500,PRESERVED_SPECIMEN,MVZ,09c4287e-e6d5-4552-a07f-bff8a00833d8,MX,Mexico,1983,1983-12-06,"cdc,cdround,incomis,inmafu"
5147411467,Pseudoeurycea leprosa,"Pseudoeurycea leprosa (Cope, 1869)",-98.711944,19.072778,1500,PRESERVED_SPECIMEN,MVZ,09c4287e-e6d5-4552-a07f-bff8a00833d8,MX,Mexico,1983,1983-12-06,"cdc,cdround,incomis,inmafu"
5147418473,Pseudoeurycea leprosa,"Pseudoeurycea leprosa (Cope, 1869)",-98.711944,19.072778,1500,PRESERVED_SPECIMEN,MVZ,09c4287e-e6d5-4552-a07f-bff8a00833d8,MX,Mexico,1983,1983-12-06,"cdc,cdround,incomis,inmafu"
5147429469,Pseudoeurycea leprosa,"Pseudoeurycea leprosa (Cope, 1869)",-98.711944,19.072778,1500,PRESERVED_SPECIMEN,MVZ,09c4287e-e6d5-4552-a07f-bff8a00833d8,MX,Mexico,1983,1983-12-06,"cdc,cdround,incomis,inmafu"
5147492469,Pseudoeurycea leprosa,"Pseudoeurycea leprosa (Cope, 1869)",-97.0975,19.577222,1142,PRESERVED_SPECIMEN,MVZ,09c4287e-e6d5-4552-a07f-bff8a00833d8,MX,Veracruz,1983,1983-12-12,"cdc,cdround,incomis,inmafu"
1895031265,Pseudoeurycea leprosa,"Pseudoeurycea leprosa (Cope, 1869)",-99.806944,19.208333,90,PRESERVED_SPECIMEN,IBUNAM,0159cf6b-6a46-4365-96f1-d7ca2511f082,MX,Mexico,1982,1982-05-01,"cdround,rdativ,osiic"
1895031339,Pseudoeurycea leprosa,"Pseudoeurycea leprosa (Cope, 1869)",-98.756111,19.338889000000002,80,PRESERVED_SPECIMEN,MVZ,0159cf6b-6a46-4365-96f1-d7ca2511f082,MX,Mexico,1982,1982-08-22,"cdround,osiic"
1895031386,Pseudoeurycea leprosa,"Pseudoeurycea leprosa (Cope, 1869)",-98.756111,19.338889000000002,80,PRESERVED_SPECIMEN,MVZ,0159cf6b-6a46-4365-96f1-d7ca2511f082,MX,Mexico,1982,1982-08-22,"cdround,osiic"
1895031461,Pseudoeurycea leprosa,"Pseudoeurycea leprosa (Cope, 1869)",-98.756111,19.338889000000002,80,PRESERVED_SPECIMEN,MVZ,0159cf6b-6a46-4365-96f1-d7ca2511f082,MX,Mexico,1982,1982-08-22,"cdround,osiic"
1895031663,Pseudoeurycea leprosa,"Pseudoeurycea leprosa (Cope, 1869)",-98.756111,19.338889000000002,80,PRESERVED_SPECIMEN,MVZ,0159cf6b-6a46-4365-96f1-d7ca2511f082,MX,Mexico,1982,1982-08-22,"cdround,osiic"
1895031724,Pseudoeurycea leprosa,"Pseudoeurycea leprosa (Cope, 1869)",-98.756111,19.338889000000002,80,PRESERVED_SPECIMEN,MVZ,0159cf6b-6a46-4365-96f1-d7ca2511f082,MX,Mexico,1982,1982-08-22,"cdround,osiic"
1895031771,Pseudoeurycea leprosa,"Pseudoeurycea leprosa (Cope, 1869)",-98.756111,19.338889000000002,80,PRESERVED_SPECIMEN,MVZ,0159cf6b-6a46-4365-96f1-d7ca2511f082,MX,Mexico,1982,1982-08-22,"cdround,osiic"
1895031802,Pseudoeurycea leprosa,"Pseudoeurycea leprosa (Cope, 1869)",-98.756111,19.338889000000002,80,PRESERVED_SPECIMEN,MVZ,0159cf6b-6a46-4365-96f1-d7ca2511f082,MX,Mexico,1982,1982-08-22,"cdround,osiic"
5147049052,Pseudoeurycea leprosa,"Pseudoeurycea leprosa (Cope, 1869)",-97.095278,19.569167,1142,PRESERVED_SPECIMEN,MVZ,09c4287e-e6d5-4552-a07f-bff8a00833d8,MX,Veracruz,1982,1982-08-26,"cdc,cdround,incomis,inmafu"
5147053750,Pseudoeurycea leprosa,"Pseudoeurycea leprosa (Cope, 1869)",-97.233333,18.976944,892,PRESERVED_SPECIMEN,MVZ,09c4287e-e6d5-4552-a07f-bff8a00833d8,MX,Veracruz,1982,1982-08-24,"cdc,cdround,incomis,inmafu"
5147053751,Pseudoeurycea leprosa,"Pseudoeurycea leprosa (Cope, 1869)",-97.233333,18.976944,892,PRESERVED_SPECIMEN,MVZ,09c4287e-e6d5-4552-a07f-bff8a00833d8,MX,Veracruz,1982,1982-08-24,"cdc,cdround,incomis,inmafu"
5147054046,Pseudoeurycea leprosa,"Pseudoeurycea leprosa (Cope, 1869)",-98.695278,19.335556,2750,PRESERVED_SPECIMEN,MVZ,09c4287e-e6d5-4552-a07f-bff8a00833d8,MX,Mexico,1982,1982-08-22,"cdc,cdround,incomis,inmafu"
5147169052,Pseudoeurycea leprosa,"Pseudoeurycea leprosa (Cope, 1869)",-97.095278,19.569167,1142,PRESERVED_SPECIMEN,MVZ,09c4287e-e6d5-4552-a07f-bff8a00833d8,MX,Veracruz,1982,1982-08-26,"cdc,cdround,incomis,inmafu"
5147177751,Pseudoeurycea leprosa,"Pseudoeurycea leprosa (Cope, 1869)",-97.233333,18.976944,892,PRESERVED_SPECIMEN,MVZ,09c4287e-e6d5-4552-a07f-bff8a00833d8,MX,Veracruz,1982,1982-08-24,"cdc,cdround,incomis,inmafu"
5147178047,Pseudoeurycea leprosa,"Pseudoeurycea leprosa (Cope, 1869)",-98.695278,19.335556,2750,PRESERVED_SPECIMEN,MVZ,09c4287e-e6d5-4552-a07f-bff8a00833d8,MX,Mexico,1982,1982-08-22,"cdc,cdround,incomis,inmafu"
5147287047,Pseudoeurycea leprosa,"Pseudoeurycea leprosa (Cope, 1869)",-98.695278,19.335556,2750,PRESERVED_SPECIMEN,MVZ,09c4287e-e6d5-4552-a07f-bff8a00833d8,MX,Mexico,1982,1982-08-22,"cdc,cdround,incomis,inmafu"
5147296044,Pseudoeurycea leprosa,"Pseudoeurycea leprosa (Cope, 1869)",-98.695278,19.335556,2750,PRESERVED_SPECIMEN,MVZ,09c4287e-e6d5-4552-a07f-bff8a00833d8,MX,Mexico,1982,1982-08-22,"cdc,cdround,incomis,inmafu"
5147296045,Pseudoeurycea leprosa,"Pseudoeurycea leprosa (Cope, 1869)",-97.095278,19.569167,1142,PRESERVED_SPECIMEN,MVZ,09c4287e-e6d5-4552-a07f-bff8a00833d8,MX,Veracruz,1982,1982-08-26,"cdc,cdround,incomis,inmafu"
5147410053,Pseudoeurycea leprosa,"Pseudoeurycea leprosa (Cope, 1869)",-97.095278,19.569167,1142,PRESERVED_SPECIMEN,MVZ,09c4287e-e6d5-4552-a07f-bff8a00833d8,MX,Veracruz,1982,1982-08-26,"cdc,cdround,incomis,inmafu"
5147421051,Pseudoeurycea leprosa,"Pseudoeurycea leprosa (Cope, 1869)",-97.095278,19.569167,1142,PRESERVED_SPECIMEN,MVZ,09c4287e-e6d5-4552-a07f-bff8a00833d8,MX,Veracruz,1982,1982-08-26,"cdc,cdround,incomis,inmafu"
5147429345,Pseudoeurycea leprosa,"Pseudoeurycea leprosa (Cope, 1869)",-97.190556,18.975,1672,PRESERVED_SPECIMEN,MVZ,09c4287e-e6d5-4552-a07f-bff8a00833d8,MX,Veracruz,1982,1982-08-26,"cdc,cdround,incomis,inmafu"
5147489048,Pseudoeurycea leprosa,"Pseudoeurycea leprosa (Cope, 1869)",-98.695278,19.335556,2750,PRESERVED_SPECIMEN,MVZ,09c4287e-e6d5-4552-a07f-bff8a00833d8,MX,Mexico,1982,1982-08-22,"cdc,cdround,incomis,inmafu"
5147491045,Pseudoeurycea leprosa,"Pseudoeurycea leprosa (Cope, 1869)",-98.695278,19.335556,2750,PRESERVED_SPECIMEN,MVZ,09c4287e-e6d5-4552-a07f-bff8a00833d8,MX,Mexico,1982,1982-08-22,"cdc,cdround,incomis,inmafu"
5147491046,Pseudoeurycea leprosa,"Pseudoeurycea leprosa (Cope, 1869)",-97.095278,19.569167,1142,PRESERVED_SPECIMEN,MVZ,09c4287e-e6d5-4552-a07f-bff8a00833d8,MX,Veracruz,1982,1982-08-26,"cdc,cdround,incomis,inmafu"
5147492049,Pseudoeurycea leprosa,"Pseudoeurycea leprosa (Cope, 1869)",-98.695278,19.335556,2750,PRESERVED_SPECIMEN,MVZ,09c4287e-e6d5-4552-a07f-bff8a00833d8,MX,Mexico,1982,1982-08-22,"cdc,cdround,incomis,inmafu"
5147492050,Pseudoeurycea leprosa,"Pseudoeurycea leprosa (Cope, 1869)",-97.095278,19.569167,1142,PRESERVED_SPECIMEN,MVZ,09c4287e-e6d5-4552-a07f-bff8a00833d8,MX,Veracruz,1982,1982-08-26,"cdc,cdround,incomis,inmafu"
5147493751,Pseudoeurycea leprosa,"Pseudoeurycea leprosa (Cope, 1869)",-97.233333,18.976944,892,PRESERVED_SPECIMEN,MVZ,09c4287e-e6d5-4552-a07f-bff8a00833d8,MX,Veracruz,1982,1982-08-24,"cdc,cdround,incomis,inmafu"
5147493752,Pseudoeurycea leprosa,"Pseudoeurycea leprosa (Cope, 1869)",-97.233333,18.976944,892,PRESERVED_SPECIMEN,MVZ,09c4287e-e6d5-4552-a07f-bff8a00833d8,MX,Veracruz,1982,1982-08-24,"cdc,cdround,incomis,inmafu"
5147494346,Pseudoeurycea leprosa,"Pseudoeurycea leprosa (Cope, 1869)",-97.190556,18.975,1672,PRESERVED_SPECIMEN,MVZ,09c4287e-e6d5-4552-a07f-bff8a00833d8,MX,Veracruz,1982,1982-08-26,"cdc,cdround,incomis,inmafu"
5147495347,Pseudoeurycea leprosa,"Pseudoeurycea leprosa (Cope, 1869)",-97.190556,18.975,1672,PRESERVED_SPECIMEN,MVZ,09c4287e-e6d5-4552-a07f-bff8a00833d8,MX,Veracruz,1982,1982-08-26,"cdc,cdround,incomis,inmafu"
2629120875,Pseudoeurycea leprosa,"Pseudoeurycea leprosa (Cope, 1869)",-98.724197,19.2901,NA,PRESERVED_SPECIMEN,ENCB-IPN,63ed64cb-90b7-4ecc-b94c-3a0317742379,MX,Mexico,1982,1982-09-10,"cdround,rdativ,osiic"
4169283557,Pseudoeurycea leprosa,"Pseudoeurycea leprosa (Cope, 1869)",-99.28,19.23,90,PRESERVED_SPECIMEN,IBUNAM,f6cc0fcc-1605-4bd4-bbea-dd12f697a2ba,MX,Ciudad de mexico,1982,1982-09-11,"rdativ,osiic"
1893325032,Pseudoeurycea leprosa,"Pseudoeurycea leprosa (Cope, 1869)",-97.22,19.11,80,PRESERVED_SPECIMEN,IBUNAM,dcb23fa1-3f1a-4678-b11d-249787e79cae,MX,Veracruz de ignacio de la llave,1982,1982-10-06,"rdativ,osiic"
1893325117,Pseudoeurycea leprosa,"Pseudoeurycea leprosa (Cope, 1869)",-97.42,19.09,80,PRESERVED_SPECIMEN,IBUNAM,dcb23fa1-3f1a-4678-b11d-249787e79cae,MX,Puebla,1982,1982-10-07,"rdativ,osiic"
1893325122,Pseudoeurycea leprosa,"Pseudoeurycea leprosa (Cope, 1869)",-97.42,19.09,80,PRESERVED_SPECIMEN,IBUNAM,dcb23fa1-3f1a-4678-b11d-249787e79cae,MX,Puebla,1982,1982-10-07,"rdativ,osiic"
4168729052,Pseudoeurycea leprosa,"Pseudoeurycea leprosa (Cope, 1869)",-98.725,19.346667,80,PRESERVED_SPECIMEN,MZFC-FC-UNAM,0159cf6b-6a46-4365-96f1-d7ca2511f082,MX,Mexico,1982,1982-10-18,"cdround,osiic"
1895031185,Pseudoeurycea leprosa,"Pseudoeurycea leprosa (Cope, 1869)",-99.3225,19.063889,90,PRESERVED_SPECIMEN,MVZ,0159cf6b-6a46-4365-96f1-d7ca2511f082,MX,Mexico,1981,1981-10-14,"cdround,osiic"
1895031193,Pseudoeurycea leprosa,"Pseudoeurycea leprosa (Cope, 1869)",-99.3225,19.063889,90,PRESERVED_SPECIMEN,MVZ,0159cf6b-6a46-4365-96f1-d7ca2511f082,MX,Mexico,1981,1981-10-14,"cdround,osiic"
1895031270,Pseudoeurycea leprosa,"Pseudoeurycea leprosa (Cope, 1869)",-99.3225,19.063889,90,PRESERVED_SPECIMEN,MVZ,0159cf6b-6a46-4365-96f1-d7ca2511f082,MX,Mexico,1981,1981-10-14,"cdround,osiic"
1895031413,Pseudoeurycea leprosa,"Pseudoeurycea leprosa (Cope, 1869)",-99.3225,19.063889,90,PRESERVED_SPECIMEN,MVZ,0159cf6b-6a46-4365-96f1-d7ca2511f082,MX,Mexico,1981,1981-10-14,"cdround,osiic"
1895031473,Pseudoeurycea leprosa,"Pseudoeurycea leprosa (Cope, 1869)",-99.3225,19.063889,90,PRESERVED_SPECIMEN,MVZ,0159cf6b-6a46-4365-96f1-d7ca2511f082,MX,Mexico,1981,1981-10-14,"cdround,osiic"
1895031613,Pseudoeurycea leprosa,"Pseudoeurycea leprosa (Cope, 1869)",-99.3225,19.063889,90,PRESERVED_SPECIMEN,MVZ,0159cf6b-6a46-4365-96f1-d7ca2511f082,MX,Mexico,1981,1981-10-14,"cdround,osiic"
1895031615,Pseudoeurycea leprosa,"Pseudoeurycea leprosa (Cope, 1869)",-99.3225,19.063889,90,PRESERVED_SPECIMEN,MVZ,0159cf6b-6a46-4365-96f1-d7ca2511f082,MX,Mexico,1981,1981-10-14,"cdround,osiic"
1895031678,Pseudoeurycea leprosa,"Pseudoeurycea leprosa (Cope, 1869)",-99.3225,19.063889,90,PRESERVED_SPECIMEN,MVZ,0159cf6b-6a46-4365-96f1-d7ca2511f082,MX,Mexico,1981,1981-10-14,"cdround,osiic"
1895031684,Pseudoeurycea leprosa,"Pseudoeurycea leprosa (Cope, 1869)",-99.3225,19.063889,90,PRESERVED_SPECIMEN,MVZ,0159cf6b-6a46-4365-96f1-d7ca2511f082,MX,Mexico,1981,1981-10-14,"cdround,osiic"
1895031704,Pseudoeurycea leprosa,"Pseudoeurycea leprosa (Cope, 1869)",-99.3225,19.063889,90,PRESERVED_SPECIMEN,MVZ,0159cf6b-6a46-4365-96f1-d7ca2511f082,MX,Mexico,1981,1981-10-14,"cdround,osiic"
1895031719,Pseudoeurycea leprosa,"Pseudoeurycea leprosa (Cope, 1869)",-99.3225,19.063889,90,PRESERVED_SPECIMEN,MVZ,0159cf6b-6a46-4365-96f1-d7ca2511f082,MX,Mexico,1981,1981-10-14,"cdround,osiic"
1895031743,Pseudoeurycea leprosa,"Pseudoeurycea leprosa (Cope, 1869)",-99.3225,19.063889,90,PRESERVED_SPECIMEN,MVZ,0159cf6b-6a46-4365-96f1-d7ca2511f082,MX,Mexico,1981,1981-10-14,"cdround,osiic"
1895031754,Pseudoeurycea leprosa,"Pseudoeurycea leprosa (Cope, 1869)",-99.3225,19.063889,90,PRESERVED_SPECIMEN,MVZ,0159cf6b-6a46-4365-96f1-d7ca2511f082,MX,Mexico,1981,1981-10-14,"cdround,osiic"
1895031906,Pseudoeurycea leprosa,"Pseudoeurycea leprosa (Cope, 1869)",-99.3225,19.063889,90,PRESERVED_SPECIMEN,MVZ,0159cf6b-6a46-4365-96f1-d7ca2511f082,MX,Mexico,1981,1981-10-14,"cdround,osiic"
1895032014,Pseudoeurycea leprosa,"Pseudoeurycea leprosa (Cope, 1869)",-99.3225,19.063889,90,PRESERVED_SPECIMEN,MVZ,0159cf6b-6a46-4365-96f1-d7ca2511f082,MX,Mexico,1981,1981-10-14,"cdround,osiic"
5147040916,Pseudoeurycea leprosa,"Pseudoeurycea leprosa (Cope, 1869)",-99.321389,19.061389,1750,PRESERVED_SPECIMEN,MVZ,09c4287e-e6d5-4552-a07f-bff8a00833d8,MX,Mexico,1981,1981-10-14,"cdc,cdround,incomis,inmafu"
5147040917,Pseudoeurycea leprosa,"Pseudoeurycea leprosa (Cope, 1869)",-99.3025,19.040833,4561,PRESERVED_SPECIMEN,MVZ,09c4287e-e6d5-4552-a07f-bff8a00833d8,MX,Morelos,1981,1981-10-14,"cdc,cdround,incomis,inmafu"
5147041911,Pseudoeurycea leprosa,"Pseudoeurycea leprosa (Cope, 1869)",-97.095,19.591667,300,PRESERVED_SPECIMEN,MVZ,09c4287e-e6d5-4552-a07f-bff8a00833d8,MX,Veracruz,1981,1981-10-24,"cdc,cdround,incomis,inmafu"
5147045918,Pseudoeurycea leprosa,"Pseudoeurycea leprosa (Cope, 1869)",-99.3025,19.040833,4561,PRESERVED_SPECIMEN,MVZ,09c4287e-e6d5-4552-a07f-bff8a00833d8,MX,Morelos,1981,1981-10-14,"cdc,cdround,incomis,inmafu"
5147046917,Pseudoeurycea leprosa,"Pseudoeurycea leprosa (Cope, 1869)",-99.321389,19.061389,1750,PRESERVED_SPECIMEN,MVZ,09c4287e-e6d5-4552-a07f-bff8a00833d8,MX,Mexico,1981,1981-10-14,"cdc,cdround,incomis,inmafu"
5147046918,Pseudoeurycea leprosa,"Pseudoeurycea leprosa (Cope, 1869)",-99.321389,19.061389,1750,PRESERVED_SPECIMEN,MVZ,09c4287e-e6d5-4552-a07f-bff8a00833d8,MX,Mexico,1981,1981-10-14,"cdc,cdround,incomis,inmafu"
5147159913,Pseudoeurycea leprosa,"Pseudoeurycea leprosa (Cope, 1869)",-99.3025,19.040833,4561,PRESERVED_SPECIMEN,MVZ,09c4287e-e6d5-4552-a07f-bff8a00833d8,MX,Morelos,1981,1981-10-14,"cdc,cdround,incomis,inmafu"
5147164916,Pseudoeurycea leprosa,"Pseudoeurycea leprosa (Cope, 1869)",-99.3025,19.040833,4561,PRESERVED_SPECIMEN,MVZ,09c4287e-e6d5-4552-a07f-bff8a00833d8,MX,Morelos,1981,1981-10-14,"cdc,cdround,incomis,inmafu"
5147165916,Pseudoeurycea leprosa,"Pseudoeurycea leprosa (Cope, 1869)",-99.321389,19.061389,1750,PRESERVED_SPECIMEN,MVZ,09c4287e-e6d5-4552-a07f-bff8a00833d8,MX,Mexico,1981,1981-10-14,"cdc,cdround,incomis,inmafu"
5147166918,Pseudoeurycea leprosa,"Pseudoeurycea leprosa (Cope, 1869)",-99.321389,19.061389,1750,PRESERVED_SPECIMEN,MVZ,09c4287e-e6d5-4552-a07f-bff8a00833d8,MX,Mexico,1981,1981-10-14,"cdc,cdround,incomis,inmafu"
5147166919,Pseudoeurycea leprosa,"Pseudoeurycea leprosa (Cope, 1869)",-99.321389,19.061389,1750,PRESERVED_SPECIMEN,MVZ,09c4287e-e6d5-4552-a07f-bff8a00833d8,MX,Mexico,1981,1981-10-14,"cdc,cdround,incomis,inmafu"
5147278917,Pseudoeurycea leprosa,"Pseudoeurycea leprosa (Cope, 1869)",-99.321389,19.061389,1750,PRESERVED_SPECIMEN,MVZ,09c4287e-e6d5-4552-a07f-bff8a00833d8,MX,Mexico,1981,1981-10-14,"cdc,cdround,incomis,inmafu"
5147279919,Pseudoeurycea leprosa,"Pseudoeurycea leprosa (Cope, 1869)",-97.095,19.591667,300,PRESERVED_SPECIMEN,MVZ,09c4287e-e6d5-4552-a07f-bff8a00833d8,MX,Veracruz,1981,1981-10-24,"cdc,cdround,incomis,inmafu"
5147280915,Pseudoeurycea leprosa,"Pseudoeurycea leprosa (Cope, 1869)",-97.095,19.591667,300,PRESERVED_SPECIMEN,MVZ,09c4287e-e6d5-4552-a07f-bff8a00833d8,MX,Veracruz,1981,1981-10-24,"cdc,cdround,incomis,inmafu"
5147280916,Pseudoeurycea leprosa,"Pseudoeurycea leprosa (Cope, 1869)",-97.095,19.591667,300,PRESERVED_SPECIMEN,MVZ,09c4287e-e6d5-4552-a07f-bff8a00833d8,MX,Veracruz,1981,1981-10-24,"cdc,cdround,incomis,inmafu"
5147285916,Pseudoeurycea leprosa,"Pseudoeurycea leprosa (Cope, 1869)",-99.321389,19.061389,1750,PRESERVED_SPECIMEN,MVZ,09c4287e-e6d5-4552-a07f-bff8a00833d8,MX,Mexico,1981,1981-10-14,"cdc,cdround,incomis,inmafu"
5147394909,Pseudoeurycea leprosa,"Pseudoeurycea leprosa (Cope, 1869)",-97.095,19.591667,300,PRESERVED_SPECIMEN,MVZ,09c4287e-e6d5-4552-a07f-bff8a00833d8,MX,Veracruz,1981,1981-10-24,"cdc,cdround,incomis,inmafu"
5147400912,Pseudoeurycea leprosa,"Pseudoeurycea leprosa (Cope, 1869)",-99.321389,19.061389,1750,PRESERVED_SPECIMEN,MVZ,09c4287e-e6d5-4552-a07f-bff8a00833d8,MX,Mexico,1981,1981-10-14,"cdc,cdround,incomis,inmafu"
5147400913,Pseudoeurycea leprosa,"Pseudoeurycea leprosa (Cope, 1869)",-99.3025,19.040833,4561,PRESERVED_SPECIMEN,MVZ,09c4287e-e6d5-4552-a07f-bff8a00833d8,MX,Morelos,1981,1981-10-14,"cdc,cdround,incomis,inmafu"
5147410919,Pseudoeurycea leprosa,"Pseudoeurycea leprosa (Cope, 1869)",-99.321389,19.061389,1750,PRESERVED_SPECIMEN,MVZ,09c4287e-e6d5-4552-a07f-bff8a00833d8,MX,Mexico,1981,1981-10-14,"cdc,cdround,incomis,inmafu"
5147410920,Pseudoeurycea leprosa,"Pseudoeurycea leprosa (Cope, 1869)",-99.3025,19.040833,4561,PRESERVED_SPECIMEN,MVZ,09c4287e-e6d5-4552-a07f-bff8a00833d8,MX,Morelos,1981,1981-10-14,"cdc,cdround,incomis,inmafu"
5147484917,Pseudoeurycea leprosa,"Pseudoeurycea leprosa (Cope, 1869)",-99.321389,19.061389,1750,PRESERVED_SPECIMEN,MVZ,09c4287e-e6d5-4552-a07f-bff8a00833d8,MX,Mexico,1981,1981-10-14,"cdc,cdround,incomis,inmafu"
5147484918,Pseudoeurycea leprosa,"Pseudoeurycea leprosa (Cope, 1869)",-99.321389,19.061389,1750,PRESERVED_SPECIMEN,MVZ,09c4287e-e6d5-4552-a07f-bff8a00833d8,MX,Mexico,1981,1981-10-14,"cdc,cdround,incomis,inmafu"
5147486919,Pseudoeurycea leprosa,"Pseudoeurycea leprosa (Cope, 1869)",-99.321389,19.061389,1750,PRESERVED_SPECIMEN,MVZ,09c4287e-e6d5-4552-a07f-bff8a00833d8,MX,Mexico,1981,1981-10-14,"cdc,cdround,incomis,inmafu"
5147487922,Pseudoeurycea leprosa,"Pseudoeurycea leprosa (Cope, 1869)",-99.321389,19.061389,1750,PRESERVED_SPECIMEN,MVZ,09c4287e-e6d5-4552-a07f-bff8a00833d8,MX,Mexico,1981,1981-10-14,"cdc,cdround,incomis,inmafu"
5147489917,Pseudoeurycea leprosa,"Pseudoeurycea leprosa (Cope, 1869)",-99.321389,19.061389,1750,PRESERVED_SPECIMEN,MVZ,09c4287e-e6d5-4552-a07f-bff8a00833d8,MX,Mexico,1981,1981-10-14,"cdc,cdround,incomis,inmafu"
1895031099,Pseudoeurycea leprosa,"Pseudoeurycea leprosa (Cope, 1869)",-98.7525,19.347222,80,PRESERVED_SPECIMEN,MVZ,0159cf6b-6a46-4365-96f1-d7ca2511f082,MX,Mexico,1981,1981-11-08,"cdround,rdativ,osiic"
1895031243,Pseudoeurycea leprosa,"Pseudoeurycea leprosa (Cope, 1869)",-98.7525,19.347222,80,PRESERVED_SPECIMEN,MVZ,0159cf6b-6a46-4365-96f1-d7ca2511f082,MX,Mexico,1981,1981-11-08,"cdround,rdativ,osiic"
1895031250,Pseudoeurycea leprosa,"Pseudoeurycea leprosa (Cope, 1869)",-98.7525,19.347222,80,PRESERVED_SPECIMEN,MVZ,0159cf6b-6a46-4365-96f1-d7ca2511f082,MX,Mexico,1981,1981-11-08,"cdround,rdativ,osiic"
1895031291,Pseudoeurycea leprosa,"Pseudoeurycea leprosa (Cope, 1869)",-98.7525,19.347222,80,PRESERVED_SPECIMEN,MVZ,0159cf6b-6a46-4365-96f1-d7ca2511f082,MX,Mexico,1981,1981-11-08,"cdround,rdativ,osiic"
1895031394,Pseudoeurycea leprosa,"Pseudoeurycea leprosa (Cope, 1869)",-98.7525,19.347222,80,PRESERVED_SPECIMEN,MVZ,0159cf6b-6a46-4365-96f1-d7ca2511f082,MX,Mexico,1981,1981-11-08,"cdround,rdativ,osiic"
1895031442,Pseudoeurycea leprosa,"Pseudoeurycea leprosa (Cope, 1869)",-98.7525,19.347222,80,PRESERVED_SPECIMEN,MVZ,0159cf6b-6a46-4365-96f1-d7ca2511f082,MX,Mexico,1981,1981-11-08,"cdround,rdativ,osiic"
1895031447,Pseudoeurycea leprosa,"Pseudoeurycea leprosa (Cope, 1869)",-98.7525,19.347222,80,PRESERVED_SPECIMEN,MVZ,0159cf6b-6a46-4365-96f1-d7ca2511f082,MX,Mexico,1981,1981-11-08,"cdround,rdativ,osiic"
1895031452,Pseudoeurycea leprosa,"Pseudoeurycea leprosa (Cope, 1869)",-98.7525,19.347222,80,PRESERVED_SPECIMEN,MVZ,0159cf6b-6a46-4365-96f1-d7ca2511f082,MX,Mexico,1981,1981-11-08,"cdround,rdativ,osiic"
1895031537,Pseudoeurycea leprosa,"Pseudoeurycea leprosa (Cope, 1869)",-98.7525,19.347222,80,PRESERVED_SPECIMEN,MVZ,0159cf6b-6a46-4365-96f1-d7ca2511f082,MX,Mexico,1981,1981-11-08,"cdround,rdativ,osiic"
1895031552,Pseudoeurycea leprosa,"Pseudoeurycea leprosa (Cope, 1869)",-98.7525,19.347222,80,PRESERVED_SPECIMEN,MVZ,0159cf6b-6a46-4365-96f1-d7ca2511f082,MX,Mexico,1981,1981-11-08,"cdround,rdativ,osiic"
1895031618,Pseudoeurycea leprosa,"Pseudoeurycea leprosa (Cope, 1869)",-98.7525,19.347222,80,PRESERVED_SPECIMEN,MVZ,0159cf6b-6a46-4365-96f1-d7ca2511f082,MX,Mexico,1981,1981-11-08,"cdround,rdativ,osiic"
1895031638,Pseudoeurycea leprosa,"Pseudoeurycea leprosa (Cope, 1869)",-98.7525,19.347222,80,PRESERVED_SPECIMEN,MVZ,0159cf6b-6a46-4365-96f1-d7ca2511f082,MX,Mexico,1981,1981-11-08,"cdround,rdativ,osiic"
1895031643,Pseudoeurycea leprosa,"Pseudoeurycea leprosa (Cope, 1869)",-98.7525,19.347222,80,PRESERVED_SPECIMEN,MVZ,0159cf6b-6a46-4365-96f1-d7ca2511f082,MX,Mexico,1981,1981-11-08,"cdround,rdativ,osiic"
1895031804,Pseudoeurycea leprosa,"Pseudoeurycea leprosa (Cope, 1869)",-98.7525,19.347222,80,PRESERVED_SPECIMEN,MVZ,0159cf6b-6a46-4365-96f1-d7ca2511f082,MX,Mexico,1981,1981-11-08,"cdround,rdativ,osiic"
1895031886,Pseudoeurycea leprosa,"Pseudoeurycea leprosa (Cope, 1869)",-98.7525,19.347222,80,PRESERVED_SPECIMEN,MVZ,0159cf6b-6a46-4365-96f1-d7ca2511f082,MX,Mexico,1981,1981-11-08,"cdround,rdativ,osiic"
1895031912,Pseudoeurycea leprosa,"Pseudoeurycea leprosa (Cope, 1869)",-98.7525,19.347222,80,PRESERVED_SPECIMEN,MVZ,0159cf6b-6a46-4365-96f1-d7ca2511f082,MX,Mexico,1981,1981-11-08,"cdround,rdativ,osiic"
5147041910,Pseudoeurycea leprosa,"Pseudoeurycea leprosa (Cope, 1869)",-98.6975,19.335556,3292,PRESERVED_SPECIMEN,MVZ,09c4287e-e6d5-4552-a07f-bff8a00833d8,MX,Mexico,1981,1981-11-08,"cdc,cdround,incomis,inmafu"
5147042916,Pseudoeurycea leprosa,"Pseudoeurycea leprosa (Cope, 1869)",-98.6975,19.335556,3292,PRESERVED_SPECIMEN,MVZ,09c4287e-e6d5-4552-a07f-bff8a00833d8,MX,Mexico,1981,1981-11-08,"cdc,cdround,incomis,inmafu"
5147042917,Pseudoeurycea leprosa,"Pseudoeurycea leprosa (Cope, 1869)",-98.6975,19.335556,3292,PRESERVED_SPECIMEN,MVZ,09c4287e-e6d5-4552-a07f-bff8a00833d8,MX,Mexico,1981,1981-11-08,"cdc,cdround,incomis,inmafu"
5147045916,Pseudoeurycea leprosa,"Pseudoeurycea leprosa (Cope, 1869)",-98.6975,19.335556,3292,PRESERVED_SPECIMEN,MVZ,09c4287e-e6d5-4552-a07f-bff8a00833d8,MX,Mexico,1981,1981-11-08,"cdc,cdround,incomis,inmafu"
5147045917,Pseudoeurycea leprosa,"Pseudoeurycea leprosa (Cope, 1869)",-98.6975,19.335556,3292,PRESERVED_SPECIMEN,MVZ,09c4287e-e6d5-4552-a07f-bff8a00833d8,MX,Mexico,1981,1981-11-08,"cdc,cdround,incomis,inmafu"
5147159912,Pseudoeurycea leprosa,"Pseudoeurycea leprosa (Cope, 1869)",-98.6975,19.335556,3292,PRESERVED_SPECIMEN,MVZ,09c4287e-e6d5-4552-a07f-bff8a00833d8,MX,Mexico,1981,1981-11-08,"cdc,cdround,incomis,inmafu"
5147161909,Pseudoeurycea leprosa,"Pseudoeurycea leprosa (Cope, 1869)",-98.6975,19.335556,3292,PRESERVED_SPECIMEN,MVZ,09c4287e-e6d5-4552-a07f-bff8a00833d8,MX,Mexico,1981,1981-11-08,"cdc,cdround,incomis,inmafu"
5147161910,Pseudoeurycea leprosa,"Pseudoeurycea leprosa (Cope, 1869)",-98.6975,19.335556,3292,PRESERVED_SPECIMEN,MVZ,09c4287e-e6d5-4552-a07f-bff8a00833d8,MX,Mexico,1981,1981-11-08,"cdc,cdround,incomis,inmafu"
5147164915,Pseudoeurycea leprosa,"Pseudoeurycea leprosa (Cope, 1869)",-98.6975,19.335556,3292,PRESERVED_SPECIMEN,MVZ,09c4287e-e6d5-4552-a07f-bff8a00833d8,MX,Mexico,1981,1981-11-08,"cdc,cdround,incomis,inmafu"
5147279918,Pseudoeurycea leprosa,"Pseudoeurycea leprosa (Cope, 1869)",-98.6975,19.335556,3292,PRESERVED_SPECIMEN,MVZ,09c4287e-e6d5-4552-a07f-bff8a00833d8,MX,Mexico,1981,1981-11-08,"cdc,cdround,incomis,inmafu"
5147280914,Pseudoeurycea leprosa,"Pseudoeurycea leprosa (Cope, 1869)",-98.6975,19.335556,3292,PRESERVED_SPECIMEN,MVZ,09c4287e-e6d5-4552-a07f-bff8a00833d8,MX,Mexico,1981,1981-11-08,"cdc,cdround,incomis,inmafu"
5147291916,Pseudoeurycea leprosa,"Pseudoeurycea leprosa (Cope, 1869)",-98.6975,19.335556,3292,PRESERVED_SPECIMEN,MVZ,09c4287e-e6d5-4552-a07f-bff8a00833d8,MX,Mexico,1981,1981-11-08,"cdc,cdround,incomis,inmafu"
5147394908,Pseudoeurycea leprosa,"Pseudoeurycea leprosa (Cope, 1869)",-98.6975,19.335556,3292,PRESERVED_SPECIMEN,MVZ,09c4287e-e6d5-4552-a07f-bff8a00833d8,MX,Mexico,1981,1981-11-08,"cdc,cdround,incomis,inmafu"
5147396914,Pseudoeurycea leprosa,"Pseudoeurycea leprosa (Cope, 1869)",-98.6975,19.335556,3292,PRESERVED_SPECIMEN,MVZ,09c4287e-e6d5-4552-a07f-bff8a00833d8,MX,Mexico,1981,1981-11-08,"cdc,cdround,incomis,inmafu"
5147396915,Pseudoeurycea leprosa,"Pseudoeurycea leprosa (Cope, 1869)",-98.6975,19.335556,3292,PRESERVED_SPECIMEN,MVZ,09c4287e-e6d5-4552-a07f-bff8a00833d8,MX,Mexico,1981,1981-11-08,"cdc,cdround,incomis,inmafu"
5147399917,Pseudoeurycea leprosa,"Pseudoeurycea leprosa (Cope, 1869)",-98.6975,19.335556,3292,PRESERVED_SPECIMEN,MVZ,09c4287e-e6d5-4552-a07f-bff8a00833d8,MX,Mexico,1981,1981-11-08,"cdc,cdround,incomis,inmafu"
1895031138,Pseudoeurycea leprosa,"Pseudoeurycea leprosa (Cope, 1869)",-98.681111,19.083333,90,PRESERVED_SPECIMEN,FMNH,0159cf6b-6a46-4365-96f1-d7ca2511f082,MX,Mexico,1980,1980-08-20,"cdround,osiic"
1895031230,Pseudoeurycea leprosa,"Pseudoeurycea leprosa (Cope, 1869)",-98.681111,19.083333,90,PRESERVED_SPECIMEN,FMNH,0159cf6b-6a46-4365-96f1-d7ca2511f082,MX,Mexico,1980,1980-08-20,"cdround,osiic"
1895031773,Pseudoeurycea leprosa,"Pseudoeurycea leprosa (Cope, 1869)",-98.681111,19.083333,90,PRESERVED_SPECIMEN,FMNH,0159cf6b-6a46-4365-96f1-d7ca2511f082,MX,Mexico,1980,1980-08-20,"cdround,osiic"
4168719522,Pseudoeurycea leprosa,"Pseudoeurycea leprosa (Cope, 1869)",-99.316667,19.05,90,PRESERVED_SPECIMEN,MZFC-FC-UNAM,7fdb69da-f762-11e1-a439-00145eb45e9a,MX,Morelos,1980,1980-12-13,cdround
1895031644,Pseudoeurycea leprosa,"Pseudoeurycea leprosa (Cope, 1869)",-99.312222,19.051667,90,PRESERVED_SPECIMEN,IBUNAM,0159cf6b-6a46-4365-96f1-d7ca2511f082,MX,Mexico,1979,1979-02-04,"cdround,rdativ,osiic"
1061374885,Pseudoeurycea leprosa,"Pseudoeurycea leprosa (Cope, 1869)",-98.78,19.25,NA,PRESERVED_SPECIMEN,UCM,8935e64a-f762-11e1-a439-00145eb45e9a,MX,Mexico,1979,1979-04-28,"cdc,incomis,inmafu"
1061374897,Pseudoeurycea leprosa,"Pseudoeurycea leprosa (Cope, 1869)",-98.78,19.25,NA,PRESERVED_SPECIMEN,UCM,8935e64a-f762-11e1-a439-00145eb45e9a,MX,Mexico,1979,1979-04-28,"cdc,incomis,inmafu"
1061374908,Pseudoeurycea leprosa,"Pseudoeurycea leprosa (Cope, 1869)",-98.78,19.25,NA,PRESERVED_SPECIMEN,UCM,8935e64a-f762-11e1-a439-00145eb45e9a,MX,Mexico,1979,1979-04-28,"cdc,incomis,inmafu"
1061374973,Pseudoeurycea leprosa,"Pseudoeurycea leprosa (Cope, 1869)",-98.78,19.25,NA,PRESERVED_SPECIMEN,UCM,8935e64a-f762-11e1-a439-00145eb45e9a,MX,Mexico,1979,1979-04-28,"cdc,incomis,inmafu"
1895031304,Pseudoeurycea leprosa,"Pseudoeurycea leprosa (Cope, 1869)",-98.718333,19.316667,80,PRESERVED_SPECIMEN,UCM,0159cf6b-6a46-4365-96f1-d7ca2511f082,MX,Mexico,1979,1979-04-28,"cdround,osiic"
1895031404,Pseudoeurycea leprosa,"Pseudoeurycea leprosa (Cope, 1869)",-98.718333,19.316667,80,PRESERVED_SPECIMEN,UCM,0159cf6b-6a46-4365-96f1-d7ca2511f082,MX,Mexico,1979,1979-04-28,"cdround,osiic"
1895031877,Pseudoeurycea leprosa,"Pseudoeurycea leprosa (Cope, 1869)",-98.718333,19.316667,80,PRESERVED_SPECIMEN,UCM,0159cf6b-6a46-4365-96f1-d7ca2511f082,MX,Mexico,1979,1979-04-28,"cdround,osiic"
4168719542,Pseudoeurycea leprosa,"Pseudoeurycea leprosa (Cope, 1869)",-99.3,19.136389,90,PRESERVED_SPECIMEN,MZFC-FC-UNAM,7fdb69da-f762-11e1-a439-00145eb45e9a,MX,Mexico,1979,1979-05-16,cdround
4168719418,Pseudoeurycea leprosa,"Pseudoeurycea leprosa (Cope, 1869)",-99.305278,19.101389,90,PRESERVED_SPECIMEN,MZFC-FC-UNAM,7fdb69da-f762-11e1-a439-00145eb45e9a,MX,Morelos,1979,1979-06-16,cdround
5147048471,Pseudoeurycea leprosa,"Pseudoeurycea leprosa (Cope, 1869)",-97.159167,19.635,5710,PRESERVED_SPECIMEN,MVZ,09c4287e-e6d5-4552-a07f-bff8a00833d8,MX,Veracruz,1979,1979-07-25,"cdc,cdround,incomis,inmafu"
5147048523,Pseudoeurycea leprosa,"Pseudoeurycea leprosa (Cope, 1869)",-97.104722,19.570556,2042,PRESERVED_SPECIMEN,MVZ,09c4287e-e6d5-4552-a07f-bff8a00833d8,MX,Veracruz,1979,1979-07-24,"cdc,cdround,incomis,inmafu"
5147048524,Pseudoeurycea leprosa,"Pseudoeurycea leprosa (Cope, 1869)",-97.104722,19.570556,2042,PRESERVED_SPECIMEN,MVZ,09c4287e-e6d5-4552-a07f-bff8a00833d8,MX,Veracruz,1979,1979-07-24,"cdc,cdround,incomis,inmafu"
5147049520,Pseudoeurycea leprosa,"Pseudoeurycea leprosa (Cope, 1869)",-97.104722,19.570556,2042,PRESERVED_SPECIMEN,MVZ,09c4287e-e6d5-4552-a07f-bff8a00833d8,MX,Veracruz,1979,1979-07-24,"cdc,cdround,incomis,inmafu"
5147049526,Pseudoeurycea leprosa,"Pseudoeurycea leprosa (Cope, 1869)",-97.098611,19.635,792,PRESERVED_SPECIMEN,MVZ,09c4287e-e6d5-4552-a07f-bff8a00833d8,MX,Veracruz,1979,1979-07-01/1979-07-31,"cdc,cdround,incomis,inmafu"
5147052519,Pseudoeurycea leprosa,"Pseudoeurycea leprosa (Cope, 1869)",-97.104722,19.570556,2042,PRESERVED_SPECIMEN,MVZ,09c4287e-e6d5-4552-a07f-bff8a00833d8,MX,Veracruz,1979,1979-07-24,"cdc,cdround,incomis,inmafu"
5147052520,Pseudoeurycea leprosa,"Pseudoeurycea leprosa (Cope, 1869)",-97.104722,19.570556,2042,PRESERVED_SPECIMEN,MVZ,09c4287e-e6d5-4552-a07f-bff8a00833d8,MX,Veracruz,1979,1979-07-24,"cdc,cdround,incomis,inmafu"
5147053519,Pseudoeurycea leprosa,"Pseudoeurycea leprosa (Cope, 1869)",-97.104722,19.570556,2042,PRESERVED_SPECIMEN,MVZ,09c4287e-e6d5-4552-a07f-bff8a00833d8,MX,Veracruz,1979,1979-07-24,"cdc,cdround,incomis,inmafu"
5147053520,Pseudoeurycea leprosa,"Pseudoeurycea leprosa (Cope, 1869)",-97.104722,19.570556,2042,PRESERVED_SPECIMEN,MVZ,09c4287e-e6d5-4552-a07f-bff8a00833d8,MX,Veracruz,1979,1979-07-24,"cdc,cdround,incomis,inmafu"
5147053521,Pseudoeurycea leprosa,"Pseudoeurycea leprosa (Cope, 1869)",-97.104722,19.570556,2042,PRESERVED_SPECIMEN,MVZ,09c4287e-e6d5-4552-a07f-bff8a00833d8,MX,Veracruz,1979,1979-07-24,"cdc,cdround,incomis,inmafu"
5147055519,Pseudoeurycea leprosa,"Pseudoeurycea leprosa (Cope, 1869)",-97.104722,19.570556,2042,PRESERVED_SPECIMEN,MVZ,09c4287e-e6d5-4552-a07f-bff8a00833d8,MX,Veracruz,1979,1979-07-24,"cdc,cdround,incomis,inmafu"
5147055520,Pseudoeurycea leprosa,"Pseudoeurycea leprosa (Cope, 1869)",-97.104722,19.570556,2042,PRESERVED_SPECIMEN,MVZ,09c4287e-e6d5-4552-a07f-bff8a00833d8,MX,Veracruz,1979,1979-07-24,"cdc,cdround,incomis,inmafu"
5147168521,Pseudoeurycea leprosa,"Pseudoeurycea leprosa (Cope, 1869)",-97.104722,19.570556,2042,PRESERVED_SPECIMEN,MVZ,09c4287e-e6d5-4552-a07f-bff8a00833d8,MX,Veracruz,1979,1979-07-24,"cdc,cdround,incomis,inmafu"
5147168522,Pseudoeurycea leprosa,"Pseudoeurycea leprosa (Cope, 1869)",-97.104722,19.570556,2042,PRESERVED_SPECIMEN,MVZ,09c4287e-e6d5-4552-a07f-bff8a00833d8,MX,Veracruz,1979,1979-07-24,"cdc,cdround,incomis,inmafu"
5147168523,Pseudoeurycea leprosa,"Pseudoeurycea leprosa (Cope, 1869)",-97.104722,19.570556,2042,PRESERVED_SPECIMEN,MVZ,09c4287e-e6d5-4552-a07f-bff8a00833d8,MX,Veracruz,1979,1979-07-24,"cdc,cdround,incomis,inmafu"
5147170519,Pseudoeurycea leprosa,"Pseudoeurycea leprosa (Cope, 1869)",-97.104722,19.570556,2042,PRESERVED_SPECIMEN,MVZ,09c4287e-e6d5-4552-a07f-bff8a00833d8,MX,Veracruz,1979,1979-07-24,"cdc,cdround,incomis,inmafu"
5147170520,Pseudoeurycea leprosa,"Pseudoeurycea leprosa (Cope, 1869)",-97.104722,19.570556,2042,PRESERVED_SPECIMEN,MVZ,09c4287e-e6d5-4552-a07f-bff8a00833d8,MX,Veracruz,1979,1979-07-24,"cdc,cdround,incomis,inmafu"
5147171519,Pseudoeurycea leprosa,"Pseudoeurycea leprosa (Cope, 1869)",-97.104722,19.570556,2042,PRESERVED_SPECIMEN,MVZ,09c4287e-e6d5-4552-a07f-bff8a00833d8,MX,Veracruz,1979,1979-07-24,"cdc,cdround,incomis,inmafu"
5147171520,Pseudoeurycea leprosa,"Pseudoeurycea leprosa (Cope, 1869)",-97.104722,19.570556,2042,PRESERVED_SPECIMEN,MVZ,09c4287e-e6d5-4552-a07f-bff8a00833d8,MX,Veracruz,1979,1979-07-24,"cdc,cdround,incomis,inmafu"
5147175520,Pseudoeurycea leprosa,"Pseudoeurycea leprosa (Cope, 1869)",-97.104722,19.570556,2042,PRESERVED_SPECIMEN,MVZ,09c4287e-e6d5-4552-a07f-bff8a00833d8,MX,Veracruz,1979,1979-07-24,"cdc,cdround,incomis,inmafu"
5147177520,Pseudoeurycea leprosa,"Pseudoeurycea leprosa (Cope, 1869)",-97.104722,19.570556,2042,PRESERVED_SPECIMEN,MVZ,09c4287e-e6d5-4552-a07f-bff8a00833d8,MX,Veracruz,1979,1979-07-24,"cdc,cdround,incomis,inmafu"
5147177521,Pseudoeurycea leprosa,"Pseudoeurycea leprosa (Cope, 1869)",-97.104722,19.570556,2042,PRESERVED_SPECIMEN,MVZ,09c4287e-e6d5-4552-a07f-bff8a00833d8,MX,Veracruz,1979,1979-07-24,"cdc,cdround,incomis,inmafu"
5147177522,Pseudoeurycea leprosa,"Pseudoeurycea leprosa (Cope, 1869)",-97.104722,19.570556,2042,PRESERVED_SPECIMEN,MVZ,09c4287e-e6d5-4552-a07f-bff8a00833d8,MX,Veracruz,1979,1979-07-24,"cdc,cdround,incomis,inmafu"
5147286518,Pseudoeurycea leprosa,"Pseudoeurycea leprosa (Cope, 1869)",-97.104722,19.570556,2042,PRESERVED_SPECIMEN,MVZ,09c4287e-e6d5-4552-a07f-bff8a00833d8,MX,Veracruz,1979,1979-07-24,"cdc,cdround,incomis,inmafu"
5147286519,Pseudoeurycea leprosa,"Pseudoeurycea leprosa (Cope, 1869)",-97.104722,19.570556,2042,PRESERVED_SPECIMEN,MVZ,09c4287e-e6d5-4552-a07f-bff8a00833d8,MX,Veracruz,1979,1979-07-24,"cdc,cdround,incomis,inmafu"
5147286520,Pseudoeurycea leprosa,"Pseudoeurycea leprosa (Cope, 1869)",-97.104722,19.570556,2042,PRESERVED_SPECIMEN,MVZ,09c4287e-e6d5-4552-a07f-bff8a00833d8,MX,Veracruz,1979,1979-07-24,"cdc,cdround,incomis,inmafu"
5147289519,Pseudoeurycea leprosa,"Pseudoeurycea leprosa (Cope, 1869)",-97.104722,19.570556,2042,PRESERVED_SPECIMEN,MVZ,09c4287e-e6d5-4552-a07f-bff8a00833d8,MX,Veracruz,1979,1979-07-24,"cdc,cdround,incomis,inmafu"
5147290521,Pseudoeurycea leprosa,"Pseudoeurycea leprosa (Cope, 1869)",-97.104722,19.570556,2042,PRESERVED_SPECIMEN,MVZ,09c4287e-e6d5-4552-a07f-bff8a00833d8,MX,Veracruz,1979,1979-07-24,"cdc,cdround,incomis,inmafu"
5147295465,Pseudoeurycea leprosa,"Pseudoeurycea leprosa (Cope, 1869)",-97.159167,19.635,5710,PRESERVED_SPECIMEN,MVZ,09c4287e-e6d5-4552-a07f-bff8a00833d8,MX,Veracruz,1979,1979-07-25,"cdc,cdround,incomis,inmafu"
5147295515,Pseudoeurycea leprosa,"Pseudoeurycea leprosa (Cope, 1869)",-97.104722,19.570556,2042,PRESERVED_SPECIMEN,MVZ,09c4287e-e6d5-4552-a07f-bff8a00833d8,MX,Veracruz,1979,1979-07-24,"cdc,cdround,incomis,inmafu"
5147295516,Pseudoeurycea leprosa,"Pseudoeurycea leprosa (Cope, 1869)",-97.104722,19.570556,2042,PRESERVED_SPECIMEN,MVZ,09c4287e-e6d5-4552-a07f-bff8a00833d8,MX,Veracruz,1979,1979-07-24,"cdc,cdround,incomis,inmafu"
5147295517,Pseudoeurycea leprosa,"Pseudoeurycea leprosa (Cope, 1869)",-97.104722,19.570556,2042,PRESERVED_SPECIMEN,MVZ,09c4287e-e6d5-4552-a07f-bff8a00833d8,MX,Veracruz,1979,1979-07-24,"cdc,cdround,incomis,inmafu"
5147301519,Pseudoeurycea leprosa,"Pseudoeurycea leprosa (Cope, 1869)",-97.104722,19.570556,2042,PRESERVED_SPECIMEN,MVZ,09c4287e-e6d5-4552-a07f-bff8a00833d8,MX,Veracruz,1979,1979-07-24,"cdc,cdround,incomis,inmafu"
5147403522,Pseudoeurycea leprosa,"Pseudoeurycea leprosa (Cope, 1869)",-97.104722,19.570556,2042,PRESERVED_SPECIMEN,MVZ,09c4287e-e6d5-4552-a07f-bff8a00833d8,MX,Veracruz,1979,1979-07-24,"cdc,cdround,incomis,inmafu"
5147404519,Pseudoeurycea leprosa,"Pseudoeurycea leprosa (Cope, 1869)",-97.104722,19.570556,2042,PRESERVED_SPECIMEN,MVZ,09c4287e-e6d5-4552-a07f-bff8a00833d8,MX,Veracruz,1979,1979-07-24,"cdc,cdround,incomis,inmafu"
5147404520,Pseudoeurycea leprosa,"Pseudoeurycea leprosa (Cope, 1869)",-97.104722,19.570556,2042,PRESERVED_SPECIMEN,MVZ,09c4287e-e6d5-4552-a07f-bff8a00833d8,MX,Veracruz,1979,1979-07-24,"cdc,cdround,incomis,inmafu"
5147406520,Pseudoeurycea leprosa,"Pseudoeurycea leprosa (Cope, 1869)",-97.104722,19.570556,2042,PRESERVED_SPECIMEN,MVZ,09c4287e-e6d5-4552-a07f-bff8a00833d8,MX,Veracruz,1979,1979-07-24,"cdc,cdround,incomis,inmafu"
5147409524,Pseudoeurycea leprosa,"Pseudoeurycea leprosa (Cope, 1869)",-97.104722,19.570556,2042,PRESERVED_SPECIMEN,MVZ,09c4287e-e6d5-4552-a07f-bff8a00833d8,MX,Veracruz,1979,1979-07-24,"cdc,cdround,incomis,inmafu"
5147409525,Pseudoeurycea leprosa,"Pseudoeurycea leprosa (Cope, 1869)",-97.104722,19.570556,2042,PRESERVED_SPECIMEN,MVZ,09c4287e-e6d5-4552-a07f-bff8a00833d8,MX,Veracruz,1979,1979-07-24,"cdc,cdround,incomis,inmafu"
5147420469,Pseudoeurycea leprosa,"Pseudoeurycea leprosa (Cope, 1869)",-97.159167,19.635,5710,PRESERVED_SPECIMEN,MVZ,09c4287e-e6d5-4552-a07f-bff8a00833d8,MX,Veracruz,1979,1979-07-25,"cdc,cdround,incomis,inmafu"
5147420520,Pseudoeurycea leprosa,"Pseudoeurycea leprosa (Cope, 1869)",-97.104722,19.570556,2042,PRESERVED_SPECIMEN,MVZ,09c4287e-e6d5-4552-a07f-bff8a00833d8,MX,Veracruz,1979,1979-07-24,"cdc,cdround,incomis,inmafu"
5147420521,Pseudoeurycea leprosa,"Pseudoeurycea leprosa (Cope, 1869)",-97.104722,19.570556,2042,PRESERVED_SPECIMEN,MVZ,09c4287e-e6d5-4552-a07f-bff8a00833d8,MX,Veracruz,1979,1979-07-24,"cdc,cdround,incomis,inmafu"
5147488520,Pseudoeurycea leprosa,"Pseudoeurycea leprosa (Cope, 1869)",-97.104722,19.570556,2042,PRESERVED_SPECIMEN,MVZ,09c4287e-e6d5-4552-a07f-bff8a00833d8,MX,Veracruz,1979,1979-07-24,"cdc,cdround,incomis,inmafu"
5147488521,Pseudoeurycea leprosa,"Pseudoeurycea leprosa (Cope, 1869)",-97.104722,19.570556,2042,PRESERVED_SPECIMEN,MVZ,09c4287e-e6d5-4552-a07f-bff8a00833d8,MX,Veracruz,1979,1979-07-24,"cdc,cdround,incomis,inmafu"
5147488522,Pseudoeurycea leprosa,"Pseudoeurycea leprosa (Cope, 1869)",-97.104722,19.570556,2042,PRESERVED_SPECIMEN,MVZ,09c4287e-e6d5-4552-a07f-bff8a00833d8,MX,Veracruz,1979,1979-07-24,"cdc,cdround,incomis,inmafu"
5147490467,Pseudoeurycea leprosa,"Pseudoeurycea leprosa (Cope, 1869)",-97.159167,19.635,5710,PRESERVED_SPECIMEN,MVZ,09c4287e-e6d5-4552-a07f-bff8a00833d8,MX,Veracruz,1979,1979-07-25,"cdc,cdround,incomis,inmafu"
5147490517,Pseudoeurycea leprosa,"Pseudoeurycea leprosa (Cope, 1869)",-97.104722,19.570556,2042,PRESERVED_SPECIMEN,MVZ,09c4287e-e6d5-4552-a07f-bff8a00833d8,MX,Veracruz,1979,1979-07-24,"cdc,cdround,incomis,inmafu"
5147490518,Pseudoeurycea leprosa,"Pseudoeurycea leprosa (Cope, 1869)",-97.104722,19.570556,2042,PRESERVED_SPECIMEN,MVZ,09c4287e-e6d5-4552-a07f-bff8a00833d8,MX,Veracruz,1979,1979-07-24,"cdc,cdround,incomis,inmafu"
5147490519,Pseudoeurycea leprosa,"Pseudoeurycea leprosa (Cope, 1869)",-97.104722,19.570556,2042,PRESERVED_SPECIMEN,MVZ,09c4287e-e6d5-4552-a07f-bff8a00833d8,MX,Veracruz,1979,1979-07-24,"cdc,cdround,incomis,inmafu"
5147491470,Pseudoeurycea leprosa,"Pseudoeurycea leprosa (Cope, 1869)",-97.159167,19.635,5710,PRESERVED_SPECIMEN,MVZ,09c4287e-e6d5-4552-a07f-bff8a00833d8,MX,Veracruz,1979,1979-07-25,"cdc,cdround,incomis,inmafu"
5147491521,Pseudoeurycea leprosa,"Pseudoeurycea leprosa (Cope, 1869)",-97.104722,19.570556,2042,PRESERVED_SPECIMEN,MVZ,09c4287e-e6d5-4552-a07f-bff8a00833d8,MX,Veracruz,1979,1979-07-24,"cdc,cdround,incomis,inmafu"
5147491522,Pseudoeurycea leprosa,"Pseudoeurycea leprosa (Cope, 1869)",-97.104722,19.570556,2042,PRESERVED_SPECIMEN,MVZ,09c4287e-e6d5-4552-a07f-bff8a00833d8,MX,Veracruz,1979,1979-07-24,"cdc,cdround,incomis,inmafu"
5147493522,Pseudoeurycea leprosa,"Pseudoeurycea leprosa (Cope, 1869)",-97.104722,19.570556,2042,PRESERVED_SPECIMEN,MVZ,09c4287e-e6d5-4552-a07f-bff8a00833d8,MX,Veracruz,1979,1979-07-24,"cdc,cdround,incomis,inmafu"
4168719312,Pseudoeurycea leprosa,"Pseudoeurycea leprosa (Cope, 1869)",-99.316667,19.05,90,PRESERVED_SPECIMEN,MZFC-FC-UNAM,7fdb69da-f762-11e1-a439-00145eb45e9a,MX,Morelos,1979,1979-09-10,"cdround,rdativ"
1211731084,Pseudoeurycea leprosa,"Pseudoeurycea leprosa (Cope, 1869)",-99.3101065,19.0606347,NA,PRESERVED_SPECIMEN,ROM,c287bcb5-ee4a-456f-86b6-dae0e6fe7958,MX,Morelos,1979,1979-11-17,"cdrep,osiic"
1211731088,Pseudoeurycea leprosa,"Pseudoeurycea leprosa (Cope, 1869)",-99.3101065,19.0606347,NA,PRESERVED_SPECIMEN,ROM,c287bcb5-ee4a-456f-86b6-dae0e6fe7958,MX,Morelos,1979,1979-11-17,"cdrep,osiic"
1211731704,Pseudoeurycea leprosa,"Pseudoeurycea leprosa (Cope, 1869)",-99.3101065,19.0606347,NA,PRESERVED_SPECIMEN,ROM,c287bcb5-ee4a-456f-86b6-dae0e6fe7958,MX,Morelos,1979,1979-11-17,"cdrep,osiic"
1211731709,Pseudoeurycea leprosa,"Pseudoeurycea leprosa (Cope, 1869)",-99.3101065,19.0606347,NA,PRESERVED_SPECIMEN,ROM,c287bcb5-ee4a-456f-86b6-dae0e6fe7958,MX,Morelos,1979,1979-11-17,"cdrep,osiic"
1211731716,Pseudoeurycea leprosa,"Pseudoeurycea leprosa (Cope, 1869)",-99.3101065,19.0606347,NA,PRESERVED_SPECIMEN,ROM,c287bcb5-ee4a-456f-86b6-dae0e6fe7958,MX,Morelos,1979,1979-11-17,"cdrep,osiic"
1895031225,Pseudoeurycea leprosa,"Pseudoeurycea leprosa (Cope, 1869)",-98.706667,19.333333,80,PRESERVED_SPECIMEN,FMNH,0159cf6b-6a46-4365-96f1-d7ca2511f082,MX,Mexico,1979,1979-11-28,"cdround,osiic"
1895031259,Pseudoeurycea leprosa,"Pseudoeurycea leprosa (Cope, 1869)",-98.752222,19.347222,80,PRESERVED_SPECIMEN,FMNH,0159cf6b-6a46-4365-96f1-d7ca2511f082,MX,Mexico,1979,1979-11-28,"cdround,osiic"
1895031335,Pseudoeurycea leprosa,"Pseudoeurycea leprosa (Cope, 1869)",-98.752222,19.347222,80,PRESERVED_SPECIMEN,FMNH,0159cf6b-6a46-4365-96f1-d7ca2511f082,MX,Mexico,1979,1979-11-28,"cdround,osiic"
1895031370,Pseudoeurycea leprosa,"Pseudoeurycea leprosa (Cope, 1869)",-98.752222,19.347222,80,PRESERVED_SPECIMEN,FMNH,0159cf6b-6a46-4365-96f1-d7ca2511f082,MX,Mexico,1979,1979-11-28,"cdround,osiic"
1895031389,Pseudoeurycea leprosa,"Pseudoeurycea leprosa (Cope, 1869)",-98.706667,19.333333,80,PRESERVED_SPECIMEN,FMNH,0159cf6b-6a46-4365-96f1-d7ca2511f082,MX,Mexico,1979,1979-11-28,"cdround,osiic"
1895031406,Pseudoeurycea leprosa,"Pseudoeurycea leprosa (Cope, 1869)",-98.706667,19.333333,80,PRESERVED_SPECIMEN,FMNH,0159cf6b-6a46-4365-96f1-d7ca2511f082,MX,Mexico,1979,1979-11-28,"cdround,osiic"
1895031455,Pseudoeurycea leprosa,"Pseudoeurycea leprosa (Cope, 1869)",-98.681111,19.083333,90,PRESERVED_SPECIMEN,FMNH,0159cf6b-6a46-4365-96f1-d7ca2511f082,MX,Mexico,1979,1979-11-21,"cdround,osiic"
1895031470,Pseudoeurycea leprosa,"Pseudoeurycea leprosa (Cope, 1869)",-98.706667,19.333333,80,PRESERVED_SPECIMEN,FMNH,0159cf6b-6a46-4365-96f1-d7ca2511f082,MX,Mexico,1979,1979-11-28,"cdround,osiic"
1895031485,Pseudoeurycea leprosa,"Pseudoeurycea leprosa (Cope, 1869)",-98.752222,19.347222,80,PRESERVED_SPECIMEN,FMNH,0159cf6b-6a46-4365-96f1-d7ca2511f082,MX,Mexico,1979,1979-11-28,"cdround,osiic"
1895031488,Pseudoeurycea leprosa,"Pseudoeurycea leprosa (Cope, 1869)",-98.706667,19.333333,80,PRESERVED_SPECIMEN,FMNH,0159cf6b-6a46-4365-96f1-d7ca2511f082,MX,Mexico,1979,1979-11-28,"cdround,osiic"
1895031622,Pseudoeurycea leprosa,"Pseudoeurycea leprosa (Cope, 1869)",-98.706667,19.333333,80,PRESERVED_SPECIMEN,FMNH,0159cf6b-6a46-4365-96f1-d7ca2511f082,MX,Mexico,1979,1979-11-28,"cdround,osiic"
1895031692,Pseudoeurycea leprosa,"Pseudoeurycea leprosa (Cope, 1869)",-98.706667,19.333333,80,PRESERVED_SPECIMEN,FMNH,0159cf6b-6a46-4365-96f1-d7ca2511f082,MX,Mexico,1979,1979-11-28,"cdround,osiic"
1895031709,Pseudoeurycea leprosa,"Pseudoeurycea leprosa (Cope, 1869)",-98.706667,19.333333,80,PRESERVED_SPECIMEN,FMNH,0159cf6b-6a46-4365-96f1-d7ca2511f082,MX,Mexico,1979,1979-11-28,"cdround,osiic"
1895031769,Pseudoeurycea leprosa,"Pseudoeurycea leprosa (Cope, 1869)",-98.706667,19.333333,80,PRESERVED_SPECIMEN,FMNH,0159cf6b-6a46-4365-96f1-d7ca2511f082,MX,Mexico,1979,1979-11-28,"cdround,osiic"
1895031798,Pseudoeurycea leprosa,"Pseudoeurycea leprosa (Cope, 1869)",-98.752222,19.347222,80,PRESERVED_SPECIMEN,FMNH,0159cf6b-6a46-4365-96f1-d7ca2511f082,MX,Mexico,1979,1979-11-28,"cdround,osiic"
1895031799,Pseudoeurycea leprosa,"Pseudoeurycea leprosa (Cope, 1869)",-98.706667,19.333333,80,PRESERVED_SPECIMEN,FMNH,0159cf6b-6a46-4365-96f1-d7ca2511f082,MX,Mexico,1979,1979-11-28,"cdround,osiic"
1895031821,Pseudoeurycea leprosa,"Pseudoeurycea leprosa (Cope, 1869)",-98.752222,19.347222,80,PRESERVED_SPECIMEN,FMNH,0159cf6b-6a46-4365-96f1-d7ca2511f082,MX,Mexico,1979,1979-11-28,"cdround,osiic"
1895031850,Pseudoeurycea leprosa,"Pseudoeurycea leprosa (Cope, 1869)",-98.706667,19.333333,80,PRESERVED_SPECIMEN,FMNH,0159cf6b-6a46-4365-96f1-d7ca2511f082,MX,Mexico,1979,1979-11-28,"cdround,osiic"
1895031874,Pseudoeurycea leprosa,"Pseudoeurycea leprosa (Cope, 1869)",-99.8,19.1375,90,PRESERVED_SPECIMEN,FMNH,0159cf6b-6a46-4365-96f1-d7ca2511f082,MX,Mexico,1979,1979-11-28,osiic
1895031894,Pseudoeurycea leprosa,"Pseudoeurycea leprosa (Cope, 1869)",-98.706667,19.333333,80,PRESERVED_SPECIMEN,FMNH,0159cf6b-6a46-4365-96f1-d7ca2511f082,MX,Mexico,1979,1979-11-28,"cdround,osiic"
1895031926,Pseudoeurycea leprosa,"Pseudoeurycea leprosa (Cope, 1869)",-98.706667,19.333333,80,PRESERVED_SPECIMEN,FMNH,0159cf6b-6a46-4365-96f1-d7ca2511f082,MX,Mexico,1979,1979-11-28,"cdround,osiic"
5147189014,Pseudoeurycea leprosa,"Pseudoeurycea leprosa (Cope, 1869)",-97.090556,19.631111,5797,PRESERVED_SPECIMEN,MVZ,09c4287e-e6d5-4552-a07f-bff8a00833d8,MX,Veracruz,1978,1978-01-08,"cdc,cdround,incomis,inmafu"
4169239356,Pseudoeurycea leprosa,"Pseudoeurycea leprosa (Cope, 1869)",-99.28,19.23,90,PRESERVED_SPECIMEN,IBUNAM,f6cc0fcc-1605-4bd4-bbea-dd12f697a2ba,MX,Ciudad de mexico,1978,1978-05-06,"rdativ,osiic"
1895031172,Pseudoeurycea leprosa,"Pseudoeurycea leprosa (Cope, 1869)",-98.674167,19.345,80,PRESERVED_SPECIMEN,FMNH,0159cf6b-6a46-4365-96f1-d7ca2511f082,MX,Mexico,1978,1978-07-11,"cdround,rdativ,osiic"
1895031192,Pseudoeurycea leprosa,"Pseudoeurycea leprosa (Cope, 1869)",-98.674167,19.345,80,PRESERVED_SPECIMEN,FMNH,0159cf6b-6a46-4365-96f1-d7ca2511f082,MX,Mexico,1978,1978-07-11,"cdround,rdativ,osiic"
1895031199,Pseudoeurycea leprosa,"Pseudoeurycea leprosa (Cope, 1869)",-99.312222,19.051667,90,PRESERVED_SPECIMEN,FMNH,0159cf6b-6a46-4365-96f1-d7ca2511f082,MX,Mexico,1978,1978-07-11,"cdround,rdativ,osiic"
1895031201,Pseudoeurycea leprosa,"Pseudoeurycea leprosa (Cope, 1869)",-98.674167,19.345,80,PRESERVED_SPECIMEN,FMNH,0159cf6b-6a46-4365-96f1-d7ca2511f082,MX,Mexico,1978,1978-07-11,"cdround,rdativ,osiic"
1895031208,Pseudoeurycea leprosa,"Pseudoeurycea leprosa (Cope, 1869)",-99.809444,19.189444,90,PRESERVED_SPECIMEN,FMNH,0159cf6b-6a46-4365-96f1-d7ca2511f082,MX,Mexico,1978,1978-07-18,"cdround,osiic"
1895031211,Pseudoeurycea leprosa,"Pseudoeurycea leprosa (Cope, 1869)",-99.809444,19.189444,90,PRESERVED_SPECIMEN,FMNH,0159cf6b-6a46-4365-96f1-d7ca2511f082,MX,Mexico,1978,1978-07-18,"cdround,osiic"
1895031212,Pseudoeurycea leprosa,"Pseudoeurycea leprosa (Cope, 1869)",-99.809444,19.189444,90,PRESERVED_SPECIMEN,FMNH,0159cf6b-6a46-4365-96f1-d7ca2511f082,MX,Mexico,1978,1978-07-18,"cdround,osiic"
1895031237,Pseudoeurycea leprosa,"Pseudoeurycea leprosa (Cope, 1869)",-99.312222,19.051667,90,PRESERVED_SPECIMEN,FMNH,0159cf6b-6a46-4365-96f1-d7ca2511f082,MX,Mexico,1978,1978-07-11,"cdround,rdativ,osiic"
1895031240,Pseudoeurycea leprosa,"Pseudoeurycea leprosa (Cope, 1869)",-99.312222,19.051667,90,PRESERVED_SPECIMEN,FMNH,0159cf6b-6a46-4365-96f1-d7ca2511f082,MX,Mexico,1978,1978-07-11,"cdround,rdativ,osiic"
1895031269,Pseudoeurycea leprosa,"Pseudoeurycea leprosa (Cope, 1869)",-98.674167,19.345,80,PRESERVED_SPECIMEN,FMNH,0159cf6b-6a46-4365-96f1-d7ca2511f082,MX,Mexico,1978,1978-07-11,"cdround,rdativ,osiic"
1895031282,Pseudoeurycea leprosa,"Pseudoeurycea leprosa (Cope, 1869)",-98.674167,19.345,80,PRESERVED_SPECIMEN,FMNH,0159cf6b-6a46-4365-96f1-d7ca2511f082,MX,Mexico,1978,1978-07-11,"cdround,rdativ,osiic"
1895031285,Pseudoeurycea leprosa,"Pseudoeurycea leprosa (Cope, 1869)",-98.674167,19.345,80,PRESERVED_SPECIMEN,FMNH,0159cf6b-6a46-4365-96f1-d7ca2511f082,MX,Mexico,1978,1978-07-18,"cdround,osiic"
1895031300,Pseudoeurycea leprosa,"Pseudoeurycea leprosa (Cope, 1869)",-98.674167,19.345,80,PRESERVED_SPECIMEN,FMNH,0159cf6b-6a46-4365-96f1-d7ca2511f082,MX,Mexico,1978,1978-07-11,"cdround,rdativ,osiic"
1895031331,Pseudoeurycea leprosa,"Pseudoeurycea leprosa (Cope, 1869)",-98.706667,19.333333,80,PRESERVED_SPECIMEN,FMNH,0159cf6b-6a46-4365-96f1-d7ca2511f082,MX,Mexico,1978,1978-07-11,"cdround,rdativ,osiic"
1895031341,Pseudoeurycea leprosa,"Pseudoeurycea leprosa (Cope, 1869)",-98.674167,19.345,80,PRESERVED_SPECIMEN,FMNH,0159cf6b-6a46-4365-96f1-d7ca2511f082,MX,Mexico,1978,1978-07-18,"cdround,osiic"
1895031371,Pseudoeurycea leprosa,"Pseudoeurycea leprosa (Cope, 1869)",-98.674167,19.345,80,PRESERVED_SPECIMEN,FMNH,0159cf6b-6a46-4365-96f1-d7ca2511f082,MX,Mexico,1978,1978-07-11,"cdround,rdativ,osiic"
1895031391,Pseudoeurycea leprosa,"Pseudoeurycea leprosa (Cope, 1869)",-98.674167,19.345,80,PRESERVED_SPECIMEN,FMNH,0159cf6b-6a46-4365-96f1-d7ca2511f082,MX,Mexico,1978,1978-07-11,"cdround,rdativ,osiic"
1895031411,Pseudoeurycea leprosa,"Pseudoeurycea leprosa (Cope, 1869)",-99.809444,19.189444,90,PRESERVED_SPECIMEN,FMNH,0159cf6b-6a46-4365-96f1-d7ca2511f082,MX,Mexico,1978,1978-07-18,"cdround,osiic"
1895031419,Pseudoeurycea leprosa,"Pseudoeurycea leprosa (Cope, 1869)",-98.674167,19.345,80,PRESERVED_SPECIMEN,FMNH,0159cf6b-6a46-4365-96f1-d7ca2511f082,MX,Mexico,1978,1978-07-11,"cdround,rdativ,osiic"
1895031448,Pseudoeurycea leprosa,"Pseudoeurycea leprosa (Cope, 1869)",-98.706667,19.333333,80,PRESERVED_SPECIMEN,FMNH,0159cf6b-6a46-4365-96f1-d7ca2511f082,MX,Mexico,1978,1978-07-17,"cdround,osiic"
1895031451,Pseudoeurycea leprosa,"Pseudoeurycea leprosa (Cope, 1869)",-99.312222,19.051667,90,PRESERVED_SPECIMEN,FMNH,0159cf6b-6a46-4365-96f1-d7ca2511f082,MX,Mexico,1978,1978-07-11,"cdround,rdativ,osiic"
1895031457,Pseudoeurycea leprosa,"Pseudoeurycea leprosa (Cope, 1869)",-99.312222,19.051667,90,PRESERVED_SPECIMEN,FMNH,0159cf6b-6a46-4365-96f1-d7ca2511f082,MX,Mexico,1978,1978-07-11,"cdround,rdativ,osiic"
1895031469,Pseudoeurycea leprosa,"Pseudoeurycea leprosa (Cope, 1869)",-98.706667,19.333333,80,PRESERVED_SPECIMEN,FMNH,0159cf6b-6a46-4365-96f1-d7ca2511f082,MX,Mexico,1978,1978-07-17,"cdround,osiic"
1895031510,Pseudoeurycea leprosa,"Pseudoeurycea leprosa (Cope, 1869)",-99.312222,19.051667,90,PRESERVED_SPECIMEN,FMNH,0159cf6b-6a46-4365-96f1-d7ca2511f082,MX,Mexico,1978,1978-07-11,"cdround,rdativ,osiic"
1895031511,Pseudoeurycea leprosa,"Pseudoeurycea leprosa (Cope, 1869)",-98.674167,19.345,80,PRESERVED_SPECIMEN,FMNH,0159cf6b-6a46-4365-96f1-d7ca2511f082,MX,Mexico,1978,1978-07-18,"cdround,osiic"
1895031517,Pseudoeurycea leprosa,"Pseudoeurycea leprosa (Cope, 1869)",-99.312222,19.051667,90,PRESERVED_SPECIMEN,FMNH,0159cf6b-6a46-4365-96f1-d7ca2511f082,MX,Mexico,1978,1978-07-11,"cdround,rdativ,osiic"
1895031524,Pseudoeurycea leprosa,"Pseudoeurycea leprosa (Cope, 1869)",-98.674167,19.345,80,PRESERVED_SPECIMEN,FMNH,0159cf6b-6a46-4365-96f1-d7ca2511f082,MX,Mexico,1978,1978-07-11,"cdround,rdativ,osiic"
1895031526,Pseudoeurycea leprosa,"Pseudoeurycea leprosa (Cope, 1869)",-99.312222,19.051667,90,PRESERVED_SPECIMEN,FMNH,0159cf6b-6a46-4365-96f1-d7ca2511f082,MX,Mexico,1978,1978-07-11,"cdround,rdativ,osiic"
1895031583,Pseudoeurycea leprosa,"Pseudoeurycea leprosa (Cope, 1869)",-99.312222,19.051667,90,PRESERVED_SPECIMEN,FMNH,0159cf6b-6a46-4365-96f1-d7ca2511f082,MX,Mexico,1978,1978-07-11,"cdround,rdativ,osiic"
1895031585,Pseudoeurycea leprosa,"Pseudoeurycea leprosa (Cope, 1869)",-98.706667,19.333333,80,PRESERVED_SPECIMEN,FMNH,0159cf6b-6a46-4365-96f1-d7ca2511f082,MX,Mexico,1978,1978-07-17,"cdround,osiic"
1895031623,Pseudoeurycea leprosa,"Pseudoeurycea leprosa (Cope, 1869)",-98.674167,19.345,80,PRESERVED_SPECIMEN,FMNH,0159cf6b-6a46-4365-96f1-d7ca2511f082,MX,Mexico,1978,1978-07-11,"cdround,rdativ,osiic"
1895031652,Pseudoeurycea leprosa,"Pseudoeurycea leprosa (Cope, 1869)",-98.674167,19.345,80,PRESERVED_SPECIMEN,FMNH,0159cf6b-6a46-4365-96f1-d7ca2511f082,MX,Mexico,1978,1978-07-11,"cdround,rdativ,osiic"
1895031654,Pseudoeurycea leprosa,"Pseudoeurycea leprosa (Cope, 1869)",-99.312222,19.051667,90,PRESERVED_SPECIMEN,FMNH,0159cf6b-6a46-4365-96f1-d7ca2511f082,MX,Mexico,1978,1978-07-11,"cdround,rdativ,osiic"
1895031668,Pseudoeurycea leprosa,"Pseudoeurycea leprosa (Cope, 1869)",-98.706667,19.333333,80,PRESERVED_SPECIMEN,FMNH,0159cf6b-6a46-4365-96f1-d7ca2511f082,MX,Mexico,1978,1978-07-17,"cdround,osiic"
1895031671,Pseudoeurycea leprosa,"Pseudoeurycea leprosa (Cope, 1869)",-99.312222,19.051667,90,PRESERVED_SPECIMEN,FMNH,0159cf6b-6a46-4365-96f1-d7ca2511f082,MX,Mexico,1978,1978-07-11,"cdround,rdativ,osiic"
1895031673,Pseudoeurycea leprosa,"Pseudoeurycea leprosa (Cope, 1869)",-98.706667,19.333333,80,PRESERVED_SPECIMEN,FMNH,0159cf6b-6a46-4365-96f1-d7ca2511f082,MX,Mexico,1978,1978-07-17,"cdround,osiic"
1895031722,Pseudoeurycea leprosa,"Pseudoeurycea leprosa (Cope, 1869)",-99.312222,19.051667,90,PRESERVED_SPECIMEN,FMNH,0159cf6b-6a46-4365-96f1-d7ca2511f082,MX,Mexico,1978,1978-07-11,"cdround,rdativ,osiic"
1895031726,Pseudoeurycea leprosa,"Pseudoeurycea leprosa (Cope, 1869)",-98.674167,19.345,80,PRESERVED_SPECIMEN,FMNH,0159cf6b-6a46-4365-96f1-d7ca2511f082,MX,Mexico,1978,1978-07-18,"cdround,osiic"
1895031756,Pseudoeurycea leprosa,"Pseudoeurycea leprosa (Cope, 1869)",-99.809444,19.189444,90,PRESERVED_SPECIMEN,FMNH,0159cf6b-6a46-4365-96f1-d7ca2511f082,MX,Mexico,1978,1978-07-18,"cdround,osiic"
1895031758,Pseudoeurycea leprosa,"Pseudoeurycea leprosa (Cope, 1869)",-99.312222,19.051667,90,PRESERVED_SPECIMEN,FMNH,0159cf6b-6a46-4365-96f1-d7ca2511f082,MX,Mexico,1978,1978-07-11,"cdround,rdativ,osiic"
1895031785,Pseudoeurycea leprosa,"Pseudoeurycea leprosa (Cope, 1869)",-98.706667,19.333333,80,PRESERVED_SPECIMEN,FMNH,0159cf6b-6a46-4365-96f1-d7ca2511f082,MX,Mexico,1978,1978-07-17,"cdround,osiic"
1895031788,Pseudoeurycea leprosa,"Pseudoeurycea leprosa (Cope, 1869)",-98.674167,19.345,80,PRESERVED_SPECIMEN,FMNH,0159cf6b-6a46-4365-96f1-d7ca2511f082,MX,Mexico,1978,1978-07-11,"cdround,rdativ,osiic"
1895031797,Pseudoeurycea leprosa,"Pseudoeurycea leprosa (Cope, 1869)",-98.674167,19.345,80,PRESERVED_SPECIMEN,FMNH,0159cf6b-6a46-4365-96f1-d7ca2511f082,MX,Mexico,1978,1978-07-18,"cdround,osiic"
1895031803,Pseudoeurycea leprosa,"Pseudoeurycea leprosa (Cope, 1869)",-98.674167,19.345,80,PRESERVED_SPECIMEN,FMNH,0159cf6b-6a46-4365-96f1-d7ca2511f082,MX,Mexico,1978,1978-07-11,"cdround,rdativ,osiic"
1895031827,Pseudoeurycea leprosa,"Pseudoeurycea leprosa (Cope, 1869)",-99.312222,19.051667,90,PRESERVED_SPECIMEN,FMNH,0159cf6b-6a46-4365-96f1-d7ca2511f082,MX,Mexico,1978,1978-07-11,"cdround,rdativ,osiic"
1895031837,Pseudoeurycea leprosa,"Pseudoeurycea leprosa (Cope, 1869)",-98.674167,19.345,80,PRESERVED_SPECIMEN,FMNH,0159cf6b-6a46-4365-96f1-d7ca2511f082,MX,Mexico,1978,1978-07-18,"cdround,osiic"
1895031871,Pseudoeurycea leprosa,"Pseudoeurycea leprosa (Cope, 1869)",-98.706667,19.333333,80,PRESERVED_SPECIMEN,FMNH,0159cf6b-6a46-4365-96f1-d7ca2511f082,MX,Mexico,1978,1978-07-17,"cdround,osiic"
1895031887,Pseudoeurycea leprosa,"Pseudoeurycea leprosa (Cope, 1869)",-99.809444,19.189444,90,PRESERVED_SPECIMEN,FMNH,0159cf6b-6a46-4365-96f1-d7ca2511f082,MX,Mexico,1978,1978-07-18,"cdround,osiic"
1895031897,Pseudoeurycea leprosa,"Pseudoeurycea leprosa (Cope, 1869)",-99.312222,19.051667,90,PRESERVED_SPECIMEN,FMNH,0159cf6b-6a46-4365-96f1-d7ca2511f082,MX,Mexico,1978,1978-07-11,"cdround,rdativ,osiic"
1895031904,Pseudoeurycea leprosa,"Pseudoeurycea leprosa (Cope, 1869)",-98.706667,19.333333,80,PRESERVED_SPECIMEN,FMNH,0159cf6b-6a46-4365-96f1-d7ca2511f082,MX,Mexico,1978,1978-07-11,"cdround,rdativ,osiic"
1895031907,Pseudoeurycea leprosa,"Pseudoeurycea leprosa (Cope, 1869)",-98.706667,19.333333,80,PRESERVED_SPECIMEN,FMNH,0159cf6b-6a46-4365-96f1-d7ca2511f082,MX,Mexico,1978,1978-07-17,"cdround,osiic"
1895031917,Pseudoeurycea leprosa,"Pseudoeurycea leprosa (Cope, 1869)",-99.312222,19.051667,90,PRESERVED_SPECIMEN,FMNH,0159cf6b-6a46-4365-96f1-d7ca2511f082,MX,Mexico,1978,1978-07-11,"cdround,rdativ,osiic"
1895031925,Pseudoeurycea leprosa,"Pseudoeurycea leprosa (Cope, 1869)",-99.312222,19.051667,90,PRESERVED_SPECIMEN,FMNH,0159cf6b-6a46-4365-96f1-d7ca2511f082,MX,Mexico,1978,1978-07-11,"cdround,rdativ,osiic"
1895031938,Pseudoeurycea leprosa,"Pseudoeurycea leprosa (Cope, 1869)",-98.674167,19.345,80,PRESERVED_SPECIMEN,FMNH,0159cf6b-6a46-4365-96f1-d7ca2511f082,MX,Mexico,1978,1978-07-11,"cdround,rdativ,osiic"
1895031951,Pseudoeurycea leprosa,"Pseudoeurycea leprosa (Cope, 1869)",-98.706667,19.333333,80,PRESERVED_SPECIMEN,FMNH,0159cf6b-6a46-4365-96f1-d7ca2511f082,MX,Mexico,1978,1978-07-17,"cdround,osiic"
1895031959,Pseudoeurycea leprosa,"Pseudoeurycea leprosa (Cope, 1869)",-99.312222,19.051667,90,PRESERVED_SPECIMEN,FMNH,0159cf6b-6a46-4365-96f1-d7ca2511f082,MX,Mexico,1978,1978-07-11,"cdround,rdativ,osiic"
1895031960,Pseudoeurycea leprosa,"Pseudoeurycea leprosa (Cope, 1869)",-99.809444,19.189444,90,PRESERVED_SPECIMEN,FMNH,0159cf6b-6a46-4365-96f1-d7ca2511f082,MX,Mexico,1978,1978-07-18,"cdround,osiic"
1895031968,Pseudoeurycea leprosa,"Pseudoeurycea leprosa (Cope, 1869)",-98.674167,19.345,80,PRESERVED_SPECIMEN,FMNH,0159cf6b-6a46-4365-96f1-d7ca2511f082,MX,Mexico,1978,1978-07-11,"cdround,rdativ,osiic"
1895031969,Pseudoeurycea leprosa,"Pseudoeurycea leprosa (Cope, 1869)",-99.809444,19.189444,90,PRESERVED_SPECIMEN,FMNH,0159cf6b-6a46-4365-96f1-d7ca2511f082,MX,Mexico,1978,1978-07-18,"cdround,osiic"
4169214338,Pseudoeurycea leprosa,"Pseudoeurycea leprosa (Cope, 1869)",-99.28,19.23,90,PRESERVED_SPECIMEN,IBUNAM,f6cc0fcc-1605-4bd4-bbea-dd12f697a2ba,MX,Ciudad de mexico,1978,1978-07-08,"rdativ,osiic"
4169283107,Pseudoeurycea leprosa,"Pseudoeurycea leprosa (Cope, 1869)",-99.28,19.23,90,PRESERVED_SPECIMEN,IBUNAM,f6cc0fcc-1605-4bd4-bbea-dd12f697a2ba,MX,Ciudad de mexico,1978,1978-07-08,"rdativ,osiic"
4168962002,Pseudoeurycea leprosa,"Pseudoeurycea leprosa (Cope, 1869)",-98.72167,19.305,80,PRESERVED_SPECIMEN,IBUNAM,f6cc0fcc-1605-4bd4-bbea-dd12f697a2ba,MX,Mexico,1978,1978-08-20,osiic
4169136056,Pseudoeurycea leprosa,"Pseudoeurycea leprosa (Cope, 1869)",-99.26,19.21,90,PRESERVED_SPECIMEN,IBUNAM,f6cc0fcc-1605-4bd4-bbea-dd12f697a2ba,MX,Ciudad de mexico,1978,1978-08,"rdativ,osiic"
1895031750,Pseudoeurycea leprosa,"Pseudoeurycea leprosa (Cope, 1869)",-98.718333,19.316667,80,PRESERVED_SPECIMEN,IBUNAM,0159cf6b-6a46-4365-96f1-d7ca2511f082,MX,Mexico,1978,1978-09-25,"cdround,osiic"
4168599978,Pseudoeurycea leprosa,"Pseudoeurycea leprosa (Cope, 1869)",-99.308333,19.075,90,PRESERVED_SPECIMEN,MZFC-FC-UNAM,7feba584-f762-11e1-a439-00145eb45e9a,MX,Morelos,1978,1978-09-10,"cdround,rdativ,osiic"
4169228778,Pseudoeurycea leprosa,"Pseudoeurycea leprosa (Cope, 1869)",-99.28,19.23,90,PRESERVED_SPECIMEN,IBUNAM,f6cc0fcc-1605-4bd4-bbea-dd12f697a2ba,MX,Ciudad de mexico,1978,1978-10-03,"rdativ,osiic"
4168719386,Pseudoeurycea leprosa,"Pseudoeurycea leprosa (Cope, 1869)",-99.3,19.136389,90,PRESERVED_SPECIMEN,MZFC-FC-UNAM,7fdb69da-f762-11e1-a439-00145eb45e9a,MX,Mexico,1977,1977-03-06,"cdround,rdativ"
1893325015,Pseudoeurycea leprosa,"Pseudoeurycea leprosa (Cope, 1869)",-98.06,19.26,80,PRESERVED_SPECIMEN,IBUNAM,dcb23fa1-3f1a-4678-b11d-249787e79cae,MX,Tlaxcala,1977,1977-04-20,osiic
4168586797,Pseudoeurycea leprosa,"Pseudoeurycea leprosa (Cope, 1869)",-99.258333,19.225,90,PRESERVED_SPECIMEN,MZFC-FC-UNAM,7feba584-f762-11e1-a439-00145eb45e9a,MX,Ciudad de mexico,1977,1977-05-16,"cdround,osiic"
4168719395,Pseudoeurycea leprosa,"Pseudoeurycea leprosa (Cope, 1869)",-99.3,19.136389,90,PRESERVED_SPECIMEN,MZFC-FC-UNAM,7fdb69da-f762-11e1-a439-00145eb45e9a,MX,Mexico,1977,1977-05-16,cdround
4168728369,Pseudoeurycea leprosa,"Pseudoeurycea leprosa (Cope, 1869)",-99.355,19.640556,80,PRESERVED_SPECIMEN,MZFC-FC-UNAM,0159cf6b-6a46-4365-96f1-d7ca2511f082,MX,Mexico,1977,1977-05-14,"cdround,osiic"
1894888715,Pseudoeurycea leprosa,"Pseudoeurycea leprosa (Cope, 1869)",-99.235833,19.020556,90,MATERIAL_CITATION,NA,7fdb69da-f762-11e1-a439-00145eb45e9a,MX,Morelos,1977,1977-06-16,"cdround,inmano"
543490137,Pseudoeurycea leprosa,"Pseudoeurycea leprosa (Cope, 1869)",-98.7067602,19.3339567,NA,PRESERVED_SPECIMEN,CAS,cece4fc2-1fec-4bb5-a335-7252548e3f0b,MX,Mexico,1977,1977-07-30,"cdrep,cdround"
543490138,Pseudoeurycea leprosa,"Pseudoeurycea leprosa (Cope, 1869)",-98.7067602,19.3339567,NA,PRESERVED_SPECIMEN,CAS,cece4fc2-1fec-4bb5-a335-7252548e3f0b,MX,Mexico,1977,1977-07-30,"cdrep,cdround"
543490140,Pseudoeurycea leprosa,"Pseudoeurycea leprosa (Cope, 1869)",-98.7067602,19.3339567,NA,PRESERVED_SPECIMEN,CAS,cece4fc2-1fec-4bb5-a335-7252548e3f0b,MX,Mexico,1977,1977-07-30,"cdrep,cdround"
543490141,Pseudoeurycea leprosa,"Pseudoeurycea leprosa (Cope, 1869)",-98.7067602,19.3339567,NA,PRESERVED_SPECIMEN,CAS,cece4fc2-1fec-4bb5-a335-7252548e3f0b,MX,Mexico,1977,1977-07-30,"cdrep,cdround"
543490142,Pseudoeurycea leprosa,"Pseudoeurycea leprosa (Cope, 1869)",-98.7067602,19.3339567,NA,PRESERVED_SPECIMEN,CAS,cece4fc2-1fec-4bb5-a335-7252548e3f0b,MX,Mexico,1977,1977-07-30,"cdrep,cdround"
543490143,Pseudoeurycea leprosa,"Pseudoeurycea leprosa (Cope, 1869)",-98.7067602,19.3339567,NA,PRESERVED_SPECIMEN,CAS,cece4fc2-1fec-4bb5-a335-7252548e3f0b,MX,Mexico,1977,1977-07-30,"cdrep,cdround"
543490144,Pseudoeurycea leprosa,"Pseudoeurycea leprosa (Cope, 1869)",-98.7067602,19.3339567,NA,PRESERVED_SPECIMEN,CAS,cece4fc2-1fec-4bb5-a335-7252548e3f0b,MX,Mexico,1977,1977-07-30,"cdrep,cdround"
543490145,Pseudoeurycea leprosa,"Pseudoeurycea leprosa (Cope, 1869)",-98.7067602,19.3339567,NA,PRESERVED_SPECIMEN,CAS,cece4fc2-1fec-4bb5-a335-7252548e3f0b,MX,Mexico,1977,1977-07-30,"cdrep,cdround"
543490146,Pseudoeurycea leprosa,"Pseudoeurycea leprosa (Cope, 1869)",-98.7067602,19.3339567,NA,PRESERVED_SPECIMEN,CAS,cece4fc2-1fec-4bb5-a335-7252548e3f0b,MX,Mexico,1977,1977-07-30,"cdrep,cdround"
543490147,Pseudoeurycea leprosa,"Pseudoeurycea leprosa (Cope, 1869)",-98.7067602,19.3339567,NA,PRESERVED_SPECIMEN,CAS,cece4fc2-1fec-4bb5-a335-7252548e3f0b,MX,Mexico,1977,1977-07-30,"cdrep,cdround"
543490148,Pseudoeurycea leprosa,"Pseudoeurycea leprosa (Cope, 1869)",-98.7067602,19.3339567,NA,PRESERVED_SPECIMEN,CAS,cece4fc2-1fec-4bb5-a335-7252548e3f0b,MX,Mexico,1977,1977-07-30,"cdrep,cdround"
543490149,Pseudoeurycea leprosa,"Pseudoeurycea leprosa (Cope, 1869)",-98.7067602,19.3339567,NA,PRESERVED_SPECIMEN,CAS,cece4fc2-1fec-4bb5-a335-7252548e3f0b,MX,Mexico,1977,1977-07-30,"cdrep,cdround"
543490152,Pseudoeurycea leprosa,"Pseudoeurycea leprosa (Cope, 1869)",-98.7067602,19.3339567,NA,PRESERVED_SPECIMEN,CAS,cece4fc2-1fec-4bb5-a335-7252548e3f0b,MX,Mexico,1977,1977-07-30,"cdrep,cdround"
543490153,Pseudoeurycea leprosa,"Pseudoeurycea leprosa (Cope, 1869)",-98.7067602,19.3339567,NA,PRESERVED_SPECIMEN,CAS,cece4fc2-1fec-4bb5-a335-7252548e3f0b,MX,Mexico,1977,1977-07-30,"cdrep,cdround"
543490154,Pseudoeurycea leprosa,"Pseudoeurycea leprosa (Cope, 1869)",-98.7067602,19.3339567,NA,PRESERVED_SPECIMEN,CAS,cece4fc2-1fec-4bb5-a335-7252548e3f0b,MX,Mexico,1977,1977-07-30,"cdrep,cdround"
543490155,Pseudoeurycea leprosa,"Pseudoeurycea leprosa (Cope, 1869)",-98.7067602,19.3339567,NA,PRESERVED_SPECIMEN,CAS,cece4fc2-1fec-4bb5-a335-7252548e3f0b,MX,Mexico,1977,1977-07-30,"cdrep,cdround"
543490156,Pseudoeurycea leprosa,"Pseudoeurycea leprosa (Cope, 1869)",-98.7067602,19.3339567,NA,PRESERVED_SPECIMEN,CAS,cece4fc2-1fec-4bb5-a335-7252548e3f0b,MX,Mexico,1977,1977-07-30,"cdrep,cdround"
543490157,Pseudoeurycea leprosa,"Pseudoeurycea leprosa (Cope, 1869)",-98.7067602,19.3339567,NA,PRESERVED_SPECIMEN,CAS,cece4fc2-1fec-4bb5-a335-7252548e3f0b,MX,Mexico,1977,1977-07-30,"cdrep,cdround"
543490158,Pseudoeurycea leprosa,"Pseudoeurycea leprosa (Cope, 1869)",-98.7067602,19.3339567,NA,PRESERVED_SPECIMEN,CAS,cece4fc2-1fec-4bb5-a335-7252548e3f0b,MX,Mexico,1977,1977-07-30,"cdrep,cdround"
543490159,Pseudoeurycea leprosa,"Pseudoeurycea leprosa (Cope, 1869)",-98.7067602,19.3339567,NA,PRESERVED_SPECIMEN,CAS,cece4fc2-1fec-4bb5-a335-7252548e3f0b,MX,Mexico,1977,1977-07-30,"cdrep,cdround"
543490160,Pseudoeurycea leprosa,"Pseudoeurycea leprosa (Cope, 1869)",-98.7067602,19.3339567,NA,PRESERVED_SPECIMEN,CAS,cece4fc2-1fec-4bb5-a335-7252548e3f0b,MX,Mexico,1977,1977-07-30,"cdrep,cdround"
543490161,Pseudoeurycea leprosa,"Pseudoeurycea leprosa (Cope, 1869)",-98.7067602,19.3339567,NA,PRESERVED_SPECIMEN,CAS,cece4fc2-1fec-4bb5-a335-7252548e3f0b,MX,Mexico,1977,1977-07-30,"cdrep,cdround"
543490163,Pseudoeurycea leprosa,"Pseudoeurycea leprosa (Cope, 1869)",-98.7067602,19.3339567,NA,PRESERVED_SPECIMEN,CAS,cece4fc2-1fec-4bb5-a335-7252548e3f0b,MX,Mexico,1977,1977-07-30,"cdrep,cdround"
543490164,Pseudoeurycea leprosa,"Pseudoeurycea leprosa (Cope, 1869)",-98.7067602,19.3339567,NA,PRESERVED_SPECIMEN,CAS,cece4fc2-1fec-4bb5-a335-7252548e3f0b,MX,Mexico,1977,1977-07-30,"cdrep,cdround"
543490165,Pseudoeurycea leprosa,"Pseudoeurycea leprosa (Cope, 1869)",-98.7067602,19.3339567,NA,PRESERVED_SPECIMEN,CAS,cece4fc2-1fec-4bb5-a335-7252548e3f0b,MX,Mexico,1977,1977-07-30,"cdrep,cdround"
543490166,Pseudoeurycea leprosa,"Pseudoeurycea leprosa (Cope, 1869)",-98.7067602,19.3339567,NA,PRESERVED_SPECIMEN,CAS,cece4fc2-1fec-4bb5-a335-7252548e3f0b,MX,Mexico,1977,1977-07-30,"cdrep,cdround"
543490167,Pseudoeurycea leprosa,"Pseudoeurycea leprosa (Cope, 1869)",-98.7067602,19.3339567,NA,PRESERVED_SPECIMEN,CAS,cece4fc2-1fec-4bb5-a335-7252548e3f0b,MX,Mexico,1977,1977-07-30,"cdrep,cdround"
543490168,Pseudoeurycea leprosa,"Pseudoeurycea leprosa (Cope, 1869)",-98.7067602,19.3339567,NA,PRESERVED_SPECIMEN,CAS,cece4fc2-1fec-4bb5-a335-7252548e3f0b,MX,Mexico,1977,1977-07-30,"cdrep,cdround"
543490169,Pseudoeurycea leprosa,"Pseudoeurycea leprosa (Cope, 1869)",-98.7067602,19.3339567,NA,PRESERVED_SPECIMEN,CAS,cece4fc2-1fec-4bb5-a335-7252548e3f0b,MX,Mexico,1977,1977-07-30,"cdrep,cdround"
543490170,Pseudoeurycea leprosa,"Pseudoeurycea leprosa (Cope, 1869)",-98.7067602,19.3339567,NA,PRESERVED_SPECIMEN,CAS,cece4fc2-1fec-4bb5-a335-7252548e3f0b,MX,Mexico,1977,1977-07-30,"cdrep,cdround"
543490171,Pseudoeurycea leprosa,"Pseudoeurycea leprosa (Cope, 1869)",-98.7067602,19.3339567,NA,PRESERVED_SPECIMEN,CAS,cece4fc2-1fec-4bb5-a335-7252548e3f0b,MX,Mexico,1977,1977-07-30,"cdrep,cdround"
543490172,Pseudoeurycea leprosa,"Pseudoeurycea leprosa (Cope, 1869)",-98.7067602,19.3339567,NA,PRESERVED_SPECIMEN,CAS,cece4fc2-1fec-4bb5-a335-7252548e3f0b,MX,Mexico,1977,1977-07-30,"cdrep,cdround"
543490174,Pseudoeurycea leprosa,"Pseudoeurycea leprosa (Cope, 1869)",-98.7067602,19.3339567,NA,PRESERVED_SPECIMEN,CAS,cece4fc2-1fec-4bb5-a335-7252548e3f0b,MX,Mexico,1977,1977-07-30,"cdrep,cdround"
543490175,Pseudoeurycea leprosa,"Pseudoeurycea leprosa (Cope, 1869)",-98.7067602,19.3339567,NA,PRESERVED_SPECIMEN,CAS,cece4fc2-1fec-4bb5-a335-7252548e3f0b,MX,Mexico,1977,1977-07-30,"cdrep,cdround"
543490176,Pseudoeurycea leprosa,"Pseudoeurycea leprosa (Cope, 1869)",-98.7067602,19.3339567,NA,PRESERVED_SPECIMEN,CAS,cece4fc2-1fec-4bb5-a335-7252548e3f0b,MX,Mexico,1977,1977-07-30,"cdrep,cdround"
543490177,Pseudoeurycea leprosa,"Pseudoeurycea leprosa (Cope, 1869)",-98.7067602,19.3339567,NA,PRESERVED_SPECIMEN,CAS,cece4fc2-1fec-4bb5-a335-7252548e3f0b,MX,Mexico,1977,1977-07-30,"cdrep,cdround"
543490178,Pseudoeurycea leprosa,"Pseudoeurycea leprosa (Cope, 1869)",-98.7067602,19.3339567,NA,PRESERVED_SPECIMEN,CAS,cece4fc2-1fec-4bb5-a335-7252548e3f0b,MX,Mexico,1977,1977-07-30,"cdrep,cdround"
543490179,Pseudoeurycea leprosa,"Pseudoeurycea leprosa (Cope, 1869)",-98.7067602,19.3339567,NA,PRESERVED_SPECIMEN,CAS,cece4fc2-1fec-4bb5-a335-7252548e3f0b,MX,Mexico,1977,1977-07-30,"cdrep,cdround"
543490180,Pseudoeurycea leprosa,"Pseudoeurycea leprosa (Cope, 1869)",-98.7067602,19.3339567,NA,PRESERVED_SPECIMEN,CAS,cece4fc2-1fec-4bb5-a335-7252548e3f0b,MX,Mexico,1977,1977-07-30,"cdrep,cdround"
543490181,Pseudoeurycea leprosa,"Pseudoeurycea leprosa (Cope, 1869)",-98.7067602,19.3339567,NA,PRESERVED_SPECIMEN,CAS,cece4fc2-1fec-4bb5-a335-7252548e3f0b,MX,Mexico,1977,1977-07-30,"cdrep,cdround"
543490182,Pseudoeurycea leprosa,"Pseudoeurycea leprosa (Cope, 1869)",-98.7067602,19.3339567,NA,PRESERVED_SPECIMEN,CAS,cece4fc2-1fec-4bb5-a335-7252548e3f0b,MX,Mexico,1977,1977-07-30,"cdrep,cdround"
543490183,Pseudoeurycea leprosa,"Pseudoeurycea leprosa (Cope, 1869)",-98.7067602,19.3339567,NA,PRESERVED_SPECIMEN,CAS,cece4fc2-1fec-4bb5-a335-7252548e3f0b,MX,Mexico,1977,1977-07-30,"cdrep,cdround"
543490185,Pseudoeurycea leprosa,"Pseudoeurycea leprosa (Cope, 1869)",-98.7067602,19.3339567,NA,PRESERVED_SPECIMEN,CAS,cece4fc2-1fec-4bb5-a335-7252548e3f0b,MX,Mexico,1977,1977-07-30,"cdrep,cdround"
543490186,Pseudoeurycea leprosa,"Pseudoeurycea leprosa (Cope, 1869)",-98.7067602,19.3339567,NA,PRESERVED_SPECIMEN,CAS,cece4fc2-1fec-4bb5-a335-7252548e3f0b,MX,Mexico,1977,1977-07-30,"cdrep,cdround"
543490187,Pseudoeurycea leprosa,"Pseudoeurycea leprosa (Cope, 1869)",-98.7067602,19.3339567,NA,PRESERVED_SPECIMEN,CAS,cece4fc2-1fec-4bb5-a335-7252548e3f0b,MX,Mexico,1977,1977-07-30,"cdrep,cdround"
543490188,Pseudoeurycea leprosa,"Pseudoeurycea leprosa (Cope, 1869)",-98.7067602,19.3339567,NA,PRESERVED_SPECIMEN,CAS,cece4fc2-1fec-4bb5-a335-7252548e3f0b,MX,Mexico,1977,1977-07-30,"cdrep,cdround"
543490189,Pseudoeurycea leprosa,"Pseudoeurycea leprosa (Cope, 1869)",-98.7067602,19.3339567,NA,PRESERVED_SPECIMEN,CAS,cece4fc2-1fec-4bb5-a335-7252548e3f0b,MX,Mexico,1977,1977-07-30,"cdrep,cdround"
543490190,Pseudoeurycea leprosa,"Pseudoeurycea leprosa (Cope, 1869)",-98.7067602,19.3339567,NA,PRESERVED_SPECIMEN,CAS,cece4fc2-1fec-4bb5-a335-7252548e3f0b,MX,Mexico,1977,1977-07-30,"cdrep,cdround"
543490191,Pseudoeurycea leprosa,"Pseudoeurycea leprosa (Cope, 1869)",-98.7067602,19.3339567,NA,PRESERVED_SPECIMEN,CAS,cece4fc2-1fec-4bb5-a335-7252548e3f0b,MX,Mexico,1977,1977-07-30,"cdrep,cdround"
543490192,Pseudoeurycea leprosa,"Pseudoeurycea leprosa (Cope, 1869)",-98.7067602,19.3339567,NA,PRESERVED_SPECIMEN,CAS,cece4fc2-1fec-4bb5-a335-7252548e3f0b,MX,Mexico,1977,1977-07-30,"cdrep,cdround"
543490193,Pseudoeurycea leprosa,"Pseudoeurycea leprosa (Cope, 1869)",-98.7067602,19.3339567,NA,PRESERVED_SPECIMEN,CAS,cece4fc2-1fec-4bb5-a335-7252548e3f0b,MX,Mexico,1977,1977-07-30,"cdrep,cdround"
543490194,Pseudoeurycea leprosa,"Pseudoeurycea leprosa (Cope, 1869)",-98.7067602,19.3339567,NA,PRESERVED_SPECIMEN,CAS,cece4fc2-1fec-4bb5-a335-7252548e3f0b,MX,Mexico,1977,1977-07-30,"cdrep,cdround"
543490196,Pseudoeurycea leprosa,"Pseudoeurycea leprosa (Cope, 1869)",-98.7067602,19.3339567,NA,PRESERVED_SPECIMEN,CAS,cece4fc2-1fec-4bb5-a335-7252548e3f0b,MX,Mexico,1977,1977-07-30,"cdrep,cdround"
543490197,Pseudoeurycea leprosa,"Pseudoeurycea leprosa (Cope, 1869)",-98.7067602,19.3339567,NA,PRESERVED_SPECIMEN,CAS,cece4fc2-1fec-4bb5-a335-7252548e3f0b,MX,Mexico,1977,1977-07-30,"cdrep,cdround"
543490198,Pseudoeurycea leprosa,"Pseudoeurycea leprosa (Cope, 1869)",-98.7067602,19.3339567,NA,PRESERVED_SPECIMEN,CAS,cece4fc2-1fec-4bb5-a335-7252548e3f0b,MX,Mexico,1977,1977-07-30,"cdrep,cdround"
543490199,Pseudoeurycea leprosa,"Pseudoeurycea leprosa (Cope, 1869)",-98.7067602,19.3339567,NA,PRESERVED_SPECIMEN,CAS,cece4fc2-1fec-4bb5-a335-7252548e3f0b,MX,Mexico,1977,1977-07-30,"cdrep,cdround"
543490200,Pseudoeurycea leprosa,"Pseudoeurycea leprosa (Cope, 1869)",-98.7067602,19.3339567,NA,PRESERVED_SPECIMEN,CAS,cece4fc2-1fec-4bb5-a335-7252548e3f0b,MX,Mexico,1977,1977-07-30,"cdrep,cdround"
543490201,Pseudoeurycea leprosa,"Pseudoeurycea leprosa (Cope, 1869)",-98.7067602,19.3339567,NA,PRESERVED_SPECIMEN,CAS,cece4fc2-1fec-4bb5-a335-7252548e3f0b,MX,Mexico,1977,1977-07-30,"cdrep,cdround"
543490202,Pseudoeurycea leprosa,"Pseudoeurycea leprosa (Cope, 1869)",-98.7067602,19.3339567,NA,PRESERVED_SPECIMEN,CAS,cece4fc2-1fec-4bb5-a335-7252548e3f0b,MX,Mexico,1977,1977-07-30,"cdrep,cdround"
543490203,Pseudoeurycea leprosa,"Pseudoeurycea leprosa (Cope, 1869)",-98.7067602,19.3339567,NA,PRESERVED_SPECIMEN,CAS,cece4fc2-1fec-4bb5-a335-7252548e3f0b,MX,Mexico,1977,1977-07-30,"cdrep,cdround"
543490204,Pseudoeurycea leprosa,"Pseudoeurycea leprosa (Cope, 1869)",-98.7067602,19.3339567,NA,PRESERVED_SPECIMEN,CAS,cece4fc2-1fec-4bb5-a335-7252548e3f0b,MX,Mexico,1977,1977-07-30,"cdrep,cdround"
543490205,Pseudoeurycea leprosa,"Pseudoeurycea leprosa (Cope, 1869)",-98.7067602,19.3339567,NA,PRESERVED_SPECIMEN,CAS,cece4fc2-1fec-4bb5-a335-7252548e3f0b,MX,Mexico,1977,1977-07-30,"cdrep,cdround"
543490207,Pseudoeurycea leprosa,"Pseudoeurycea leprosa (Cope, 1869)",-98.7334268,19.3172914,NA,PRESERVED_SPECIMEN,CAS,cece4fc2-1fec-4bb5-a335-7252548e3f0b,MX,Mexico,1977,1977-07-30,"cdrep,cdround"
543490208,Pseudoeurycea leprosa,"Pseudoeurycea leprosa (Cope, 1869)",-98.7334268,19.3172914,NA,PRESERVED_SPECIMEN,CAS,cece4fc2-1fec-4bb5-a335-7252548e3f0b,MX,Mexico,1977,1977-07-30,"cdrep,cdround"
543490209,Pseudoeurycea leprosa,"Pseudoeurycea leprosa (Cope, 1869)",-98.7334268,19.3172914,NA,PRESERVED_SPECIMEN,CAS,cece4fc2-1fec-4bb5-a335-7252548e3f0b,MX,Mexico,1977,1977-07-30,"cdrep,cdround"
543490210,Pseudoeurycea leprosa,"Pseudoeurycea leprosa (Cope, 1869)",-98.7334268,19.3172914,NA,PRESERVED_SPECIMEN,CAS,cece4fc2-1fec-4bb5-a335-7252548e3f0b,MX,Mexico,1977,1977-07-30,"cdrep,cdround"
5147040569,Pseudoeurycea leprosa,"Pseudoeurycea leprosa (Cope, 1869)",-98.645278,19.346944,3870,PRESERVED_SPECIMEN,MVZ,09c4287e-e6d5-4552-a07f-bff8a00833d8,MX,Puebla,1977,1977-07-06,"cdc,cdround,incomis,inmafu"
5147041569,Pseudoeurycea leprosa,"Pseudoeurycea leprosa (Cope, 1869)",-97.233333,18.565833,2385,PRESERVED_SPECIMEN,MVZ,09c4287e-e6d5-4552-a07f-bff8a00833d8,MX,Puebla,1977,1977-07-11,"cdc,cdround,incomis,inmafu"
5147045573,Pseudoeurycea leprosa,"Pseudoeurycea leprosa (Cope, 1869)",-98.645278,19.346944,3870,PRESERVED_SPECIMEN,MVZ,09c4287e-e6d5-4552-a07f-bff8a00833d8,MX,Puebla,1977,1977-07-06,"cdc,cdround,incomis,inmafu"
5147159569,Pseudoeurycea leprosa,"Pseudoeurycea leprosa (Cope, 1869)",-98.645278,19.346944,3870,PRESERVED_SPECIMEN,MVZ,09c4287e-e6d5-4552-a07f-bff8a00833d8,MX,Puebla,1977,1977-07-06,"cdc,cdround,incomis,inmafu"
5147159570,Pseudoeurycea leprosa,"Pseudoeurycea leprosa (Cope, 1869)",-98.645278,19.346944,3870,PRESERVED_SPECIMEN,MVZ,09c4287e-e6d5-4552-a07f-bff8a00833d8,MX,Puebla,1977,1977-07-06,"cdc,cdround,incomis,inmafu"
5147164571,Pseudoeurycea leprosa,"Pseudoeurycea leprosa (Cope, 1869)",-98.645278,19.346944,3870,PRESERVED_SPECIMEN,MVZ,09c4287e-e6d5-4552-a07f-bff8a00833d8,MX,Puebla,1977,1977-07-06,"cdc,cdround,incomis,inmafu"
5147164572,Pseudoeurycea leprosa,"Pseudoeurycea leprosa (Cope, 1869)",-98.645278,19.346944,3870,PRESERVED_SPECIMEN,MVZ,09c4287e-e6d5-4552-a07f-bff8a00833d8,MX,Puebla,1977,1977-07-06,"cdc,cdround,incomis,inmafu"
5147278573,Pseudoeurycea leprosa,"Pseudoeurycea leprosa (Cope, 1869)",-98.645278,19.346944,3870,PRESERVED_SPECIMEN,MVZ,09c4287e-e6d5-4552-a07f-bff8a00833d8,MX,Puebla,1977,1977-07-06,"cdc,cdround,incomis,inmafu"
5147285571,Pseudoeurycea leprosa,"Pseudoeurycea leprosa (Cope, 1869)",-98.645278,19.346944,3870,PRESERVED_SPECIMEN,MVZ,09c4287e-e6d5-4552-a07f-bff8a00833d8,MX,Puebla,1977,1977-07-06,"cdc,cdround,incomis,inmafu"
5147400568,Pseudoeurycea leprosa,"Pseudoeurycea leprosa (Cope, 1869)",-98.645278,19.346944,3870,PRESERVED_SPECIMEN,MVZ,09c4287e-e6d5-4552-a07f-bff8a00833d8,MX,Puebla,1977,1977-07-06,"cdc,cdround,incomis,inmafu"
5147410572,Pseudoeurycea leprosa,"Pseudoeurycea leprosa (Cope, 1869)",-98.645278,19.346944,3870,PRESERVED_SPECIMEN,MVZ,09c4287e-e6d5-4552-a07f-bff8a00833d8,MX,Puebla,1977,1977-07-06,"cdc,cdround,incomis,inmafu"
5147486573,Pseudoeurycea leprosa,"Pseudoeurycea leprosa (Cope, 1869)",-98.645278,19.346944,3870,PRESERVED_SPECIMEN,MVZ,09c4287e-e6d5-4552-a07f-bff8a00833d8,MX,Puebla,1977,1977-07-06,"cdc,cdround,incomis,inmafu"
5147487575,Pseudoeurycea leprosa,"Pseudoeurycea leprosa (Cope, 1869)",-98.645278,19.346944,3870,PRESERVED_SPECIMEN,MVZ,09c4287e-e6d5-4552-a07f-bff8a00833d8,MX,Puebla,1977,1977-07-06,"cdc,cdround,incomis,inmafu"
1893325026,Pseudoeurycea leprosa,"Pseudoeurycea leprosa (Cope, 1869)",-98.63,19.09,90,PRESERVED_SPECIMEN,IBUNAM,dcb23fa1-3f1a-4678-b11d-249787e79cae,MX,Mexico,1977,1977-09-17,osiic
1895031851,Pseudoeurycea leprosa,"Pseudoeurycea leprosa (Cope, 1869)",-98.670278,19.351667,80,PRESERVED_SPECIMEN,IBUNAM,0159cf6b-6a46-4365-96f1-d7ca2511f082,MX,Mexico,1977,1977-09-15,"cdround,osiic"
4169160296,Pseudoeurycea leprosa,"Pseudoeurycea leprosa (Cope, 1869)",-99.28,19.22,90,PRESERVED_SPECIMEN,IBUNAM,f6cc0fcc-1605-4bd4-bbea-dd12f697a2ba,MX,Ciudad de mexico,1977,1977-09-24,osiic
4169228037,Pseudoeurycea leprosa,"Pseudoeurycea leprosa (Cope, 1869)",-99.28,19.27,90,PRESERVED_SPECIMEN,IBUNAM,f6cc0fcc-1605-4bd4-bbea-dd12f697a2ba,MX,Ciudad de mexico,1977,1977-09-24,osiic
1895031186,Pseudoeurycea leprosa,"Pseudoeurycea leprosa (Cope, 1869)",-98.718333,19.316667,80,PRESERVED_SPECIMEN,IBUNAM,0159cf6b-6a46-4365-96f1-d7ca2511f082,MX,Mexico,1977,1977-10-23,"cdround,osiic"
1895031530,Pseudoeurycea leprosa,"Pseudoeurycea leprosa (Cope, 1869)",-98.718333,19.316667,80,PRESERVED_SPECIMEN,IBUNAM,0159cf6b-6a46-4365-96f1-d7ca2511f082,MX,Mexico,1977,1977-10-12,"cdround,rdativ,osiic"
1895031681,Pseudoeurycea leprosa,"Pseudoeurycea leprosa (Cope, 1869)",-99.312222,19.075,90,PRESERVED_SPECIMEN,IBUNAM,0159cf6b-6a46-4365-96f1-d7ca2511f082,MX,Mexico,1977,1977-12-10,"cdround,rdativ,osiic"
5147035005,Pseudoeurycea leprosa,"Pseudoeurycea leprosa (Cope, 1869)",-97.196944,18.9175,2647,PRESERVED_SPECIMEN,MVZ,09c4287e-e6d5-4552-a07f-bff8a00833d8,MX,Veracruz,1976,1976-02-02,"cdc,cdround,incomis,inmafu"
5147269008,Pseudoeurycea leprosa,"Pseudoeurycea leprosa (Cope, 1869)",-97.244722,18.935556,1172,PRESERVED_SPECIMEN,MVZ,09c4287e-e6d5-4552-a07f-bff8a00833d8,MX,Veracruz,1976,1976-02-02,"cdc,cdround,incomis,inmafu"
5147271010,Pseudoeurycea leprosa,"Pseudoeurycea leprosa (Cope, 1869)",-97.196944,18.9175,2647,PRESERVED_SPECIMEN,MVZ,09c4287e-e6d5-4552-a07f-bff8a00833d8,MX,Veracruz,1976,1976-02-02,"cdc,cdround,incomis,inmafu"
5147274006,Pseudoeurycea leprosa,"Pseudoeurycea leprosa (Cope, 1869)",-97.196944,18.9175,2647,PRESERVED_SPECIMEN,MVZ,09c4287e-e6d5-4552-a07f-bff8a00833d8,MX,Veracruz,1976,1976-02-02,"cdc,cdround,incomis,inmafu"
5147277008,Pseudoeurycea leprosa,"Pseudoeurycea leprosa (Cope, 1869)",-97.244722,18.935556,1172,PRESERVED_SPECIMEN,MVZ,09c4287e-e6d5-4552-a07f-bff8a00833d8,MX,Veracruz,1976,1976-02-02,"cdc,cdround,incomis,inmafu"
5147387007,Pseudoeurycea leprosa,"Pseudoeurycea leprosa (Cope, 1869)",-97.196944,18.9175,2647,PRESERVED_SPECIMEN,MVZ,09c4287e-e6d5-4552-a07f-bff8a00833d8,MX,Veracruz,1976,1976-02-02,"cdc,cdround,incomis,inmafu"
5147483007,Pseudoeurycea leprosa,"Pseudoeurycea leprosa (Cope, 1869)",-97.244722,18.935556,1172,PRESERVED_SPECIMEN,MVZ,09c4287e-e6d5-4552-a07f-bff8a00833d8,MX,Veracruz,1976,1976-02-02,"cdc,cdround,incomis,inmafu"
1893325052,Pseudoeurycea leprosa,"Pseudoeurycea leprosa (Cope, 1869)",-99.31,19.31,80,PRESERVED_SPECIMEN,IBUNAM,dcb23fa1-3f1a-4678-b11d-249787e79cae,MX,Ciudad de mexico,1976,1976-03-14,osiic
2629118659,Pseudoeurycea leprosa,"Pseudoeurycea leprosa (Cope, 1869)",-98.729599,19.0079,NA,PRESERVED_SPECIMEN,ENCB-IPN,63ed64cb-90b7-4ecc-b94c-3a0317742379,MX,Mexico,1976,1976-03-06,"cdround,rdativ,osiic"
2629121070,Pseudoeurycea leprosa,"Pseudoeurycea leprosa (Cope, 1869)",-98.729599,19.0079,NA,PRESERVED_SPECIMEN,ENCB-IPN,63ed64cb-90b7-4ecc-b94c-3a0317742379,MX,Mexico,1976,1976-03-06,"cdround,rdativ,osiic"
2629124868,Pseudoeurycea leprosa,"Pseudoeurycea leprosa (Cope, 1869)",-98.729599,19.0079,NA,PRESERVED_SPECIMEN,ENCB-IPN,63ed64cb-90b7-4ecc-b94c-3a0317742379,MX,Mexico,1976,1976-03-06,"cdround,rdativ,osiic"
2629138127,Pseudoeurycea leprosa,"Pseudoeurycea leprosa (Cope, 1869)",-98.729599,19.0079,NA,PRESERVED_SPECIMEN,ENCB-IPN,63ed64cb-90b7-4ecc-b94c-3a0317742379,MX,Mexico,1976,1976-03-06,"cdround,rdativ,osiic"
4168719499,Pseudoeurycea leprosa,"Pseudoeurycea leprosa (Cope, 1869)",-99.316667,19.05,90,PRESERVED_SPECIMEN,MZFC-FC-UNAM,7fdb69da-f762-11e1-a439-00145eb45e9a,MX,Morelos,1976,1976-04-10,"cdround,rdativ"
4168728782,Pseudoeurycea leprosa,"Pseudoeurycea leprosa (Cope, 1869)",-98.716667,19.333333,80,PRESERVED_SPECIMEN,MZFC-FC-UNAM,0159cf6b-6a46-4365-96f1-d7ca2511f082,MX,Mexico,1976,1976-05-28,"cdround,osiic"
1895031502,Pseudoeurycea leprosa,"Pseudoeurycea leprosa (Cope, 1869)",-99.321667,19.053889,90,PRESERVED_SPECIMEN,ENCB-IPN,0159cf6b-6a46-4365-96f1-d7ca2511f082,MX,Mexico,1976,1976-06-18,"cdround,osiic"
1895031784,Pseudoeurycea leprosa,"Pseudoeurycea leprosa (Cope, 1869)",-99.321667,19.053889,90,PRESERVED_SPECIMEN,ENCB-IPN,0159cf6b-6a46-4365-96f1-d7ca2511f082,MX,Mexico,1976,1976-06-18,"cdround,osiic"
4168719349,Pseudoeurycea leprosa,"Pseudoeurycea leprosa (Cope, 1869)",-99.3125,19.3125,80,PRESERVED_SPECIMEN,MZFC-FC-UNAM,7fdb69da-f762-11e1-a439-00145eb45e9a,MX,Ciudad de mexico,1976,1976-06-05,rdativ
4168719364,Pseudoeurycea leprosa,"Pseudoeurycea leprosa (Cope, 1869)",-99.3125,19.3125,80,PRESERVED_SPECIMEN,MZFC-FC-UNAM,7fdb69da-f762-11e1-a439-00145eb45e9a,MX,Ciudad de mexico,1976,1976-06-05,rdativ
4168719441,Pseudoeurycea leprosa,"Pseudoeurycea leprosa (Cope, 1869)",-99.3125,19.3125,80,PRESERVED_SPECIMEN,MZFC-FC-UNAM,7fdb69da-f762-11e1-a439-00145eb45e9a,MX,Ciudad de mexico,1976,1976-06-05,rdativ
4168719475,Pseudoeurycea leprosa,"Pseudoeurycea leprosa (Cope, 1869)",-99.3125,19.3125,80,PRESERVED_SPECIMEN,MZFC-FC-UNAM,7fdb69da-f762-11e1-a439-00145eb45e9a,MX,Ciudad de mexico,1976,1976-06-05,rdativ
4168719497,Pseudoeurycea leprosa,"Pseudoeurycea leprosa (Cope, 1869)",-99.3125,19.3125,80,PRESERVED_SPECIMEN,MZFC-FC-UNAM,7fdb69da-f762-11e1-a439-00145eb45e9a,MX,Ciudad de mexico,1976,1976-06-05,rdativ
4168719508,Pseudoeurycea leprosa,"Pseudoeurycea leprosa (Cope, 1869)",-99.3125,19.3125,80,PRESERVED_SPECIMEN,MZFC-FC-UNAM,7fdb69da-f762-11e1-a439-00145eb45e9a,MX,Ciudad de mexico,1976,1976-06-05,rdativ
1895031157,Pseudoeurycea leprosa,"Pseudoeurycea leprosa (Cope, 1869)",-98.638611,19.083333,90,PRESERVED_SPECIMEN,MVZ,0159cf6b-6a46-4365-96f1-d7ca2511f082,MX,Mexico,1976,1976-07-26,"cdround,osiic"
1895031159,Pseudoeurycea leprosa,"Pseudoeurycea leprosa (Cope, 1869)",-98.638611,19.083333,90,PRESERVED_SPECIMEN,MVZ,0159cf6b-6a46-4365-96f1-d7ca2511f082,MX,Mexico,1976,1976-07-26,"cdround,osiic"
1895031167,Pseudoeurycea leprosa,"Pseudoeurycea leprosa (Cope, 1869)",-98.633333,19.084167,90,PRESERVED_SPECIMEN,MVZ,0159cf6b-6a46-4365-96f1-d7ca2511f082,MX,Mexico,1976,1976-07-26,"cdround,osiic"
1895031177,Pseudoeurycea leprosa,"Pseudoeurycea leprosa (Cope, 1869)",-98.633333,19.084167,90,PRESERVED_SPECIMEN,MVZ,0159cf6b-6a46-4365-96f1-d7ca2511f082,MX,Mexico,1976,1976-07-26,"cdround,osiic"
1895031194,Pseudoeurycea leprosa,"Pseudoeurycea leprosa (Cope, 1869)",-98.638611,19.083333,90,PRESERVED_SPECIMEN,MVZ,0159cf6b-6a46-4365-96f1-d7ca2511f082,MX,Mexico,1976,1976-07-26,"cdround,osiic"
1895031251,Pseudoeurycea leprosa,"Pseudoeurycea leprosa (Cope, 1869)",-98.638611,19.083333,90,PRESERVED_SPECIMEN,MVZ,0159cf6b-6a46-4365-96f1-d7ca2511f082,MX,Mexico,1976,1976-07-26,"cdround,osiic"
1895031257,Pseudoeurycea leprosa,"Pseudoeurycea leprosa (Cope, 1869)",-98.638611,19.083333,90,PRESERVED_SPECIMEN,MVZ,0159cf6b-6a46-4365-96f1-d7ca2511f082,MX,Mexico,1976,1976-07-26,"cdround,osiic"
1895031262,Pseudoeurycea leprosa,"Pseudoeurycea leprosa (Cope, 1869)",-98.638611,19.083333,90,PRESERVED_SPECIMEN,MVZ,0159cf6b-6a46-4365-96f1-d7ca2511f082,MX,Mexico,1976,1976-07-26,"cdround,osiic"
1895031301,Pseudoeurycea leprosa,"Pseudoeurycea leprosa (Cope, 1869)",-98.638611,19.083333,90,PRESERVED_SPECIMEN,MVZ,0159cf6b-6a46-4365-96f1-d7ca2511f082,MX,Mexico,1976,1976-07-26,"cdround,osiic"
1895031373,Pseudoeurycea leprosa,"Pseudoeurycea leprosa (Cope, 1869)",-98.638611,19.083333,90,PRESERVED_SPECIMEN,MVZ,0159cf6b-6a46-4365-96f1-d7ca2511f082,MX,Mexico,1976,1976-07-26,"cdround,osiic"
1895031444,Pseudoeurycea leprosa,"Pseudoeurycea leprosa (Cope, 1869)",-98.633333,19.084167,90,PRESERVED_SPECIMEN,MVZ,0159cf6b-6a46-4365-96f1-d7ca2511f082,MX,Mexico,1976,1976-07-26,"cdround,osiic"
1895031460,Pseudoeurycea leprosa,"Pseudoeurycea leprosa (Cope, 1869)",-98.638611,19.083333,90,PRESERVED_SPECIMEN,MVZ,0159cf6b-6a46-4365-96f1-d7ca2511f082,MX,Mexico,1976,1976-07-26,"cdround,osiic"
1895031472,Pseudoeurycea leprosa,"Pseudoeurycea leprosa (Cope, 1869)",-98.633333,19.084167,90,PRESERVED_SPECIMEN,MVZ,0159cf6b-6a46-4365-96f1-d7ca2511f082,MX,Mexico,1976,1976-07-26,"cdround,osiic"
1895031489,Pseudoeurycea leprosa,"Pseudoeurycea leprosa (Cope, 1869)",-98.638611,19.083333,90,PRESERVED_SPECIMEN,MVZ,0159cf6b-6a46-4365-96f1-d7ca2511f082,MX,Mexico,1976,1976-07-26,"cdround,osiic"
1895031492,Pseudoeurycea leprosa,"Pseudoeurycea leprosa (Cope, 1869)",-98.638611,19.083333,90,PRESERVED_SPECIMEN,MVZ,0159cf6b-6a46-4365-96f1-d7ca2511f082,MX,Mexico,1976,1976-07-26,"cdround,osiic"
1895031497,Pseudoeurycea leprosa,"Pseudoeurycea leprosa (Cope, 1869)",-98.638611,19.083333,90,PRESERVED_SPECIMEN,MVZ,0159cf6b-6a46-4365-96f1-d7ca2511f082,MX,Mexico,1976,1976-07-26,"cdround,osiic"
1895031534,Pseudoeurycea leprosa,"Pseudoeurycea leprosa (Cope, 1869)",-98.638611,19.083333,90,PRESERVED_SPECIMEN,MVZ,0159cf6b-6a46-4365-96f1-d7ca2511f082,MX,Mexico,1976,1976-07-26,"cdround,osiic"
1895031545,Pseudoeurycea leprosa,"Pseudoeurycea leprosa (Cope, 1869)",-98.633333,19.084167,90,PRESERVED_SPECIMEN,MVZ,0159cf6b-6a46-4365-96f1-d7ca2511f082,MX,Mexico,1976,1976-07-26,"cdround,osiic"
1895031582,Pseudoeurycea leprosa,"Pseudoeurycea leprosa (Cope, 1869)",-98.638611,19.083333,90,PRESERVED_SPECIMEN,MVZ,0159cf6b-6a46-4365-96f1-d7ca2511f082,MX,Mexico,1976,1976-07-26,"cdround,osiic"
1895031610,Pseudoeurycea leprosa,"Pseudoeurycea leprosa (Cope, 1869)",-98.638611,19.083333,90,PRESERVED_SPECIMEN,MVZ,0159cf6b-6a46-4365-96f1-d7ca2511f082,MX,Mexico,1976,1976-07-26,"cdround,osiic"
1895031682,Pseudoeurycea leprosa,"Pseudoeurycea leprosa (Cope, 1869)",-98.638611,19.083333,90,PRESERVED_SPECIMEN,MVZ,0159cf6b-6a46-4365-96f1-d7ca2511f082,MX,Mexico,1976,1976-07-26,"cdround,osiic"
1895031686,Pseudoeurycea leprosa,"Pseudoeurycea leprosa (Cope, 1869)",-98.638611,19.083333,90,PRESERVED_SPECIMEN,MVZ,0159cf6b-6a46-4365-96f1-d7ca2511f082,MX,Mexico,1976,1976-07-26,"cdround,osiic"
1895031695,Pseudoeurycea leprosa,"Pseudoeurycea leprosa (Cope, 1869)",-98.638611,19.083333,90,PRESERVED_SPECIMEN,MVZ,0159cf6b-6a46-4365-96f1-d7ca2511f082,MX,Mexico,1976,1976-07-26,"cdround,osiic"
1895031713,Pseudoeurycea leprosa,"Pseudoeurycea leprosa (Cope, 1869)",-98.638611,19.083333,90,PRESERVED_SPECIMEN,MVZ,0159cf6b-6a46-4365-96f1-d7ca2511f082,MX,Mexico,1976,1976-07-26,"cdround,osiic"
1895031740,Pseudoeurycea leprosa,"Pseudoeurycea leprosa (Cope, 1869)",-98.638611,19.083333,90,PRESERVED_SPECIMEN,MVZ,0159cf6b-6a46-4365-96f1-d7ca2511f082,MX,Mexico,1976,1976-07-26,"cdround,osiic"
1895031741,Pseudoeurycea leprosa,"Pseudoeurycea leprosa (Cope, 1869)",-98.633333,19.084167,90,PRESERVED_SPECIMEN,MVZ,0159cf6b-6a46-4365-96f1-d7ca2511f082,MX,Mexico,1976,1976-07-26,"cdround,osiic"
1895031764,Pseudoeurycea leprosa,"Pseudoeurycea leprosa (Cope, 1869)",-98.638611,19.083333,90,PRESERVED_SPECIMEN,MVZ,0159cf6b-6a46-4365-96f1-d7ca2511f082,MX,Mexico,1976,1976-07-26,"cdround,osiic"
1895031767,Pseudoeurycea leprosa,"Pseudoeurycea leprosa (Cope, 1869)",-98.638611,19.083333,90,PRESERVED_SPECIMEN,MVZ,0159cf6b-6a46-4365-96f1-d7ca2511f082,MX,Mexico,1976,1976-07-26,"cdround,osiic"
1895031838,Pseudoeurycea leprosa,"Pseudoeurycea leprosa (Cope, 1869)",-98.638611,19.083333,90,PRESERVED_SPECIMEN,MVZ,0159cf6b-6a46-4365-96f1-d7ca2511f082,MX,Mexico,1976,1976-07-26,"cdround,osiic"
1895031849,Pseudoeurycea leprosa,"Pseudoeurycea leprosa (Cope, 1869)",-98.638611,19.083333,90,PRESERVED_SPECIMEN,MVZ,0159cf6b-6a46-4365-96f1-d7ca2511f082,MX,Mexico,1976,1976-07-26,"cdround,osiic"
1895031873,Pseudoeurycea leprosa,"Pseudoeurycea leprosa (Cope, 1869)",-98.638611,19.083333,90,PRESERVED_SPECIMEN,MVZ,0159cf6b-6a46-4365-96f1-d7ca2511f082,MX,Mexico,1976,1976-07-26,"cdround,osiic"
1895031885,Pseudoeurycea leprosa,"Pseudoeurycea leprosa (Cope, 1869)",-98.638611,19.083333,90,PRESERVED_SPECIMEN,MVZ,0159cf6b-6a46-4365-96f1-d7ca2511f082,MX,Mexico,1976,1976-07-26,"cdround,osiic"
1895031888,Pseudoeurycea leprosa,"Pseudoeurycea leprosa (Cope, 1869)",-99.312222,19.051667,90,PRESERVED_SPECIMEN,IBUNAM,0159cf6b-6a46-4365-96f1-d7ca2511f082,MX,Mexico,1976,1976-07-19,"cdround,osiic"
5147033062,Pseudoeurycea leprosa,"Pseudoeurycea leprosa (Cope, 1869)",-99.366667,19.072778,16864,PRESERVED_SPECIMEN,MVZ,09c4287e-e6d5-4552-a07f-bff8a00833d8,MX,Morelos,1976,1976-07-11,"cdc,cdround,incomis,inmafu"
5147033063,Pseudoeurycea leprosa,"Pseudoeurycea leprosa (Cope, 1869)",-99.366667,19.072778,16864,PRESERVED_SPECIMEN,MVZ,09c4287e-e6d5-4552-a07f-bff8a00833d8,MX,Morelos,1976,1976-07-11,"cdc,cdround,incomis,inmafu"
5147033064,Pseudoeurycea leprosa,"Pseudoeurycea leprosa (Cope, 1869)",-99.366667,19.072778,16864,PRESERVED_SPECIMEN,MVZ,09c4287e-e6d5-4552-a07f-bff8a00833d8,MX,Morelos,1976,1976-07-11,"cdc,cdround,incomis,inmafu"
5147033066,Pseudoeurycea leprosa,"Pseudoeurycea leprosa (Cope, 1869)",-99.305833,19.040833,3156,PRESERVED_SPECIMEN,MVZ,09c4287e-e6d5-4552-a07f-bff8a00833d8,MX,Morelos,1976,1976-07-06,"cdc,cdround,incomis,inmafu"
5147034069,Pseudoeurycea leprosa,"Pseudoeurycea leprosa (Cope, 1869)",-99.366667,19.072778,16864,PRESERVED_SPECIMEN,MVZ,09c4287e-e6d5-4552-a07f-bff8a00833d8,MX,Morelos,1976,1976-07-11,"cdc,cdround,incomis,inmafu"
5147034070,Pseudoeurycea leprosa,"Pseudoeurycea leprosa (Cope, 1869)",-99.366667,19.072778,16864,PRESERVED_SPECIMEN,MVZ,09c4287e-e6d5-4552-a07f-bff8a00833d8,MX,Morelos,1976,1976-07-11,"cdc,cdround,incomis,inmafu"
5147034071,Pseudoeurycea leprosa,"Pseudoeurycea leprosa (Cope, 1869)",-99.305833,19.040833,3156,PRESERVED_SPECIMEN,MVZ,09c4287e-e6d5-4552-a07f-bff8a00833d8,MX,Morelos,1976,1976-07-06,"cdc,cdround,incomis,inmafu"
5147035062,Pseudoeurycea leprosa,"Pseudoeurycea leprosa (Cope, 1869)",-97.245278,19.656111,2792,PRESERVED_SPECIMEN,MVZ,09c4287e-e6d5-4552-a07f-bff8a00833d8,MX,Veracruz,1976,1976-07-25,"cdc,cdround,incomis,inmafu"
5147035077,Pseudoeurycea leprosa,"Pseudoeurycea leprosa (Cope, 1869)",-97.190556,18.975,1672,PRESERVED_SPECIMEN,MVZ,09c4287e-e6d5-4552-a07f-bff8a00833d8,MX,Veracruz,1976,1976-07-23,"cdc,cdround,incomis,inmafu"
5147036068,Pseudoeurycea leprosa,"Pseudoeurycea leprosa (Cope, 1869)",-99.366667,19.072778,16864,PRESERVED_SPECIMEN,MVZ,09c4287e-e6d5-4552-a07f-bff8a00833d8,MX,Morelos,1976,1976-07-11,"cdc,cdround,incomis,inmafu"
5147036069,Pseudoeurycea leprosa,"Pseudoeurycea leprosa (Cope, 1869)",-99.305833,19.040833,3156,PRESERVED_SPECIMEN,MVZ,09c4287e-e6d5-4552-a07f-bff8a00833d8,MX,Morelos,1976,1976-07-06,"cdc,cdround,incomis,inmafu"
5147036070,Pseudoeurycea leprosa,"Pseudoeurycea leprosa (Cope, 1869)",-97.190556,18.975,1672,PRESERVED_SPECIMEN,MVZ,09c4287e-e6d5-4552-a07f-bff8a00833d8,MX,Veracruz,1976,1976-07-23,"cdc,cdround,incomis,inmafu"
5147036071,Pseudoeurycea leprosa,"Pseudoeurycea leprosa (Cope, 1869)",-97.190556,18.975,1672,PRESERVED_SPECIMEN,MVZ,09c4287e-e6d5-4552-a07f-bff8a00833d8,MX,Veracruz,1976,1976-07-23,"cdc,cdround,incomis,inmafu"
5147037067,Pseudoeurycea leprosa,"Pseudoeurycea leprosa (Cope, 1869)",-99.366667,19.072778,16864,PRESERVED_SPECIMEN,MVZ,09c4287e-e6d5-4552-a07f-bff8a00833d8,MX,Morelos,1976,1976-07-11,"cdc,cdround,incomis,inmafu"
5147037069,Pseudoeurycea leprosa,"Pseudoeurycea leprosa (Cope, 1869)",-97.190556,18.975,1672,PRESERVED_SPECIMEN,MVZ,09c4287e-e6d5-4552-a07f-bff8a00833d8,MX,Veracruz,1976,1976-07-23,"cdc,cdround,incomis,inmafu"
5147074025,Pseudoeurycea leprosa,"Pseudoeurycea leprosa (Cope, 1869)",-97.190556,18.975,1672,PRESERVED_SPECIMEN,MVZ,09c4287e-e6d5-4552-a07f-bff8a00833d8,MX,Veracruz,1976,1976-07-23,"cdc,cdround,incomis,inmafu"
5147151063,Pseudoeurycea leprosa,"Pseudoeurycea leprosa (Cope, 1869)",-99.366667,19.072778,16864,PRESERVED_SPECIMEN,MVZ,09c4287e-e6d5-4552-a07f-bff8a00833d8,MX,Morelos,1976,1976-07-11,"cdc,cdround,incomis,inmafu"
5147151064,Pseudoeurycea leprosa,"Pseudoeurycea leprosa (Cope, 1869)",-99.366667,19.072778,16864,PRESERVED_SPECIMEN,MVZ,09c4287e-e6d5-4552-a07f-bff8a00833d8,MX,Morelos,1976,1976-07-11,"cdc,cdround,incomis,inmafu"
5147151067,Pseudoeurycea leprosa,"Pseudoeurycea leprosa (Cope, 1869)",-99.305833,19.040833,3156,PRESERVED_SPECIMEN,MVZ,09c4287e-e6d5-4552-a07f-bff8a00833d8,MX,Morelos,1976,1976-07-06,"cdc,cdround,incomis,inmafu"
5147153065,Pseudoeurycea leprosa,"Pseudoeurycea leprosa (Cope, 1869)",-99.305833,19.040833,3156,PRESERVED_SPECIMEN,MVZ,09c4287e-e6d5-4552-a07f-bff8a00833d8,MX,Morelos,1976,1976-07-06,"cdc,cdround,incomis,inmafu"
5147155066,Pseudoeurycea leprosa,"Pseudoeurycea leprosa (Cope, 1869)",-99.366667,19.072778,16864,PRESERVED_SPECIMEN,MVZ,09c4287e-e6d5-4552-a07f-bff8a00833d8,MX,Morelos,1976,1976-07-11,"cdc,cdround,incomis,inmafu"
5147155068,Pseudoeurycea leprosa,"Pseudoeurycea leprosa (Cope, 1869)",-97.245278,19.656111,2792,PRESERVED_SPECIMEN,MVZ,09c4287e-e6d5-4552-a07f-bff8a00833d8,MX,Veracruz,1976,1976-07-25,"cdc,cdround,incomis,inmafu"
5147157070,Pseudoeurycea leprosa,"Pseudoeurycea leprosa (Cope, 1869)",-99.366667,19.072778,16864,PRESERVED_SPECIMEN,MVZ,09c4287e-e6d5-4552-a07f-bff8a00833d8,MX,Morelos,1976,1976-07-11,"cdc,cdround,incomis,inmafu"
5147157071,Pseudoeurycea leprosa,"Pseudoeurycea leprosa (Cope, 1869)",-99.305833,19.040833,3156,PRESERVED_SPECIMEN,MVZ,09c4287e-e6d5-4552-a07f-bff8a00833d8,MX,Morelos,1976,1976-07-06,"cdc,cdround,incomis,inmafu"
5147157072,Pseudoeurycea leprosa,"Pseudoeurycea leprosa (Cope, 1869)",-97.190556,18.975,1672,PRESERVED_SPECIMEN,MVZ,09c4287e-e6d5-4552-a07f-bff8a00833d8,MX,Veracruz,1976,1976-07-23,"cdc,cdround,incomis,inmafu"
5147157073,Pseudoeurycea leprosa,"Pseudoeurycea leprosa (Cope, 1869)",-97.190556,18.975,1672,PRESERVED_SPECIMEN,MVZ,09c4287e-e6d5-4552-a07f-bff8a00833d8,MX,Veracruz,1976,1976-07-23,"cdc,cdround,incomis,inmafu"
5147158067,Pseudoeurycea leprosa,"Pseudoeurycea leprosa (Cope, 1869)",-99.366667,19.072778,16864,PRESERVED_SPECIMEN,MVZ,09c4287e-e6d5-4552-a07f-bff8a00833d8,MX,Morelos,1976,1976-07-11,"cdc,cdround,incomis,inmafu"
5147158068,Pseudoeurycea leprosa,"Pseudoeurycea leprosa (Cope, 1869)",-99.366667,19.072778,16864,PRESERVED_SPECIMEN,MVZ,09c4287e-e6d5-4552-a07f-bff8a00833d8,MX,Morelos,1976,1976-07-11,"cdc,cdround,incomis,inmafu"
5147158069,Pseudoeurycea leprosa,"Pseudoeurycea leprosa (Cope, 1869)",-99.305833,19.040833,3156,PRESERVED_SPECIMEN,MVZ,09c4287e-e6d5-4552-a07f-bff8a00833d8,MX,Morelos,1976,1976-07-06,"cdc,cdround,incomis,inmafu"
5147158070,Pseudoeurycea leprosa,"Pseudoeurycea leprosa (Cope, 1869)",-99.366667,19.072778,16864,PRESERVED_SPECIMEN,MVZ,09c4287e-e6d5-4552-a07f-bff8a00833d8,MX,Morelos,1976,1976-07-11,"cdc,cdround,incomis,inmafu"
5147158071,Pseudoeurycea leprosa,"Pseudoeurycea leprosa (Cope, 1869)",-97.190556,18.975,1672,PRESERVED_SPECIMEN,MVZ,09c4287e-e6d5-4552-a07f-bff8a00833d8,MX,Veracruz,1976,1976-07-23,"cdc,cdround,incomis,inmafu"
5147198026,Pseudoeurycea leprosa,"Pseudoeurycea leprosa (Cope, 1869)",-97.190556,18.975,1672,PRESERVED_SPECIMEN,MVZ,09c4287e-e6d5-4552-a07f-bff8a00833d8,MX,Veracruz,1976,1976-07-23,"cdc,cdround,incomis,inmafu"
5147269066,Pseudoeurycea leprosa,"Pseudoeurycea leprosa (Cope, 1869)",-99.366667,19.072778,16864,PRESERVED_SPECIMEN,MVZ,09c4287e-e6d5-4552-a07f-bff8a00833d8,MX,Morelos,1976,1976-07-11,"cdc,cdround,incomis,inmafu"
5147269067,Pseudoeurycea leprosa,"Pseudoeurycea leprosa (Cope, 1869)",-99.366667,19.072778,16864,PRESERVED_SPECIMEN,MVZ,09c4287e-e6d5-4552-a07f-bff8a00833d8,MX,Morelos,1976,1976-07-11,"cdc,cdround,incomis,inmafu"
5147269068,Pseudoeurycea leprosa,"Pseudoeurycea leprosa (Cope, 1869)",-99.366667,19.072778,16864,PRESERVED_SPECIMEN,MVZ,09c4287e-e6d5-4552-a07f-bff8a00833d8,MX,Morelos,1976,1976-07-11,"cdc,cdround,incomis,inmafu"
5147269069,Pseudoeurycea leprosa,"Pseudoeurycea leprosa (Cope, 1869)",-99.366667,19.072778,16864,PRESERVED_SPECIMEN,MVZ,09c4287e-e6d5-4552-a07f-bff8a00833d8,MX,Morelos,1976,1976-07-11,"cdc,cdround,incomis,inmafu"
5147269070,Pseudoeurycea leprosa,"Pseudoeurycea leprosa (Cope, 1869)",-97.190556,18.975,1672,PRESERVED_SPECIMEN,MVZ,09c4287e-e6d5-4552-a07f-bff8a00833d8,MX,Veracruz,1976,1976-07-23,"cdc,cdround,incomis,inmafu"
5147271066,Pseudoeurycea leprosa,"Pseudoeurycea leprosa (Cope, 1869)",-97.245278,19.656111,2792,PRESERVED_SPECIMEN,MVZ,09c4287e-e6d5-4552-a07f-bff8a00833d8,MX,Veracruz,1976,1976-07-25,"cdc,cdround,incomis,inmafu"
5147271068,Pseudoeurycea leprosa,"Pseudoeurycea leprosa (Cope, 1869)",-97.190556,18.975,1672,PRESERVED_SPECIMEN,MVZ,09c4287e-e6d5-4552-a07f-bff8a00833d8,MX,Veracruz,1976,1976-07-23,"cdc,cdround,incomis,inmafu"
5147274062,Pseudoeurycea leprosa,"Pseudoeurycea leprosa (Cope, 1869)",-97.245278,19.656111,2792,PRESERVED_SPECIMEN,MVZ,09c4287e-e6d5-4552-a07f-bff8a00833d8,MX,Veracruz,1976,1976-07-25,"cdc,cdround,incomis,inmafu"
5147277067,Pseudoeurycea leprosa,"Pseudoeurycea leprosa (Cope, 1869)",-99.366667,19.072778,16864,PRESERVED_SPECIMEN,MVZ,09c4287e-e6d5-4552-a07f-bff8a00833d8,MX,Morelos,1976,1976-07-11,"cdc,cdround,incomis,inmafu"
5147277068,Pseudoeurycea leprosa,"Pseudoeurycea leprosa (Cope, 1869)",-99.366667,19.072778,16864,PRESERVED_SPECIMEN,MVZ,09c4287e-e6d5-4552-a07f-bff8a00833d8,MX,Morelos,1976,1976-07-11,"cdc,cdround,incomis,inmafu"
5147277069,Pseudoeurycea leprosa,"Pseudoeurycea leprosa (Cope, 1869)",-97.190556,18.975,1672,PRESERVED_SPECIMEN,MVZ,09c4287e-e6d5-4552-a07f-bff8a00833d8,MX,Veracruz,1976,1976-07-23,"cdc,cdround,incomis,inmafu"
5147283069,Pseudoeurycea leprosa,"Pseudoeurycea leprosa (Cope, 1869)",-99.366667,19.072778,16864,PRESERVED_SPECIMEN,MVZ,09c4287e-e6d5-4552-a07f-bff8a00833d8,MX,Morelos,1976,1976-07-11,"cdc,cdround,incomis,inmafu"
5147283070,Pseudoeurycea leprosa,"Pseudoeurycea leprosa (Cope, 1869)",-99.305833,19.040833,3156,PRESERVED_SPECIMEN,MVZ,09c4287e-e6d5-4552-a07f-bff8a00833d8,MX,Morelos,1976,1976-07-06,"cdc,cdround,incomis,inmafu"
5147387065,Pseudoeurycea leprosa,"Pseudoeurycea leprosa (Cope, 1869)",-99.305833,19.040833,3156,PRESERVED_SPECIMEN,MVZ,09c4287e-e6d5-4552-a07f-bff8a00833d8,MX,Morelos,1976,1976-07-06,"cdc,cdround,incomis,inmafu"
5147388067,Pseudoeurycea leprosa,"Pseudoeurycea leprosa (Cope, 1869)",-99.366667,19.072778,16864,PRESERVED_SPECIMEN,MVZ,09c4287e-e6d5-4552-a07f-bff8a00833d8,MX,Morelos,1976,1976-07-11,"cdc,cdround,incomis,inmafu"
5147388068,Pseudoeurycea leprosa,"Pseudoeurycea leprosa (Cope, 1869)",-99.366667,19.072778,16864,PRESERVED_SPECIMEN,MVZ,09c4287e-e6d5-4552-a07f-bff8a00833d8,MX,Morelos,1976,1976-07-11,"cdc,cdround,incomis,inmafu"
5147388069,Pseudoeurycea leprosa,"Pseudoeurycea leprosa (Cope, 1869)",-99.305833,19.040833,3156,PRESERVED_SPECIMEN,MVZ,09c4287e-e6d5-4552-a07f-bff8a00833d8,MX,Morelos,1976,1976-07-06,"cdc,cdround,incomis,inmafu"
5147391069,Pseudoeurycea leprosa,"Pseudoeurycea leprosa (Cope, 1869)",-99.366667,19.072778,16864,PRESERVED_SPECIMEN,MVZ,09c4287e-e6d5-4552-a07f-bff8a00833d8,MX,Morelos,1976,1976-07-11,"cdc,cdround,incomis,inmafu"
5147391070,Pseudoeurycea leprosa,"Pseudoeurycea leprosa (Cope, 1869)",-99.366667,19.072778,16864,PRESERVED_SPECIMEN,MVZ,09c4287e-e6d5-4552-a07f-bff8a00833d8,MX,Morelos,1976,1976-07-11,"cdc,cdround,incomis,inmafu"
5147391071,Pseudoeurycea leprosa,"Pseudoeurycea leprosa (Cope, 1869)",-99.305833,19.040833,3156,PRESERVED_SPECIMEN,MVZ,09c4287e-e6d5-4552-a07f-bff8a00833d8,MX,Morelos,1976,1976-07-06,"cdc,cdround,incomis,inmafu"
5147393063,Pseudoeurycea leprosa,"Pseudoeurycea leprosa (Cope, 1869)",-99.366667,19.072778,16864,PRESERVED_SPECIMEN,MVZ,09c4287e-e6d5-4552-a07f-bff8a00833d8,MX,Morelos,1976,1976-07-11,"cdc,cdround,incomis,inmafu"
5147393064,Pseudoeurycea leprosa,"Pseudoeurycea leprosa (Cope, 1869)",-99.366667,19.072778,16864,PRESERVED_SPECIMEN,MVZ,09c4287e-e6d5-4552-a07f-bff8a00833d8,MX,Morelos,1976,1976-07-11,"cdc,cdround,incomis,inmafu"
5147393067,Pseudoeurycea leprosa,"Pseudoeurycea leprosa (Cope, 1869)",-99.305833,19.040833,3156,PRESERVED_SPECIMEN,MVZ,09c4287e-e6d5-4552-a07f-bff8a00833d8,MX,Morelos,1976,1976-07-06,"cdc,cdround,incomis,inmafu"
5147403063,Pseudoeurycea leprosa,"Pseudoeurycea leprosa (Cope, 1869)",-99.366667,19.072778,16864,PRESERVED_SPECIMEN,MVZ,09c4287e-e6d5-4552-a07f-bff8a00833d8,MX,Morelos,1976,1976-07-11,"cdc,cdround,incomis,inmafu"
5147403064,Pseudoeurycea leprosa,"Pseudoeurycea leprosa (Cope, 1869)",-99.366667,19.072778,16864,PRESERVED_SPECIMEN,MVZ,09c4287e-e6d5-4552-a07f-bff8a00833d8,MX,Morelos,1976,1976-07-11,"cdc,cdround,incomis,inmafu"
5147403065,Pseudoeurycea leprosa,"Pseudoeurycea leprosa (Cope, 1869)",-97.190556,18.975,1672,PRESERVED_SPECIMEN,MVZ,09c4287e-e6d5-4552-a07f-bff8a00833d8,MX,Veracruz,1976,1976-07-23,"cdc,cdround,incomis,inmafu"
5147403066,Pseudoeurycea leprosa,"Pseudoeurycea leprosa (Cope, 1869)",-97.190556,18.975,1672,PRESERVED_SPECIMEN,MVZ,09c4287e-e6d5-4552-a07f-bff8a00833d8,MX,Veracruz,1976,1976-07-23,"cdc,cdround,incomis,inmafu"
5147481067,Pseudoeurycea leprosa,"Pseudoeurycea leprosa (Cope, 1869)",-99.366667,19.072778,16864,PRESERVED_SPECIMEN,MVZ,09c4287e-e6d5-4552-a07f-bff8a00833d8,MX,Morelos,1976,1976-07-11,"cdc,cdround,incomis,inmafu"
5147481068,Pseudoeurycea leprosa,"Pseudoeurycea leprosa (Cope, 1869)",-99.366667,19.072778,16864,PRESERVED_SPECIMEN,MVZ,09c4287e-e6d5-4552-a07f-bff8a00833d8,MX,Morelos,1976,1976-07-11,"cdc,cdround,incomis,inmafu"
5147481069,Pseudoeurycea leprosa,"Pseudoeurycea leprosa (Cope, 1869)",-99.366667,19.072778,16864,PRESERVED_SPECIMEN,MVZ,09c4287e-e6d5-4552-a07f-bff8a00833d8,MX,Morelos,1976,1976-07-11,"cdc,cdround,incomis,inmafu"
5147481070,Pseudoeurycea leprosa,"Pseudoeurycea leprosa (Cope, 1869)",-99.366667,19.072778,16864,PRESERVED_SPECIMEN,MVZ,09c4287e-e6d5-4552-a07f-bff8a00833d8,MX,Morelos,1976,1976-07-11,"cdc,cdround,incomis,inmafu"
5147481071,Pseudoeurycea leprosa,"Pseudoeurycea leprosa (Cope, 1869)",-97.190556,18.975,1672,PRESERVED_SPECIMEN,MVZ,09c4287e-e6d5-4552-a07f-bff8a00833d8,MX,Veracruz,1976,1976-07-23,"cdc,cdround,incomis,inmafu"
5147483068,Pseudoeurycea leprosa,"Pseudoeurycea leprosa (Cope, 1869)",-99.366667,19.072778,16864,PRESERVED_SPECIMEN,MVZ,09c4287e-e6d5-4552-a07f-bff8a00833d8,MX,Morelos,1976,1976-07-11,"cdc,cdround,incomis,inmafu"
5147483069,Pseudoeurycea leprosa,"Pseudoeurycea leprosa (Cope, 1869)",-99.366667,19.072778,16864,PRESERVED_SPECIMEN,MVZ,09c4287e-e6d5-4552-a07f-bff8a00833d8,MX,Morelos,1976,1976-07-11,"cdc,cdround,incomis,inmafu"
5147483070,Pseudoeurycea leprosa,"Pseudoeurycea leprosa (Cope, 1869)",-97.190556,18.975,1672,PRESERVED_SPECIMEN,MVZ,09c4287e-e6d5-4552-a07f-bff8a00833d8,MX,Veracruz,1976,1976-07-23,"cdc,cdround,incomis,inmafu"
5147483071,Pseudoeurycea leprosa,"Pseudoeurycea leprosa (Cope, 1869)",-97.190556,18.975,1672,PRESERVED_SPECIMEN,MVZ,09c4287e-e6d5-4552-a07f-bff8a00833d8,MX,Veracruz,1976,1976-07-23,"cdc,cdround,incomis,inmafu"
5147484068,Pseudoeurycea leprosa,"Pseudoeurycea leprosa (Cope, 1869)",-99.366667,19.072778,16864,PRESERVED_SPECIMEN,MVZ,09c4287e-e6d5-4552-a07f-bff8a00833d8,MX,Morelos,1976,1976-07-11,"cdc,cdround,incomis,inmafu"
5147484069,Pseudoeurycea leprosa,"Pseudoeurycea leprosa (Cope, 1869)",-99.366667,19.072778,16864,PRESERVED_SPECIMEN,MVZ,09c4287e-e6d5-4552-a07f-bff8a00833d8,MX,Morelos,1976,1976-07-11,"cdc,cdround,incomis,inmafu"
5147484070,Pseudoeurycea leprosa,"Pseudoeurycea leprosa (Cope, 1869)",-97.190556,18.975,1672,PRESERVED_SPECIMEN,MVZ,09c4287e-e6d5-4552-a07f-bff8a00833d8,MX,Veracruz,1976,1976-07-23,"cdc,cdround,incomis,inmafu"
5147484071,Pseudoeurycea leprosa,"Pseudoeurycea leprosa (Cope, 1869)",-97.190556,18.975,1672,PRESERVED_SPECIMEN,MVZ,09c4287e-e6d5-4552-a07f-bff8a00833d8,MX,Veracruz,1976,1976-07-23,"cdc,cdround,incomis,inmafu"
5147484091,Pseudoeurycea leprosa,"Pseudoeurycea leprosa (Cope, 1869)",-97.245278,19.656111,2792,PRESERVED_SPECIMEN,MVZ,09c4287e-e6d5-4552-a07f-bff8a00833d8,MX,Veracruz,1976,1976-07-25,"cdc,cdround,incomis,inmafu"
5147484297,Pseudoeurycea leprosa,"Pseudoeurycea leprosa (Cope, 1869)",-99.305833,19.040833,3156,PRESERVED_SPECIMEN,MVZ,09c4287e-e6d5-4552-a07f-bff8a00833d8,MX,Morelos,1976,1976-07-06,"cdc,cdround,incomis,inmafu"
5147486071,Pseudoeurycea leprosa,"Pseudoeurycea leprosa (Cope, 1869)",-99.366667,19.072778,16864,PRESERVED_SPECIMEN,MVZ,09c4287e-e6d5-4552-a07f-bff8a00833d8,MX,Morelos,1976,1976-07-11,"cdc,cdround,incomis,inmafu"
5147486072,Pseudoeurycea leprosa,"Pseudoeurycea leprosa (Cope, 1869)",-99.305833,19.040833,3156,PRESERVED_SPECIMEN,MVZ,09c4287e-e6d5-4552-a07f-bff8a00833d8,MX,Morelos,1976,1976-07-06,"cdc,cdround,incomis,inmafu"
5147486073,Pseudoeurycea leprosa,"Pseudoeurycea leprosa (Cope, 1869)",-97.190556,18.975,1672,PRESERVED_SPECIMEN,MVZ,09c4287e-e6d5-4552-a07f-bff8a00833d8,MX,Veracruz,1976,1976-07-23,"cdc,cdround,incomis,inmafu"
5147486074,Pseudoeurycea leprosa,"Pseudoeurycea leprosa (Cope, 1869)",-97.190556,18.975,1672,PRESERVED_SPECIMEN,MVZ,09c4287e-e6d5-4552-a07f-bff8a00833d8,MX,Veracruz,1976,1976-07-23,"cdc,cdround,incomis,inmafu"
5147497029,Pseudoeurycea leprosa,"Pseudoeurycea leprosa (Cope, 1869)",-97.190556,18.975,1672,PRESERVED_SPECIMEN,MVZ,09c4287e-e6d5-4552-a07f-bff8a00833d8,MX,Veracruz,1976,1976-07-23,"cdc,cdround,incomis,inmafu"
1895031957,Pseudoeurycea leprosa,"Pseudoeurycea leprosa (Cope, 1869)",-98.670278,19.351667,80,PRESERVED_SPECIMEN,IBUNAM,0159cf6b-6a46-4365-96f1-d7ca2511f082,MX,Mexico,1976,1976-08-29,"cdround,osiic"
1893324987,Pseudoeurycea leprosa,"Pseudoeurycea leprosa (Cope, 1869)",-98.72,19.41,80,PRESERVED_SPECIMEN,IBUNAM,dcb23fa1-3f1a-4678-b11d-249787e79cae,MX,Mexico,1976,1976-09-18,osiic
1895031418,Pseudoeurycea leprosa,"Pseudoeurycea leprosa (Cope, 1869)",-99.312222,19.052222,90,PRESERVED_SPECIMEN,IBUNAM,0159cf6b-6a46-4365-96f1-d7ca2511f082,MX,Mexico,1976,1976-09-29,"cdround,osiic"
4169210991,Pseudoeurycea leprosa,"Pseudoeurycea leprosa (Cope, 1869)",-98.15,19.6,80,PRESERVED_SPECIMEN,IBUNAM,f6cc0fcc-1605-4bd4-bbea-dd12f697a2ba,MX,Tlaxcala,1976,1976-10-03,"rdativ,osiic"
5147046429,Pseudoeurycea leprosa,"Pseudoeurycea leprosa (Cope, 1869)",-97.190556,18.975,1672,PRESERVED_SPECIMEN,MVZ,09c4287e-e6d5-4552-a07f-bff8a00833d8,MX,Veracruz,1975,1975-01-01/1975-01-31,"cdc,cdround,incomis,inmafu"
5147166427,Pseudoeurycea leprosa,"Pseudoeurycea leprosa (Cope, 1869)",-97.190556,18.975,1672,PRESERVED_SPECIMEN,MVZ,09c4287e-e6d5-4552-a07f-bff8a00833d8,MX,Veracruz,1975,1975-01-01/1975-01-31,"cdc,cdround,incomis,inmafu"
5147278429,Pseudoeurycea leprosa,"Pseudoeurycea leprosa (Cope, 1869)",-97.190556,18.975,1672,PRESERVED_SPECIMEN,MVZ,09c4287e-e6d5-4552-a07f-bff8a00833d8,MX,Veracruz,1975,1975-01-01/1975-01-31,"cdc,cdround,incomis,inmafu"
5147285429,Pseudoeurycea leprosa,"Pseudoeurycea leprosa (Cope, 1869)",-97.190556,18.975,1672,PRESERVED_SPECIMEN,MVZ,09c4287e-e6d5-4552-a07f-bff8a00833d8,MX,Veracruz,1975,1975-01-01/1975-01-31,"cdc,cdround,incomis,inmafu"
5147484428,Pseudoeurycea leprosa,"Pseudoeurycea leprosa (Cope, 1869)",-97.190556,18.975,1672,PRESERVED_SPECIMEN,MVZ,09c4287e-e6d5-4552-a07f-bff8a00833d8,MX,Veracruz,1975,1975-01-01/1975-01-31,"cdc,cdround,incomis,inmafu"
5147486431,Pseudoeurycea leprosa,"Pseudoeurycea leprosa (Cope, 1869)",-97.190556,18.975,1672,PRESERVED_SPECIMEN,MVZ,09c4287e-e6d5-4552-a07f-bff8a00833d8,MX,Veracruz,1975,1975-01-01/1975-01-31,"cdc,cdround,incomis,inmafu"
5147489432,Pseudoeurycea leprosa,"Pseudoeurycea leprosa (Cope, 1869)",-97.190556,18.975,1672,PRESERVED_SPECIMEN,MVZ,09c4287e-e6d5-4552-a07f-bff8a00833d8,MX,Veracruz,1975,1975-01-01/1975-01-31,"cdc,cdround,incomis,inmafu"
1894837361,Pseudoeurycea leprosa,"Pseudoeurycea leprosa (Cope, 1869)",-98.706805,19.373095,7600,PRESERVED_SPECIMEN,UCM,fcbd4fa6-6e2b-4715-b896-cf117691625d,MX,Mexico,1975,1975-04-27,"cdround,osiic"
4169229052,Pseudoeurycea leprosa,"Pseudoeurycea leprosa (Cope, 1869)",-99.25,19.3,80,PRESERVED_SPECIMEN,IBUNAM,f6cc0fcc-1605-4bd4-bbea-dd12f697a2ba,MX,Ciudad de mexico,1975,1975-06-14,osiic
4168877664,Pseudoeurycea leprosa,"Pseudoeurycea leprosa (Cope, 1869)",-99.25,19.3,80,PRESERVED_SPECIMEN,IBUNAM,f6cc0fcc-1605-4bd4-bbea-dd12f697a2ba,MX,Ciudad de mexico,1975,1975-07-14,osiic
5147032830,Pseudoeurycea leprosa,"Pseudoeurycea leprosa (Cope, 1869)",-98.102778,19.240833,8256,PRESERVED_SPECIMEN,MVZ,09c4287e-e6d5-4552-a07f-bff8a00833d8,MX,Puebla,1975,1975-08-09,"cdc,cdround,incomis,inmafu"
5147032831,Pseudoeurycea leprosa,"Pseudoeurycea leprosa (Cope, 1869)",-98.102778,19.240833,8256,PRESERVED_SPECIMEN,MVZ,09c4287e-e6d5-4552-a07f-bff8a00833d8,MX,Puebla,1975,1975-08-09,"cdc,cdround,incomis,inmafu"
5147033834,Pseudoeurycea leprosa,"Pseudoeurycea leprosa (Cope, 1869)",-98.102778,19.240833,8256,PRESERVED_SPECIMEN,MVZ,09c4287e-e6d5-4552-a07f-bff8a00833d8,MX,Puebla,1975,1975-08-09,"cdc,cdround,incomis,inmafu"
5147033835,Pseudoeurycea leprosa,"Pseudoeurycea leprosa (Cope, 1869)",-98.102778,19.240833,8256,PRESERVED_SPECIMEN,MVZ,09c4287e-e6d5-4552-a07f-bff8a00833d8,MX,Puebla,1975,1975-08-09,"cdc,cdround,incomis,inmafu"
5147033836,Pseudoeurycea leprosa,"Pseudoeurycea leprosa (Cope, 1869)",-98.102778,19.240833,8256,PRESERVED_SPECIMEN,MVZ,09c4287e-e6d5-4552-a07f-bff8a00833d8,MX,Puebla,1975,1975-08-09,"cdc,cdround,incomis,inmafu"
5147033837,Pseudoeurycea leprosa,"Pseudoeurycea leprosa (Cope, 1869)",-98.102778,19.240833,8256,PRESERVED_SPECIMEN,MVZ,09c4287e-e6d5-4552-a07f-bff8a00833d8,MX,Puebla,1975,1975-08-09,"cdc,cdround,incomis,inmafu"
5147033838,Pseudoeurycea leprosa,"Pseudoeurycea leprosa (Cope, 1869)",-98.102778,19.240833,8256,PRESERVED_SPECIMEN,MVZ,09c4287e-e6d5-4552-a07f-bff8a00833d8,MX,Puebla,1975,1975-08-09,"cdc,cdround,incomis,inmafu"
5147034830,Pseudoeurycea leprosa,"Pseudoeurycea leprosa (Cope, 1869)",-98.102778,19.240833,8256,PRESERVED_SPECIMEN,MVZ,09c4287e-e6d5-4552-a07f-bff8a00833d8,MX,Puebla,1975,1975-08-09,"cdc,cdround,incomis,inmafu"
5147034831,Pseudoeurycea leprosa,"Pseudoeurycea leprosa (Cope, 1869)",-98.102778,19.240833,8256,PRESERVED_SPECIMEN,MVZ,09c4287e-e6d5-4552-a07f-bff8a00833d8,MX,Puebla,1975,1975-08-09,"cdc,cdround,incomis,inmafu"
5147035831,Pseudoeurycea leprosa,"Pseudoeurycea leprosa (Cope, 1869)",-98.102778,19.240833,8256,PRESERVED_SPECIMEN,MVZ,09c4287e-e6d5-4552-a07f-bff8a00833d8,MX,Puebla,1975,1975-08-09,"cdc,cdround,incomis,inmafu"
5147035832,Pseudoeurycea leprosa,"Pseudoeurycea leprosa (Cope, 1869)",-98.102778,19.240833,8256,PRESERVED_SPECIMEN,MVZ,09c4287e-e6d5-4552-a07f-bff8a00833d8,MX,Puebla,1975,1975-08-09,"cdc,cdround,incomis,inmafu"
5147036835,Pseudoeurycea leprosa,"Pseudoeurycea leprosa (Cope, 1869)",-98.102778,19.240833,8256,PRESERVED_SPECIMEN,MVZ,09c4287e-e6d5-4552-a07f-bff8a00833d8,MX,Puebla,1975,1975-08-09,"cdc,cdround,incomis,inmafu"
5147036836,Pseudoeurycea leprosa,"Pseudoeurycea leprosa (Cope, 1869)",-98.102778,19.240833,8256,PRESERVED_SPECIMEN,MVZ,09c4287e-e6d5-4552-a07f-bff8a00833d8,MX,Puebla,1975,1975-08-09,"cdc,cdround,incomis,inmafu"
5147036837,Pseudoeurycea leprosa,"Pseudoeurycea leprosa (Cope, 1869)",-98.102778,19.240833,8256,PRESERVED_SPECIMEN,MVZ,09c4287e-e6d5-4552-a07f-bff8a00833d8,MX,Puebla,1975,1975-08-09,"cdc,cdround,incomis,inmafu"
5147036838,Pseudoeurycea leprosa,"Pseudoeurycea leprosa (Cope, 1869)",-98.102778,19.240833,8256,PRESERVED_SPECIMEN,MVZ,09c4287e-e6d5-4552-a07f-bff8a00833d8,MX,Puebla,1975,1975-08-09,"cdc,cdround,incomis,inmafu"
5147150832,Pseudoeurycea leprosa,"Pseudoeurycea leprosa (Cope, 1869)",-98.102778,19.240833,8256,PRESERVED_SPECIMEN,MVZ,09c4287e-e6d5-4552-a07f-bff8a00833d8,MX,Puebla,1975,1975-08-09,"cdc,cdround,incomis,inmafu"
5147150833,Pseudoeurycea leprosa,"Pseudoeurycea leprosa (Cope, 1869)",-98.102778,19.240833,8256,PRESERVED_SPECIMEN,MVZ,09c4287e-e6d5-4552-a07f-bff8a00833d8,MX,Puebla,1975,1975-08-09,"cdc,cdround,incomis,inmafu"
5147152831,Pseudoeurycea leprosa,"Pseudoeurycea leprosa (Cope, 1869)",-98.102778,19.240833,8256,PRESERVED_SPECIMEN,MVZ,09c4287e-e6d5-4552-a07f-bff8a00833d8,MX,Puebla,1975,1975-08-09,"cdc,cdround,incomis,inmafu"
5147152832,Pseudoeurycea leprosa,"Pseudoeurycea leprosa (Cope, 1869)",-98.102778,19.240833,8256,PRESERVED_SPECIMEN,MVZ,09c4287e-e6d5-4552-a07f-bff8a00833d8,MX,Puebla,1975,1975-08-09,"cdc,cdround,incomis,inmafu"
5147154834,Pseudoeurycea leprosa,"Pseudoeurycea leprosa (Cope, 1869)",-98.102778,19.240833,8256,PRESERVED_SPECIMEN,MVZ,09c4287e-e6d5-4552-a07f-bff8a00833d8,MX,Puebla,1975,1975-08-09,"cdc,cdround,incomis,inmafu"
5147154835,Pseudoeurycea leprosa,"Pseudoeurycea leprosa (Cope, 1869)",-98.102778,19.240833,8256,PRESERVED_SPECIMEN,MVZ,09c4287e-e6d5-4552-a07f-bff8a00833d8,MX,Puebla,1975,1975-08-09,"cdc,cdround,incomis,inmafu"
5147154836,Pseudoeurycea leprosa,"Pseudoeurycea leprosa (Cope, 1869)",-98.102778,19.240833,8256,PRESERVED_SPECIMEN,MVZ,09c4287e-e6d5-4552-a07f-bff8a00833d8,MX,Puebla,1975,1975-08-09,"cdc,cdround,incomis,inmafu"
5147154837,Pseudoeurycea leprosa,"Pseudoeurycea leprosa (Cope, 1869)",-98.102778,19.240833,8256,PRESERVED_SPECIMEN,MVZ,09c4287e-e6d5-4552-a07f-bff8a00833d8,MX,Puebla,1975,1975-08-09,"cdc,cdround,incomis,inmafu"
5147156835,Pseudoeurycea leprosa,"Pseudoeurycea leprosa (Cope, 1869)",-98.102778,19.240833,8256,PRESERVED_SPECIMEN,MVZ,09c4287e-e6d5-4552-a07f-bff8a00833d8,MX,Puebla,1975,1975-08-09,"cdc,cdround,incomis,inmafu"
5147156836,Pseudoeurycea leprosa,"Pseudoeurycea leprosa (Cope, 1869)",-98.102778,19.240833,8256,PRESERVED_SPECIMEN,MVZ,09c4287e-e6d5-4552-a07f-bff8a00833d8,MX,Puebla,1975,1975-08-09,"cdc,cdround,incomis,inmafu"
5147156837,Pseudoeurycea leprosa,"Pseudoeurycea leprosa (Cope, 1869)",-98.102778,19.240833,8256,PRESERVED_SPECIMEN,MVZ,09c4287e-e6d5-4552-a07f-bff8a00833d8,MX,Puebla,1975,1975-08-09,"cdc,cdround,incomis,inmafu"
5147157831,Pseudoeurycea leprosa,"Pseudoeurycea leprosa (Cope, 1869)",-98.102778,19.240833,8256,PRESERVED_SPECIMEN,MVZ,09c4287e-e6d5-4552-a07f-bff8a00833d8,MX,Puebla,1975,1975-08-09,"cdc,cdround,incomis,inmafu"
5147157832,Pseudoeurycea leprosa,"Pseudoeurycea leprosa (Cope, 1869)",-98.102778,19.240833,8256,PRESERVED_SPECIMEN,MVZ,09c4287e-e6d5-4552-a07f-bff8a00833d8,MX,Puebla,1975,1975-08-09,"cdc,cdround,incomis,inmafu"
5147268832,Pseudoeurycea leprosa,"Pseudoeurycea leprosa (Cope, 1869)",-98.102778,19.240833,8256,PRESERVED_SPECIMEN,MVZ,09c4287e-e6d5-4552-a07f-bff8a00833d8,MX,Puebla,1975,1975-08-09,"cdc,cdround,incomis,inmafu"
5147268833,Pseudoeurycea leprosa,"Pseudoeurycea leprosa (Cope, 1869)",-98.102778,19.240833,8256,PRESERVED_SPECIMEN,MVZ,09c4287e-e6d5-4552-a07f-bff8a00833d8,MX,Puebla,1975,1975-08-09,"cdc,cdround,incomis,inmafu"
5147270833,Pseudoeurycea leprosa,"Pseudoeurycea leprosa (Cope, 1869)",-98.102778,19.240833,8256,PRESERVED_SPECIMEN,MVZ,09c4287e-e6d5-4552-a07f-bff8a00833d8,MX,Puebla,1975,1975-08-09,"cdc,cdround,incomis,inmafu"
5147270834,Pseudoeurycea leprosa,"Pseudoeurycea leprosa (Cope, 1869)",-98.102778,19.240833,8256,PRESERVED_SPECIMEN,MVZ,09c4287e-e6d5-4552-a07f-bff8a00833d8,MX,Puebla,1975,1975-08-09,"cdc,cdround,incomis,inmafu"
5147270835,Pseudoeurycea leprosa,"Pseudoeurycea leprosa (Cope, 1869)",-98.102778,19.240833,8256,PRESERVED_SPECIMEN,MVZ,09c4287e-e6d5-4552-a07f-bff8a00833d8,MX,Puebla,1975,1975-08-09,"cdc,cdround,incomis,inmafu"
5147270836,Pseudoeurycea leprosa,"Pseudoeurycea leprosa (Cope, 1869)",-98.102778,19.240833,8256,PRESERVED_SPECIMEN,MVZ,09c4287e-e6d5-4552-a07f-bff8a00833d8,MX,Puebla,1975,1975-08-09,"cdc,cdround,incomis,inmafu"
5147273831,Pseudoeurycea leprosa,"Pseudoeurycea leprosa (Cope, 1869)",-98.102778,19.240833,8256,PRESERVED_SPECIMEN,MVZ,09c4287e-e6d5-4552-a07f-bff8a00833d8,MX,Puebla,1975,1975-08-09,"cdc,cdround,incomis,inmafu"
5147273832,Pseudoeurycea leprosa,"Pseudoeurycea leprosa (Cope, 1869)",-98.102778,19.240833,8256,PRESERVED_SPECIMEN,MVZ,09c4287e-e6d5-4552-a07f-bff8a00833d8,MX,Puebla,1975,1975-08-09,"cdc,cdround,incomis,inmafu"
5147276834,Pseudoeurycea leprosa,"Pseudoeurycea leprosa (Cope, 1869)",-98.102778,19.240833,8256,PRESERVED_SPECIMEN,MVZ,09c4287e-e6d5-4552-a07f-bff8a00833d8,MX,Puebla,1975,1975-08-09,"cdc,cdround,incomis,inmafu"
5147276835,Pseudoeurycea leprosa,"Pseudoeurycea leprosa (Cope, 1869)",-98.102778,19.240833,8256,PRESERVED_SPECIMEN,MVZ,09c4287e-e6d5-4552-a07f-bff8a00833d8,MX,Puebla,1975,1975-08-09,"cdc,cdround,incomis,inmafu"
5147276836,Pseudoeurycea leprosa,"Pseudoeurycea leprosa (Cope, 1869)",-98.102778,19.240833,8256,PRESERVED_SPECIMEN,MVZ,09c4287e-e6d5-4552-a07f-bff8a00833d8,MX,Puebla,1975,1975-08-09,"cdc,cdround,incomis,inmafu"
5147282834,Pseudoeurycea leprosa,"Pseudoeurycea leprosa (Cope, 1869)",-98.102778,19.240833,8256,PRESERVED_SPECIMEN,MVZ,09c4287e-e6d5-4552-a07f-bff8a00833d8,MX,Puebla,1975,1975-08-09,"cdc,cdround,incomis,inmafu"
5147282835,Pseudoeurycea leprosa,"Pseudoeurycea leprosa (Cope, 1869)",-98.102778,19.240833,8256,PRESERVED_SPECIMEN,MVZ,09c4287e-e6d5-4552-a07f-bff8a00833d8,MX,Puebla,1975,1975-08-09,"cdc,cdround,incomis,inmafu"
5147282836,Pseudoeurycea leprosa,"Pseudoeurycea leprosa (Cope, 1869)",-98.102778,19.240833,8256,PRESERVED_SPECIMEN,MVZ,09c4287e-e6d5-4552-a07f-bff8a00833d8,MX,Puebla,1975,1975-08-09,"cdc,cdround,incomis,inmafu"
5147386831,Pseudoeurycea leprosa,"Pseudoeurycea leprosa (Cope, 1869)",-98.102778,19.240833,8256,PRESERVED_SPECIMEN,MVZ,09c4287e-e6d5-4552-a07f-bff8a00833d8,MX,Puebla,1975,1975-08-09,"cdc,cdround,incomis,inmafu"
5147386832,Pseudoeurycea leprosa,"Pseudoeurycea leprosa (Cope, 1869)",-98.102778,19.240833,8256,PRESERVED_SPECIMEN,MVZ,09c4287e-e6d5-4552-a07f-bff8a00833d8,MX,Puebla,1975,1975-08-09,"cdc,cdround,incomis,inmafu"
5147387833,Pseudoeurycea leprosa,"Pseudoeurycea leprosa (Cope, 1869)",-98.102778,19.240833,8256,PRESERVED_SPECIMEN,MVZ,09c4287e-e6d5-4552-a07f-bff8a00833d8,MX,Puebla,1975,1975-08-09,"cdc,cdround,incomis,inmafu"
5147387834,Pseudoeurycea leprosa,"Pseudoeurycea leprosa (Cope, 1869)",-98.102778,19.240833,8256,PRESERVED_SPECIMEN,MVZ,09c4287e-e6d5-4552-a07f-bff8a00833d8,MX,Puebla,1975,1975-08-09,"cdc,cdround,incomis,inmafu"
5147387835,Pseudoeurycea leprosa,"Pseudoeurycea leprosa (Cope, 1869)",-98.102778,19.240833,8256,PRESERVED_SPECIMEN,MVZ,09c4287e-e6d5-4552-a07f-bff8a00833d8,MX,Puebla,1975,1975-08-09,"cdc,cdround,incomis,inmafu"
5147387836,Pseudoeurycea leprosa,"Pseudoeurycea leprosa (Cope, 1869)",-98.102778,19.240833,8256,PRESERVED_SPECIMEN,MVZ,09c4287e-e6d5-4552-a07f-bff8a00833d8,MX,Puebla,1975,1975-08-09,"cdc,cdround,incomis,inmafu"
5147387837,Pseudoeurycea leprosa,"Pseudoeurycea leprosa (Cope, 1869)",-98.102778,19.240833,8256,PRESERVED_SPECIMEN,MVZ,09c4287e-e6d5-4552-a07f-bff8a00833d8,MX,Puebla,1975,1975-08-09,"cdc,cdround,incomis,inmafu"
5147390833,Pseudoeurycea leprosa,"Pseudoeurycea leprosa (Cope, 1869)",-98.102778,19.240833,8256,PRESERVED_SPECIMEN,MVZ,09c4287e-e6d5-4552-a07f-bff8a00833d8,MX,Puebla,1975,1975-08-09,"cdc,cdround,incomis,inmafu"
5147390834,Pseudoeurycea leprosa,"Pseudoeurycea leprosa (Cope, 1869)",-98.102778,19.240833,8256,PRESERVED_SPECIMEN,MVZ,09c4287e-e6d5-4552-a07f-bff8a00833d8,MX,Puebla,1975,1975-08-09,"cdc,cdround,incomis,inmafu"
5147390835,Pseudoeurycea leprosa,"Pseudoeurycea leprosa (Cope, 1869)",-98.102778,19.240833,8256,PRESERVED_SPECIMEN,MVZ,09c4287e-e6d5-4552-a07f-bff8a00833d8,MX,Puebla,1975,1975-08-09,"cdc,cdround,incomis,inmafu"
5147390836,Pseudoeurycea leprosa,"Pseudoeurycea leprosa (Cope, 1869)",-98.102778,19.240833,8256,PRESERVED_SPECIMEN,MVZ,09c4287e-e6d5-4552-a07f-bff8a00833d8,MX,Puebla,1975,1975-08-09,"cdc,cdround,incomis,inmafu"
5147390837,Pseudoeurycea leprosa,"Pseudoeurycea leprosa (Cope, 1869)",-98.102778,19.240833,8256,PRESERVED_SPECIMEN,MVZ,09c4287e-e6d5-4552-a07f-bff8a00833d8,MX,Puebla,1975,1975-08-09,"cdc,cdround,incomis,inmafu"
5147392831,Pseudoeurycea leprosa,"Pseudoeurycea leprosa (Cope, 1869)",-98.102778,19.240833,8256,PRESERVED_SPECIMEN,MVZ,09c4287e-e6d5-4552-a07f-bff8a00833d8,MX,Puebla,1975,1975-08-09,"cdc,cdround,incomis,inmafu"
5147392832,Pseudoeurycea leprosa,"Pseudoeurycea leprosa (Cope, 1869)",-98.102778,19.240833,8256,PRESERVED_SPECIMEN,MVZ,09c4287e-e6d5-4552-a07f-bff8a00833d8,MX,Puebla,1975,1975-08-09,"cdc,cdround,incomis,inmafu"
5147402831,Pseudoeurycea leprosa,"Pseudoeurycea leprosa (Cope, 1869)",-98.102778,19.240833,8256,PRESERVED_SPECIMEN,MVZ,09c4287e-e6d5-4552-a07f-bff8a00833d8,MX,Puebla,1975,1975-08-09,"cdc,cdround,incomis,inmafu"
5147402832,Pseudoeurycea leprosa,"Pseudoeurycea leprosa (Cope, 1869)",-98.102778,19.240833,8256,PRESERVED_SPECIMEN,MVZ,09c4287e-e6d5-4552-a07f-bff8a00833d8,MX,Puebla,1975,1975-08-09,"cdc,cdround,incomis,inmafu"
5147480832,Pseudoeurycea leprosa,"Pseudoeurycea leprosa (Cope, 1869)",-98.102778,19.240833,8256,PRESERVED_SPECIMEN,MVZ,09c4287e-e6d5-4552-a07f-bff8a00833d8,MX,Puebla,1975,1975-08-09,"cdc,cdround,incomis,inmafu"
5147480833,Pseudoeurycea leprosa,"Pseudoeurycea leprosa (Cope, 1869)",-98.102778,19.240833,8256,PRESERVED_SPECIMEN,MVZ,09c4287e-e6d5-4552-a07f-bff8a00833d8,MX,Puebla,1975,1975-08-09,"cdc,cdround,incomis,inmafu"
5147482836,Pseudoeurycea leprosa,"Pseudoeurycea leprosa (Cope, 1869)",-98.102778,19.240833,8256,PRESERVED_SPECIMEN,MVZ,09c4287e-e6d5-4552-a07f-bff8a00833d8,MX,Puebla,1975,1975-08-09,"cdc,cdround,incomis,inmafu"
5147482837,Pseudoeurycea leprosa,"Pseudoeurycea leprosa (Cope, 1869)",-98.102778,19.240833,8256,PRESERVED_SPECIMEN,MVZ,09c4287e-e6d5-4552-a07f-bff8a00833d8,MX,Puebla,1975,1975-08-09,"cdc,cdround,incomis,inmafu"
5147482838,Pseudoeurycea leprosa,"Pseudoeurycea leprosa (Cope, 1869)",-98.102778,19.240833,8256,PRESERVED_SPECIMEN,MVZ,09c4287e-e6d5-4552-a07f-bff8a00833d8,MX,Puebla,1975,1975-08-09,"cdc,cdround,incomis,inmafu"
5147483835,Pseudoeurycea leprosa,"Pseudoeurycea leprosa (Cope, 1869)",-98.102778,19.240833,8256,PRESERVED_SPECIMEN,MVZ,09c4287e-e6d5-4552-a07f-bff8a00833d8,MX,Puebla,1975,1975-08-09,"cdc,cdround,incomis,inmafu"
5147483836,Pseudoeurycea leprosa,"Pseudoeurycea leprosa (Cope, 1869)",-98.102778,19.240833,8256,PRESERVED_SPECIMEN,MVZ,09c4287e-e6d5-4552-a07f-bff8a00833d8,MX,Puebla,1975,1975-08-09,"cdc,cdround,incomis,inmafu"
5147483837,Pseudoeurycea leprosa,"Pseudoeurycea leprosa (Cope, 1869)",-98.102778,19.240833,8256,PRESERVED_SPECIMEN,MVZ,09c4287e-e6d5-4552-a07f-bff8a00833d8,MX,Puebla,1975,1975-08-09,"cdc,cdround,incomis,inmafu"
5147485833,Pseudoeurycea leprosa,"Pseudoeurycea leprosa (Cope, 1869)",-98.102778,19.240833,8256,PRESERVED_SPECIMEN,MVZ,09c4287e-e6d5-4552-a07f-bff8a00833d8,MX,Puebla,1975,1975-08-09,"cdc,cdround,incomis,inmafu"
5147485834,Pseudoeurycea leprosa,"Pseudoeurycea leprosa (Cope, 1869)",-98.102778,19.240833,8256,PRESERVED_SPECIMEN,MVZ,09c4287e-e6d5-4552-a07f-bff8a00833d8,MX,Puebla,1975,1975-08-09,"cdc,cdround,incomis,inmafu"
5147485835,Pseudoeurycea leprosa,"Pseudoeurycea leprosa (Cope, 1869)",-98.102778,19.240833,8256,PRESERVED_SPECIMEN,MVZ,09c4287e-e6d5-4552-a07f-bff8a00833d8,MX,Puebla,1975,1975-08-09,"cdc,cdround,incomis,inmafu"
1317230836,Pseudoeurycea leprosa,"Pseudoeurycea leprosa (Cope, 1869)",-97.2802,18.9484,NA,PRESERVED_SPECIMEN,USNM,821cc27a-e3bb-4bc5-ac34-89ada245069d,MX,Puebla,1975,1975-09-03,"gass84,osiic"
1317425092,Pseudoeurycea leprosa,"Pseudoeurycea leprosa (Cope, 1869)",-97.2802,18.9484,NA,PRESERVED_SPECIMEN,USNM,821cc27a-e3bb-4bc5-ac34-89ada245069d,MX,Puebla,1975,1975-09-03,"gass84,osiic"
1317622107,Pseudoeurycea leprosa,"Pseudoeurycea leprosa (Cope, 1869)",-97.2802,18.9484,NA,PRESERVED_SPECIMEN,USNM,821cc27a-e3bb-4bc5-ac34-89ada245069d,MX,Puebla,1975,1975-09-03,"gass84,osiic"
1317731795,Pseudoeurycea leprosa,"Pseudoeurycea leprosa (Cope, 1869)",-97.2802,18.9484,NA,PRESERVED_SPECIMEN,USNM,821cc27a-e3bb-4bc5-ac34-89ada245069d,MX,Puebla,1975,1975-09-03,"gass84,osiic"
1317946011,Pseudoeurycea leprosa,"Pseudoeurycea leprosa (Cope, 1869)",-97.2802,18.9484,NA,PRESERVED_SPECIMEN,USNM,821cc27a-e3bb-4bc5-ac34-89ada245069d,MX,Puebla,1975,1975-09-03,"gass84,osiic"
1317949729,Pseudoeurycea leprosa,"Pseudoeurycea leprosa (Cope, 1869)",-97.2802,18.9484,NA,PRESERVED_SPECIMEN,USNM,821cc27a-e3bb-4bc5-ac34-89ada245069d,MX,Puebla,1975,1975-09-03,"gass84,osiic"
1317958820,Pseudoeurycea leprosa,"Pseudoeurycea leprosa (Cope, 1869)",-97.2802,18.9484,NA,PRESERVED_SPECIMEN,USNM,821cc27a-e3bb-4bc5-ac34-89ada245069d,MX,Puebla,1975,1975-09-03,"gass84,osiic"
1318044210,Pseudoeurycea leprosa,"Pseudoeurycea leprosa (Cope, 1869)",-97.2802,18.9484,NA,PRESERVED_SPECIMEN,USNM,821cc27a-e3bb-4bc5-ac34-89ada245069d,MX,Puebla,1975,1975-09-03,"gass84,osiic"
1318192509,Pseudoeurycea leprosa,"Pseudoeurycea leprosa (Cope, 1869)",-97.2802,18.9484,NA,PRESERVED_SPECIMEN,USNM,821cc27a-e3bb-4bc5-ac34-89ada245069d,MX,Puebla,1975,1975-09-03,"gass84,osiic"
1318204764,Pseudoeurycea leprosa,"Pseudoeurycea leprosa (Cope, 1869)",-97.2802,18.9484,NA,PRESERVED_SPECIMEN,USNM,821cc27a-e3bb-4bc5-ac34-89ada245069d,MX,Puebla,1975,1975-09-03,"gass84,osiic"
1318326957,Pseudoeurycea leprosa,"Pseudoeurycea leprosa (Cope, 1869)",-97.2802,18.9484,NA,PRESERVED_SPECIMEN,USNM,821cc27a-e3bb-4bc5-ac34-89ada245069d,MX,Puebla,1975,1975-09-03,"gass84,osiic"
1318496131,Pseudoeurycea leprosa,"Pseudoeurycea leprosa (Cope, 1869)",-97.2802,18.9484,NA,PRESERVED_SPECIMEN,USNM,821cc27a-e3bb-4bc5-ac34-89ada245069d,MX,Puebla,1975,1975-09-03,"gass84,osiic"
1318575021,Pseudoeurycea leprosa,"Pseudoeurycea leprosa (Cope, 1869)",-97.2802,18.9484,NA,PRESERVED_SPECIMEN,USNM,821cc27a-e3bb-4bc5-ac34-89ada245069d,MX,Puebla,1975,1975-09-03,"gass84,osiic"
1318580053,Pseudoeurycea leprosa,"Pseudoeurycea leprosa (Cope, 1869)",-97.2802,18.9484,NA,PRESERVED_SPECIMEN,USNM,821cc27a-e3bb-4bc5-ac34-89ada245069d,MX,Puebla,1975,1975-09-03,"gass84,osiic"
1318647328,Pseudoeurycea leprosa,"Pseudoeurycea leprosa (Cope, 1869)",-97.2802,18.9484,NA,PRESERVED_SPECIMEN,USNM,821cc27a-e3bb-4bc5-ac34-89ada245069d,MX,Puebla,1975,1975-09-03,"gass84,osiic"
1319018515,Pseudoeurycea leprosa,"Pseudoeurycea leprosa (Cope, 1869)",-97.2802,18.9484,NA,PRESERVED_SPECIMEN,USNM,821cc27a-e3bb-4bc5-ac34-89ada245069d,MX,Puebla,1975,1975-09-03,"gass84,osiic"
1319082757,Pseudoeurycea leprosa,"Pseudoeurycea leprosa (Cope, 1869)",-97.2802,18.9484,NA,PRESERVED_SPECIMEN,USNM,821cc27a-e3bb-4bc5-ac34-89ada245069d,MX,Puebla,1975,1975-09-03,"gass84,osiic"
1319129655,Pseudoeurycea leprosa,"Pseudoeurycea leprosa (Cope, 1869)",-97.2802,18.9484,NA,PRESERVED_SPECIMEN,USNM,821cc27a-e3bb-4bc5-ac34-89ada245069d,MX,Puebla,1975,1975-09-03,"gass84,osiic"
1319203539,Pseudoeurycea leprosa,"Pseudoeurycea leprosa (Cope, 1869)",-97.2802,18.9484,NA,PRESERVED_SPECIMEN,USNM,821cc27a-e3bb-4bc5-ac34-89ada245069d,MX,Puebla,1975,1975-09-03,"gass84,osiic"
1319239728,Pseudoeurycea leprosa,"Pseudoeurycea leprosa (Cope, 1869)",-97.2802,18.9484,NA,PRESERVED_SPECIMEN,USNM,821cc27a-e3bb-4bc5-ac34-89ada245069d,MX,Puebla,1975,1975-09-03,"gass84,osiic"
1319280977,Pseudoeurycea leprosa,"Pseudoeurycea leprosa (Cope, 1869)",-97.2802,18.9484,NA,PRESERVED_SPECIMEN,USNM,821cc27a-e3bb-4bc5-ac34-89ada245069d,MX,Puebla,1975,1975-09-03,"gass84,osiic"
1319312517,Pseudoeurycea leprosa,"Pseudoeurycea leprosa (Cope, 1869)",-97.2802,18.9484,NA,PRESERVED_SPECIMEN,USNM,821cc27a-e3bb-4bc5-ac34-89ada245069d,MX,Puebla,1975,1975-09-03,"gass84,osiic"
1319357076,Pseudoeurycea leprosa,"Pseudoeurycea leprosa (Cope, 1869)",-97.2802,18.9484,NA,PRESERVED_SPECIMEN,USNM,821cc27a-e3bb-4bc5-ac34-89ada245069d,MX,Puebla,1975,1975-09-03,"gass84,osiic"
1319363653,Pseudoeurycea leprosa,"Pseudoeurycea leprosa (Cope, 1869)",-97.2802,18.9484,NA,PRESERVED_SPECIMEN,USNM,821cc27a-e3bb-4bc5-ac34-89ada245069d,MX,Puebla,1975,1975-09-03,"gass84,osiic"
1319413520,Pseudoeurycea leprosa,"Pseudoeurycea leprosa (Cope, 1869)",-97.2802,18.9484,NA,PRESERVED_SPECIMEN,USNM,821cc27a-e3bb-4bc5-ac34-89ada245069d,MX,Puebla,1975,1975-09-03,"gass84,osiic"
1319494030,Pseudoeurycea leprosa,"Pseudoeurycea leprosa (Cope, 1869)",-97.2802,18.9484,NA,PRESERVED_SPECIMEN,USNM,821cc27a-e3bb-4bc5-ac34-89ada245069d,MX,Puebla,1975,1975-09-03,"gass84,osiic"
1319721830,Pseudoeurycea leprosa,"Pseudoeurycea leprosa (Cope, 1869)",-97.2802,18.9484,NA,PRESERVED_SPECIMEN,USNM,821cc27a-e3bb-4bc5-ac34-89ada245069d,MX,Puebla,1975,1975-09-03,"gass84,osiic"
1319769406,Pseudoeurycea leprosa,"Pseudoeurycea leprosa (Cope, 1869)",-97.2802,18.9484,NA,PRESERVED_SPECIMEN,USNM,821cc27a-e3bb-4bc5-ac34-89ada245069d,MX,Puebla,1975,1975-09-03,"gass84,osiic"
1319970616,Pseudoeurycea leprosa,"Pseudoeurycea leprosa (Cope, 1869)",-97.2802,18.9484,NA,PRESERVED_SPECIMEN,USNM,821cc27a-e3bb-4bc5-ac34-89ada245069d,MX,Puebla,1975,1975-09-03,"gass84,osiic"
1320004366,Pseudoeurycea leprosa,"Pseudoeurycea leprosa (Cope, 1869)",-97.2802,18.9484,NA,PRESERVED_SPECIMEN,USNM,821cc27a-e3bb-4bc5-ac34-89ada245069d,MX,Puebla,1975,1975-09-03,"gass84,osiic"
1320028089,Pseudoeurycea leprosa,"Pseudoeurycea leprosa (Cope, 1869)",-97.2802,18.9484,NA,PRESERVED_SPECIMEN,USNM,821cc27a-e3bb-4bc5-ac34-89ada245069d,MX,Puebla,1975,1975-09-03,"gass84,osiic"
1320054287,Pseudoeurycea leprosa,"Pseudoeurycea leprosa (Cope, 1869)",-97.2802,18.9484,NA,PRESERVED_SPECIMEN,USNM,821cc27a-e3bb-4bc5-ac34-89ada245069d,MX,Puebla,1975,1975-09-03,"gass84,osiic"
1320067494,Pseudoeurycea leprosa,"Pseudoeurycea leprosa (Cope, 1869)",-97.2802,18.9484,NA,PRESERVED_SPECIMEN,USNM,821cc27a-e3bb-4bc5-ac34-89ada245069d,MX,Puebla,1975,1975-09-03,"gass84,osiic"
1320082507,Pseudoeurycea leprosa,"Pseudoeurycea leprosa (Cope, 1869)",-97.2802,18.9484,NA,PRESERVED_SPECIMEN,USNM,821cc27a-e3bb-4bc5-ac34-89ada245069d,MX,Puebla,1975,1975-09-03,"gass84,osiic"
1320280800,Pseudoeurycea leprosa,"Pseudoeurycea leprosa (Cope, 1869)",-97.2802,18.9484,NA,PRESERVED_SPECIMEN,USNM,821cc27a-e3bb-4bc5-ac34-89ada245069d,MX,Puebla,1975,1975-09-03,"gass84,osiic"
1320283256,Pseudoeurycea leprosa,"Pseudoeurycea leprosa (Cope, 1869)",-97.2802,18.9484,NA,PRESERVED_SPECIMEN,USNM,821cc27a-e3bb-4bc5-ac34-89ada245069d,MX,Puebla,1975,1975-09-03,"gass84,osiic"
1320370777,Pseudoeurycea leprosa,"Pseudoeurycea leprosa (Cope, 1869)",-97.2802,18.9484,NA,PRESERVED_SPECIMEN,USNM,821cc27a-e3bb-4bc5-ac34-89ada245069d,MX,Puebla,1975,1975-09-03,"gass84,osiic"
1320405158,Pseudoeurycea leprosa,"Pseudoeurycea leprosa (Cope, 1869)",-97.2802,18.9484,NA,PRESERVED_SPECIMEN,USNM,821cc27a-e3bb-4bc5-ac34-89ada245069d,MX,Puebla,1975,1975-09-03,"gass84,osiic"
1320422099,Pseudoeurycea leprosa,"Pseudoeurycea leprosa (Cope, 1869)",-97.2802,18.9484,NA,PRESERVED_SPECIMEN,USNM,821cc27a-e3bb-4bc5-ac34-89ada245069d,MX,Puebla,1975,1975-09-03,"gass84,osiic"
1320425649,Pseudoeurycea leprosa,"Pseudoeurycea leprosa (Cope, 1869)",-97.2802,18.9484,NA,PRESERVED_SPECIMEN,USNM,821cc27a-e3bb-4bc5-ac34-89ada245069d,MX,Puebla,1975,1975-09-03,"gass84,osiic"
1320443048,Pseudoeurycea leprosa,"Pseudoeurycea leprosa (Cope, 1869)",-97.2802,18.9484,NA,PRESERVED_SPECIMEN,USNM,821cc27a-e3bb-4bc5-ac34-89ada245069d,MX,Puebla,1975,1975-09-03,"gass84,osiic"
1320447069,Pseudoeurycea leprosa,"Pseudoeurycea leprosa (Cope, 1869)",-97.2802,18.9484,NA,PRESERVED_SPECIMEN,USNM,821cc27a-e3bb-4bc5-ac34-89ada245069d,MX,Puebla,1975,1975-09-03,"gass84,osiic"
1320484557,Pseudoeurycea leprosa,"Pseudoeurycea leprosa (Cope, 1869)",-97.2802,18.9484,NA,PRESERVED_SPECIMEN,USNM,821cc27a-e3bb-4bc5-ac34-89ada245069d,MX,Puebla,1975,1975-09-03,"gass84,osiic"
1320532562,Pseudoeurycea leprosa,"Pseudoeurycea leprosa (Cope, 1869)",-97.2802,18.9484,NA,PRESERVED_SPECIMEN,USNM,821cc27a-e3bb-4bc5-ac34-89ada245069d,MX,Puebla,1975,1975-09-03,"gass84,osiic"
1320600495,Pseudoeurycea leprosa,"Pseudoeurycea leprosa (Cope, 1869)",-97.2802,18.9484,NA,PRESERVED_SPECIMEN,USNM,821cc27a-e3bb-4bc5-ac34-89ada245069d,MX,Puebla,1975,1975-09-03,"gass84,osiic"
1320613830,Pseudoeurycea leprosa,"Pseudoeurycea leprosa (Cope, 1869)",-97.2802,18.9484,NA,PRESERVED_SPECIMEN,USNM,821cc27a-e3bb-4bc5-ac34-89ada245069d,MX,Puebla,1975,1975-09-03,"gass84,osiic"
1320630141,Pseudoeurycea leprosa,"Pseudoeurycea leprosa (Cope, 1869)",-97.2802,18.9484,NA,PRESERVED_SPECIMEN,USNM,821cc27a-e3bb-4bc5-ac34-89ada245069d,MX,Puebla,1975,1975-09-03,"gass84,osiic"
1320693839,Pseudoeurycea leprosa,"Pseudoeurycea leprosa (Cope, 1869)",-97.2802,18.9484,NA,PRESERVED_SPECIMEN,USNM,821cc27a-e3bb-4bc5-ac34-89ada245069d,MX,Puebla,1975,1975-09-03,"gass84,osiic"
1320765200,Pseudoeurycea leprosa,"Pseudoeurycea leprosa (Cope, 1869)",-97.2802,18.9484,NA,PRESERVED_SPECIMEN,USNM,821cc27a-e3bb-4bc5-ac34-89ada245069d,MX,Puebla,1975,1975-09-03,"gass84,osiic"
1320890668,Pseudoeurycea leprosa,"Pseudoeurycea leprosa (Cope, 1869)",-97.2802,18.9484,NA,PRESERVED_SPECIMEN,USNM,821cc27a-e3bb-4bc5-ac34-89ada245069d,MX,Puebla,1975,1975-09-03,"gass84,osiic"
1320912416,Pseudoeurycea leprosa,"Pseudoeurycea leprosa (Cope, 1869)",-97.2802,18.9484,NA,PRESERVED_SPECIMEN,USNM,821cc27a-e3bb-4bc5-ac34-89ada245069d,MX,Puebla,1975,1975-09-03,"gass84,osiic"
1320939045,Pseudoeurycea leprosa,"Pseudoeurycea leprosa (Cope, 1869)",-97.2802,18.9484,NA,PRESERVED_SPECIMEN,USNM,821cc27a-e3bb-4bc5-ac34-89ada245069d,MX,Puebla,1975,1975-09-03,"gass84,osiic"
1321031061,Pseudoeurycea leprosa,"Pseudoeurycea leprosa (Cope, 1869)",-97.2802,18.9484,NA,PRESERVED_SPECIMEN,USNM,821cc27a-e3bb-4bc5-ac34-89ada245069d,MX,Puebla,1975,1975-09-03,"gass84,osiic"
1321039299,Pseudoeurycea leprosa,"Pseudoeurycea leprosa (Cope, 1869)",-97.2802,18.9484,NA,PRESERVED_SPECIMEN,USNM,821cc27a-e3bb-4bc5-ac34-89ada245069d,MX,Puebla,1975,1975-09-03,"gass84,osiic"
1321213780,Pseudoeurycea leprosa,"Pseudoeurycea leprosa (Cope, 1869)",-97.2802,18.9484,NA,PRESERVED_SPECIMEN,USNM,821cc27a-e3bb-4bc5-ac34-89ada245069d,MX,Puebla,1975,1975-09-03,"gass84,osiic"
1321233730,Pseudoeurycea leprosa,"Pseudoeurycea leprosa (Cope, 1869)",-97.2802,18.9484,NA,PRESERVED_SPECIMEN,USNM,821cc27a-e3bb-4bc5-ac34-89ada245069d,MX,Puebla,1975,1975-09-03,"gass84,osiic"
1321276130,Pseudoeurycea leprosa,"Pseudoeurycea leprosa (Cope, 1869)",-97.2802,18.9484,NA,PRESERVED_SPECIMEN,USNM,821cc27a-e3bb-4bc5-ac34-89ada245069d,MX,Puebla,1975,1975-09-03,"gass84,osiic"
1321398813,Pseudoeurycea leprosa,"Pseudoeurycea leprosa (Cope, 1869)",-97.2802,18.9484,NA,PRESERVED_SPECIMEN,USNM,821cc27a-e3bb-4bc5-ac34-89ada245069d,MX,Puebla,1975,1975-09-03,"gass84,osiic"
1321463524,Pseudoeurycea leprosa,"Pseudoeurycea leprosa (Cope, 1869)",-97.2802,18.9484,NA,PRESERVED_SPECIMEN,USNM,821cc27a-e3bb-4bc5-ac34-89ada245069d,MX,Puebla,1975,1975-09-03,"gass84,osiic"
1321472254,Pseudoeurycea leprosa,"Pseudoeurycea leprosa (Cope, 1869)",-97.2802,18.9484,NA,PRESERVED_SPECIMEN,USNM,821cc27a-e3bb-4bc5-ac34-89ada245069d,MX,Puebla,1975,1975-09-03,"gass84,osiic"
1321490352,Pseudoeurycea leprosa,"Pseudoeurycea leprosa (Cope, 1869)",-97.2802,18.9484,NA,PRESERVED_SPECIMEN,USNM,821cc27a-e3bb-4bc5-ac34-89ada245069d,MX,Puebla,1975,1975-09-03,"gass84,osiic"
1321528659,Pseudoeurycea leprosa,"Pseudoeurycea leprosa (Cope, 1869)",-97.2802,18.9484,NA,PRESERVED_SPECIMEN,USNM,821cc27a-e3bb-4bc5-ac34-89ada245069d,MX,Puebla,1975,1975-09-03,"gass84,osiic"
1321600246,Pseudoeurycea leprosa,"Pseudoeurycea leprosa (Cope, 1869)",-97.2802,18.9484,NA,PRESERVED_SPECIMEN,USNM,821cc27a-e3bb-4bc5-ac34-89ada245069d,MX,Puebla,1975,1975-09-03,"gass84,osiic"
1321623019,Pseudoeurycea leprosa,"Pseudoeurycea leprosa (Cope, 1869)",-97.2802,18.9484,NA,PRESERVED_SPECIMEN,USNM,821cc27a-e3bb-4bc5-ac34-89ada245069d,MX,Puebla,1975,1975-09-03,"gass84,osiic"
1321771607,Pseudoeurycea leprosa,"Pseudoeurycea leprosa (Cope, 1869)",-97.2802,18.9484,NA,PRESERVED_SPECIMEN,USNM,821cc27a-e3bb-4bc5-ac34-89ada245069d,MX,Puebla,1975,1975-09-03,"gass84,osiic"
1322070478,Pseudoeurycea leprosa,"Pseudoeurycea leprosa (Cope, 1869)",-97.2802,18.9484,NA,PRESERVED_SPECIMEN,USNM,821cc27a-e3bb-4bc5-ac34-89ada245069d,MX,Puebla,1975,1975-09-03,"gass84,osiic"
1322175116,Pseudoeurycea leprosa,"Pseudoeurycea leprosa (Cope, 1869)",-97.2802,18.9484,NA,PRESERVED_SPECIMEN,USNM,821cc27a-e3bb-4bc5-ac34-89ada245069d,MX,Puebla,1975,1975-09-03,"gass84,osiic"
1322205320,Pseudoeurycea leprosa,"Pseudoeurycea leprosa (Cope, 1869)",-97.2802,18.9484,NA,PRESERVED_SPECIMEN,USNM,821cc27a-e3bb-4bc5-ac34-89ada245069d,MX,Puebla,1975,1975-09-03,"gass84,osiic"
1322224197,Pseudoeurycea leprosa,"Pseudoeurycea leprosa (Cope, 1869)",-97.2802,18.9484,NA,PRESERVED_SPECIMEN,USNM,821cc27a-e3bb-4bc5-ac34-89ada245069d,MX,Puebla,1975,1975-09-03,"gass84,osiic"
1322651371,Pseudoeurycea leprosa,"Pseudoeurycea leprosa (Cope, 1869)",-97.2802,18.9484,NA,PRESERVED_SPECIMEN,USNM,821cc27a-e3bb-4bc5-ac34-89ada245069d,MX,Puebla,1975,1975-09-03,"gass84,osiic"
1322684499,Pseudoeurycea leprosa,"Pseudoeurycea leprosa (Cope, 1869)",-97.2802,18.9484,NA,PRESERVED_SPECIMEN,USNM,821cc27a-e3bb-4bc5-ac34-89ada245069d,MX,Puebla,1975,1975-09-03,"gass84,osiic"
1322705529,Pseudoeurycea leprosa,"Pseudoeurycea leprosa (Cope, 1869)",-97.2802,18.9484,NA,PRESERVED_SPECIMEN,USNM,821cc27a-e3bb-4bc5-ac34-89ada245069d,MX,Puebla,1975,1975-09-03,"gass84,osiic"
1322786280,Pseudoeurycea leprosa,"Pseudoeurycea leprosa (Cope, 1869)",-97.2802,18.9484,NA,PRESERVED_SPECIMEN,USNM,821cc27a-e3bb-4bc5-ac34-89ada245069d,MX,Puebla,1975,1975-09-03,"gass84,osiic"
1322815008,Pseudoeurycea leprosa,"Pseudoeurycea leprosa (Cope, 1869)",-97.2802,18.9484,NA,PRESERVED_SPECIMEN,USNM,821cc27a-e3bb-4bc5-ac34-89ada245069d,MX,Puebla,1975,1975-09-03,"gass84,osiic"
1322887969,Pseudoeurycea leprosa,"Pseudoeurycea leprosa (Cope, 1869)",-97.2802,18.9484,NA,PRESERVED_SPECIMEN,USNM,821cc27a-e3bb-4bc5-ac34-89ada245069d,MX,Puebla,1975,1975-09-03,"gass84,osiic"
1322942206,Pseudoeurycea leprosa,"Pseudoeurycea leprosa (Cope, 1869)",-97.2802,18.9484,NA,PRESERVED_SPECIMEN,USNM,821cc27a-e3bb-4bc5-ac34-89ada245069d,MX,Puebla,1975,1975-09-03,"gass84,osiic"
5147057311,Pseudoeurycea leprosa,"Pseudoeurycea leprosa (Cope, 1869)",-97.287222,18.942222,2172,PRESERVED_SPECIMEN,MVZ,09c4287e-e6d5-4552-a07f-bff8a00833d8,MX,Puebla,1975,1975-09-03,"cdc,cdround,incomis,inmafu"
5147429310,Pseudoeurycea leprosa,"Pseudoeurycea leprosa (Cope, 1869)",-97.287222,18.942222,2172,PRESERVED_SPECIMEN,MVZ,09c4287e-e6d5-4552-a07f-bff8a00833d8,MX,Puebla,1975,1975-09-03,"cdc,cdround,incomis,inmafu"
5147024073,Pseudoeurycea leprosa,"Pseudoeurycea leprosa (Cope, 1869)",-97.190556,18.975,1672,PRESERVED_SPECIMEN,MVZ,09c4287e-e6d5-4552-a07f-bff8a00833d8,MX,Veracruz,1974,1974-01-22,"cdc,cdround,incomis,inmafu"
5147025064,Pseudoeurycea leprosa,"Pseudoeurycea leprosa (Cope, 1869)",-97.190556,18.975,1672,PRESERVED_SPECIMEN,MVZ,09c4287e-e6d5-4552-a07f-bff8a00833d8,MX,Veracruz,1974,1974-01-22,"cdc,cdround,incomis,inmafu"
5147027066,Pseudoeurycea leprosa,"Pseudoeurycea leprosa (Cope, 1869)",-97.113056,19.583333,1142,PRESERVED_SPECIMEN,MVZ,09c4287e-e6d5-4552-a07f-bff8a00833d8,MX,Veracruz,1974,1974-01-18,"cdc,cdround,incomis,inmafu"
5147028066,Pseudoeurycea leprosa,"Pseudoeurycea leprosa (Cope, 1869)",-97.190556,18.975,1672,PRESERVED_SPECIMEN,MVZ,09c4287e-e6d5-4552-a07f-bff8a00833d8,MX,Veracruz,1974,1974-01-22,"cdc,cdround,incomis,inmafu"
5147028067,Pseudoeurycea leprosa,"Pseudoeurycea leprosa (Cope, 1869)",-97.190556,18.975,1672,PRESERVED_SPECIMEN,MVZ,09c4287e-e6d5-4552-a07f-bff8a00833d8,MX,Veracruz,1974,1974-01-22,"cdc,cdround,incomis,inmafu"
5147142066,Pseudoeurycea leprosa,"Pseudoeurycea leprosa (Cope, 1869)",-97.190556,18.975,1672,PRESERVED_SPECIMEN,MVZ,09c4287e-e6d5-4552-a07f-bff8a00833d8,MX,Veracruz,1974,1974-01-22,"cdc,cdround,incomis,inmafu"
5147144069,Pseudoeurycea leprosa,"Pseudoeurycea leprosa (Cope, 1869)",-97.190556,18.975,1672,PRESERVED_SPECIMEN,MVZ,09c4287e-e6d5-4552-a07f-bff8a00833d8,MX,Veracruz,1974,1974-01-22,"cdc,cdround,incomis,inmafu"
5147146066,Pseudoeurycea leprosa,"Pseudoeurycea leprosa (Cope, 1869)",-97.190556,18.975,1672,PRESERVED_SPECIMEN,MVZ,09c4287e-e6d5-4552-a07f-bff8a00833d8,MX,Veracruz,1974,1974-01-22,"cdc,cdround,incomis,inmafu"
5147148065,Pseudoeurycea leprosa,"Pseudoeurycea leprosa (Cope, 1869)",-97.092778,19.587778,2042,PRESERVED_SPECIMEN,MVZ,09c4287e-e6d5-4552-a07f-bff8a00833d8,MX,Veracruz,1974,1974-01-18,"cdc,cdround,incomis,inmafu"
5147149067,Pseudoeurycea leprosa,"Pseudoeurycea leprosa (Cope, 1869)",-97.113056,19.583333,1142,PRESERVED_SPECIMEN,MVZ,09c4287e-e6d5-4552-a07f-bff8a00833d8,MX,Veracruz,1974,1974-01-18,"cdc,cdround,incomis,inmafu"
5147262066,Pseudoeurycea leprosa,"Pseudoeurycea leprosa (Cope, 1869)",-97.190556,18.975,1672,PRESERVED_SPECIMEN,MVZ,09c4287e-e6d5-4552-a07f-bff8a00833d8,MX,Veracruz,1974,1974-01-22,"cdc,cdround,incomis,inmafu"
5147262067,Pseudoeurycea leprosa,"Pseudoeurycea leprosa (Cope, 1869)",-97.190556,18.975,1672,PRESERVED_SPECIMEN,MVZ,09c4287e-e6d5-4552-a07f-bff8a00833d8,MX,Veracruz,1974,1974-01-22,"cdc,cdround,incomis,inmafu"
5147265064,Pseudoeurycea leprosa,"Pseudoeurycea leprosa (Cope, 1869)",-97.190556,18.975,1672,PRESERVED_SPECIMEN,MVZ,09c4287e-e6d5-4552-a07f-bff8a00833d8,MX,Veracruz,1974,1974-01-22,"cdc,cdround,incomis,inmafu"
5147265065,Pseudoeurycea leprosa,"Pseudoeurycea leprosa (Cope, 1869)",-97.190556,18.975,1672,PRESERVED_SPECIMEN,MVZ,09c4287e-e6d5-4552-a07f-bff8a00833d8,MX,Veracruz,1974,1974-01-22,"cdc,cdround,incomis,inmafu"
5147379072,Pseudoeurycea leprosa,"Pseudoeurycea leprosa (Cope, 1869)",-97.190556,18.975,1672,PRESERVED_SPECIMEN,MVZ,09c4287e-e6d5-4552-a07f-bff8a00833d8,MX,Veracruz,1974,1974-01-22,"cdc,cdround,incomis,inmafu"
5147380067,Pseudoeurycea leprosa,"Pseudoeurycea leprosa (Cope, 1869)",-97.190556,18.975,1672,PRESERVED_SPECIMEN,MVZ,09c4287e-e6d5-4552-a07f-bff8a00833d8,MX,Veracruz,1974,1974-01-22,"cdc,cdround,incomis,inmafu"
5147384064,Pseudoeurycea leprosa,"Pseudoeurycea leprosa (Cope, 1869)",-97.190556,18.975,1672,PRESERVED_SPECIMEN,MVZ,09c4287e-e6d5-4552-a07f-bff8a00833d8,MX,Veracruz,1974,1974-01-22,"cdc,cdround,incomis,inmafu"
1895031911,Pseudoeurycea leprosa,"Pseudoeurycea leprosa (Cope, 1869)",-99.318889,19.048333,90,PRESERVED_SPECIMEN,UTA,0159cf6b-6a46-4365-96f1-d7ca2511f082,MX,Mexico,1974,1974-07-15,"cdround,osiic"
543542279,Pseudoeurycea leprosa,"Pseudoeurycea leprosa (Cope, 1869)",-98.693083,19.070278,NA,PRESERVED_SPECIMEN,CAS,cece4fc2-1fec-4bb5-a335-7252548e3f0b,MX,Mexico,1974,1974-08-15,cdround
543542280,Pseudoeurycea leprosa,"Pseudoeurycea leprosa (Cope, 1869)",-98.693083,19.07025,NA,PRESERVED_SPECIMEN,CAS,cece4fc2-1fec-4bb5-a335-7252548e3f0b,MX,Mexico,1974,1974-08-15,cdround
543542281,Pseudoeurycea leprosa,"Pseudoeurycea leprosa (Cope, 1869)",-98.693083,19.07025,NA,PRESERVED_SPECIMEN,CAS,cece4fc2-1fec-4bb5-a335-7252548e3f0b,MX,Mexico,1974,1974-08-15,cdround
543542282,Pseudoeurycea leprosa,"Pseudoeurycea leprosa (Cope, 1869)",-98.693083,19.07025,NA,PRESERVED_SPECIMEN,CAS,cece4fc2-1fec-4bb5-a335-7252548e3f0b,MX,Mexico,1974,1974-08-15,cdround
543542283,Pseudoeurycea leprosa,"Pseudoeurycea leprosa (Cope, 1869)",-98.693083,19.07025,NA,PRESERVED_SPECIMEN,CAS,cece4fc2-1fec-4bb5-a335-7252548e3f0b,MX,Mexico,1974,1974-08-15,cdround
543542285,Pseudoeurycea leprosa,"Pseudoeurycea leprosa (Cope, 1869)",-98.693083,19.07025,NA,PRESERVED_SPECIMEN,CAS,cece4fc2-1fec-4bb5-a335-7252548e3f0b,MX,Mexico,1974,1974-08-15,cdround
543542286,Pseudoeurycea leprosa,"Pseudoeurycea leprosa (Cope, 1869)",-98.693083,19.070278,NA,PRESERVED_SPECIMEN,CAS,cece4fc2-1fec-4bb5-a335-7252548e3f0b,MX,Mexico,1974,1974-08-15,cdround
543542287,Pseudoeurycea leprosa,"Pseudoeurycea leprosa (Cope, 1869)",-98.693083,19.07025,NA,PRESERVED_SPECIMEN,CAS,cece4fc2-1fec-4bb5-a335-7252548e3f0b,MX,Mexico,1974,1974-08-15,cdround
543542288,Pseudoeurycea leprosa,"Pseudoeurycea leprosa (Cope, 1869)",-98.693083,19.07025,NA,PRESERVED_SPECIMEN,CAS,cece4fc2-1fec-4bb5-a335-7252548e3f0b,MX,Mexico,1974,1974-08-15,cdround
543542289,Pseudoeurycea leprosa,"Pseudoeurycea leprosa (Cope, 1869)",-98.693083,19.07025,NA,PRESERVED_SPECIMEN,CAS,cece4fc2-1fec-4bb5-a335-7252548e3f0b,MX,Mexico,1974,1974-08-15,cdround
543542290,Pseudoeurycea leprosa,"Pseudoeurycea leprosa (Cope, 1869)",-98.693083,19.07025,NA,PRESERVED_SPECIMEN,CAS,cece4fc2-1fec-4bb5-a335-7252548e3f0b,MX,Mexico,1974,1974-08-15,cdround
1895031182,Pseudoeurycea leprosa,"Pseudoeurycea leprosa (Cope, 1869)",-98.678056,19.351667,80,PRESERVED_SPECIMEN,MVZ,0159cf6b-6a46-4365-96f1-d7ca2511f082,MX,Mexico,1974,1974-08-24,"cdround,osiic"
1895031215,Pseudoeurycea leprosa,"Pseudoeurycea leprosa (Cope, 1869)",-98.678056,19.351667,80,PRESERVED_SPECIMEN,MVZ,0159cf6b-6a46-4365-96f1-d7ca2511f082,MX,Mexico,1974,1974-08-24,"cdround,osiic"
1895031252,Pseudoeurycea leprosa,"Pseudoeurycea leprosa (Cope, 1869)",-98.678056,19.351667,80,PRESERVED_SPECIMEN,MVZ,0159cf6b-6a46-4365-96f1-d7ca2511f082,MX,Mexico,1974,1974-08-24,"cdround,osiic"
1895031289,Pseudoeurycea leprosa,"Pseudoeurycea leprosa (Cope, 1869)",-98.678056,19.351667,80,PRESERVED_SPECIMEN,MVZ,0159cf6b-6a46-4365-96f1-d7ca2511f082,MX,Mexico,1974,1974-08-24,"cdround,osiic"
1895031290,Pseudoeurycea leprosa,"Pseudoeurycea leprosa (Cope, 1869)",-98.678056,19.351667,80,PRESERVED_SPECIMEN,MVZ,0159cf6b-6a46-4365-96f1-d7ca2511f082,MX,Mexico,1974,1974-08-24,"cdround,osiic"
1895031292,Pseudoeurycea leprosa,"Pseudoeurycea leprosa (Cope, 1869)",-98.678056,19.351667,80,PRESERVED_SPECIMEN,MVZ,0159cf6b-6a46-4365-96f1-d7ca2511f082,MX,Mexico,1974,1974-08-24,"cdround,osiic"
1895031293,Pseudoeurycea leprosa,"Pseudoeurycea leprosa (Cope, 1869)",-98.678056,19.351667,80,PRESERVED_SPECIMEN,MVZ,0159cf6b-6a46-4365-96f1-d7ca2511f082,MX,Mexico,1974,1974-08-24,"cdround,osiic"
1895031305,Pseudoeurycea leprosa,"Pseudoeurycea leprosa (Cope, 1869)",-98.678056,19.351667,80,PRESERVED_SPECIMEN,MVZ,0159cf6b-6a46-4365-96f1-d7ca2511f082,MX,Mexico,1974,1974-08-24,"cdround,osiic"
1895031318,Pseudoeurycea leprosa,"Pseudoeurycea leprosa (Cope, 1869)",-98.678056,19.351667,80,PRESERVED_SPECIMEN,MVZ,0159cf6b-6a46-4365-96f1-d7ca2511f082,MX,Mexico,1974,1974-08-24,"cdround,osiic"
1895031323,Pseudoeurycea leprosa,"Pseudoeurycea leprosa (Cope, 1869)",-98.678056,19.351667,80,PRESERVED_SPECIMEN,MVZ,0159cf6b-6a46-4365-96f1-d7ca2511f082,MX,Mexico,1974,1974-08-24,"cdround,osiic"
1895031346,Pseudoeurycea leprosa,"Pseudoeurycea leprosa (Cope, 1869)",-98.678056,19.351667,80,PRESERVED_SPECIMEN,MVZ,0159cf6b-6a46-4365-96f1-d7ca2511f082,MX,Mexico,1974,1974-08-24,"cdround,osiic"
1895031354,Pseudoeurycea leprosa,"Pseudoeurycea leprosa (Cope, 1869)",-98.678056,19.351667,80,PRESERVED_SPECIMEN,MVZ,0159cf6b-6a46-4365-96f1-d7ca2511f082,MX,Mexico,1974,1974-08-24,"cdround,osiic"
1895031358,Pseudoeurycea leprosa,"Pseudoeurycea leprosa (Cope, 1869)",-98.678056,19.351667,80,PRESERVED_SPECIMEN,MVZ,0159cf6b-6a46-4365-96f1-d7ca2511f082,MX,Mexico,1974,1974-08-24,"cdround,osiic"
1895031377,Pseudoeurycea leprosa,"Pseudoeurycea leprosa (Cope, 1869)",-98.678056,19.351667,80,PRESERVED_SPECIMEN,MVZ,0159cf6b-6a46-4365-96f1-d7ca2511f082,MX,Mexico,1974,1974-08-24,"cdround,osiic"
1895031381,Pseudoeurycea leprosa,"Pseudoeurycea leprosa (Cope, 1869)",-98.678056,19.351667,80,PRESERVED_SPECIMEN,MVZ,0159cf6b-6a46-4365-96f1-d7ca2511f082,MX,Mexico,1974,1974-08-24,"cdround,osiic"
1895031399,Pseudoeurycea leprosa,"Pseudoeurycea leprosa (Cope, 1869)",-98.678056,19.351667,80,PRESERVED_SPECIMEN,MVZ,0159cf6b-6a46-4365-96f1-d7ca2511f082,MX,Mexico,1974,1974-08-24,"cdround,osiic"
1895031456,Pseudoeurycea leprosa,"Pseudoeurycea leprosa (Cope, 1869)",-98.678056,19.351667,80,PRESERVED_SPECIMEN,MVZ,0159cf6b-6a46-4365-96f1-d7ca2511f082,MX,Mexico,1974,1974-08-24,"cdround,osiic"
1895031508,Pseudoeurycea leprosa,"Pseudoeurycea leprosa (Cope, 1869)",-98.678056,19.351667,80,PRESERVED_SPECIMEN,MVZ,0159cf6b-6a46-4365-96f1-d7ca2511f082,MX,Mexico,1974,1974-08-24,"cdround,osiic"
1895031512,Pseudoeurycea leprosa,"Pseudoeurycea leprosa (Cope, 1869)",-98.678056,19.351667,80,PRESERVED_SPECIMEN,MVZ,0159cf6b-6a46-4365-96f1-d7ca2511f082,MX,Mexico,1974,1974-08-24,"cdround,osiic"
1895031527,Pseudoeurycea leprosa,"Pseudoeurycea leprosa (Cope, 1869)",-98.678056,19.351667,80,PRESERVED_SPECIMEN,MVZ,0159cf6b-6a46-4365-96f1-d7ca2511f082,MX,Mexico,1974,1974-08-24,"cdround,osiic"
1895031538,Pseudoeurycea leprosa,"Pseudoeurycea leprosa (Cope, 1869)",-98.678056,19.351667,80,PRESERVED_SPECIMEN,MVZ,0159cf6b-6a46-4365-96f1-d7ca2511f082,MX,Mexico,1974,1974-08-24,"cdround,osiic"
1895031561,Pseudoeurycea leprosa,"Pseudoeurycea leprosa (Cope, 1869)",-98.678056,19.351667,80,PRESERVED_SPECIMEN,MVZ,0159cf6b-6a46-4365-96f1-d7ca2511f082,MX,Mexico,1974,1974-08-24,"cdround,osiic"
1895031569,Pseudoeurycea leprosa,"Pseudoeurycea leprosa (Cope, 1869)",-98.678056,19.351667,80,PRESERVED_SPECIMEN,MVZ,0159cf6b-6a46-4365-96f1-d7ca2511f082,MX,Mexico,1974,1974-08-24,"cdround,osiic"
1895031612,Pseudoeurycea leprosa,"Pseudoeurycea leprosa (Cope, 1869)",-98.678056,19.351667,80,PRESERVED_SPECIMEN,MVZ,0159cf6b-6a46-4365-96f1-d7ca2511f082,MX,Mexico,1974,1974-08-24,"cdround,osiic"
1895031635,Pseudoeurycea leprosa,"Pseudoeurycea leprosa (Cope, 1869)",-98.678056,19.351667,80,PRESERVED_SPECIMEN,MVZ,0159cf6b-6a46-4365-96f1-d7ca2511f082,MX,Mexico,1974,1974-08-24,"cdround,osiic"
1895031647,Pseudoeurycea leprosa,"Pseudoeurycea leprosa (Cope, 1869)",-98.678056,19.351667,80,PRESERVED_SPECIMEN,MVZ,0159cf6b-6a46-4365-96f1-d7ca2511f082,MX,Mexico,1974,1974-08-24,"cdround,osiic"
1895031653,Pseudoeurycea leprosa,"Pseudoeurycea leprosa (Cope, 1869)",-98.678056,19.351667,80,PRESERVED_SPECIMEN,MVZ,0159cf6b-6a46-4365-96f1-d7ca2511f082,MX,Mexico,1974,1974-08-24,"cdround,osiic"
1895031715,Pseudoeurycea leprosa,"Pseudoeurycea leprosa (Cope, 1869)",-98.678056,19.351667,80,PRESERVED_SPECIMEN,MVZ,0159cf6b-6a46-4365-96f1-d7ca2511f082,MX,Mexico,1974,1974-08-24,"cdround,osiic"
1895031734,Pseudoeurycea leprosa,"Pseudoeurycea leprosa (Cope, 1869)",-98.678056,19.351667,80,PRESERVED_SPECIMEN,MVZ,0159cf6b-6a46-4365-96f1-d7ca2511f082,MX,Mexico,1974,1974-08-24,"cdround,osiic"
1895031739,Pseudoeurycea leprosa,"Pseudoeurycea leprosa (Cope, 1869)",-98.678056,19.351667,80,PRESERVED_SPECIMEN,MVZ,0159cf6b-6a46-4365-96f1-d7ca2511f082,MX,Mexico,1974,1974-08-24,"cdround,osiic"
1895031791,Pseudoeurycea leprosa,"Pseudoeurycea leprosa (Cope, 1869)",-98.678056,19.351667,80,PRESERVED_SPECIMEN,MVZ,0159cf6b-6a46-4365-96f1-d7ca2511f082,MX,Mexico,1974,1974-08-24,"cdround,osiic"
1895031812,Pseudoeurycea leprosa,"Pseudoeurycea leprosa (Cope, 1869)",-98.678056,19.351667,80,PRESERVED_SPECIMEN,MVZ,0159cf6b-6a46-4365-96f1-d7ca2511f082,MX,Mexico,1974,1974-08-24,"cdround,osiic"
1895031818,Pseudoeurycea leprosa,"Pseudoeurycea leprosa (Cope, 1869)",-98.678056,19.351667,80,PRESERVED_SPECIMEN,MVZ,0159cf6b-6a46-4365-96f1-d7ca2511f082,MX,Mexico,1974,1974-08-24,"cdround,osiic"
1895031819,Pseudoeurycea leprosa,"Pseudoeurycea leprosa (Cope, 1869)",-98.678056,19.351667,80,PRESERVED_SPECIMEN,MVZ,0159cf6b-6a46-4365-96f1-d7ca2511f082,MX,Mexico,1974,1974-08-24,"cdround,osiic"
1895031852,Pseudoeurycea leprosa,"Pseudoeurycea leprosa (Cope, 1869)",-98.678056,19.351667,80,PRESERVED_SPECIMEN,MVZ,0159cf6b-6a46-4365-96f1-d7ca2511f082,MX,Mexico,1974,1974-08-24,"cdround,osiic"
1895031865,Pseudoeurycea leprosa,"Pseudoeurycea leprosa (Cope, 1869)",-98.678056,19.351667,80,PRESERVED_SPECIMEN,MVZ,0159cf6b-6a46-4365-96f1-d7ca2511f082,MX,Mexico,1974,1974-08-24,"cdround,osiic"
1895031881,Pseudoeurycea leprosa,"Pseudoeurycea leprosa (Cope, 1869)",-98.678056,19.351667,80,PRESERVED_SPECIMEN,MVZ,0159cf6b-6a46-4365-96f1-d7ca2511f082,MX,Mexico,1974,1974-08-24,"cdround,osiic"
1895031916,Pseudoeurycea leprosa,"Pseudoeurycea leprosa (Cope, 1869)",-98.678056,19.351667,80,PRESERVED_SPECIMEN,MVZ,0159cf6b-6a46-4365-96f1-d7ca2511f082,MX,Mexico,1974,1974-08-24,"cdround,osiic"
1895031923,Pseudoeurycea leprosa,"Pseudoeurycea leprosa (Cope, 1869)",-98.678056,19.351667,80,PRESERVED_SPECIMEN,MVZ,0159cf6b-6a46-4365-96f1-d7ca2511f082,MX,Mexico,1974,1974-08-24,"cdround,osiic"
5147040397,Pseudoeurycea leprosa,"Pseudoeurycea leprosa (Cope, 1869)",-98.716667,19.333333,3292,PRESERVED_SPECIMEN,MVZ,09c4287e-e6d5-4552-a07f-bff8a00833d8,MX,Mexico,1974,1974-08-24,"cdc,cdround,incomis,inmafu"
5147040398,Pseudoeurycea leprosa,"Pseudoeurycea leprosa (Cope, 1869)",-98.076111,19.696111,9774,PRESERVED_SPECIMEN,MVZ,09c4287e-e6d5-4552-a07f-bff8a00833d8,MX,Puebla,1974,1974-08-24,"cdc,cdround,incomis,inmafu"
5147040424,Pseudoeurycea leprosa,"Pseudoeurycea leprosa (Cope, 1869)",-98.730278,19.3525,6605,PRESERVED_SPECIMEN,MVZ,09c4287e-e6d5-4552-a07f-bff8a00833d8,MX,Mexico,1974,1974-08-24,"cdc,cdround,incomis,inmafu"
5147041396,Pseudoeurycea leprosa,"Pseudoeurycea leprosa (Cope, 1869)",-98.102778,19.240833,8256,PRESERVED_SPECIMEN,MVZ,09c4287e-e6d5-4552-a07f-bff8a00833d8,MX,Puebla,1974,1974-08-24,"cdc,cdround,incomis,inmafu"
5147041426,Pseudoeurycea leprosa,"Pseudoeurycea leprosa (Cope, 1869)",-98.730278,19.3525,6605,PRESERVED_SPECIMEN,MVZ,09c4287e-e6d5-4552-a07f-bff8a00833d8,MX,Mexico,1974,1974-08-24,"cdc,cdround,incomis,inmafu"
5147042403,Pseudoeurycea leprosa,"Pseudoeurycea leprosa (Cope, 1869)",-98.716667,19.333333,3292,PRESERVED_SPECIMEN,MVZ,09c4287e-e6d5-4552-a07f-bff8a00833d8,MX,Mexico,1974,1974-08-24,"cdc,cdround,incomis,inmafu"
5147042404,Pseudoeurycea leprosa,"Pseudoeurycea leprosa (Cope, 1869)",-98.102778,19.240833,8256,PRESERVED_SPECIMEN,MVZ,09c4287e-e6d5-4552-a07f-bff8a00833d8,MX,Puebla,1974,1974-08-24,"cdc,cdround,incomis,inmafu"
5147042405,Pseudoeurycea leprosa,"Pseudoeurycea leprosa (Cope, 1869)",-98.102778,19.240833,8256,PRESERVED_SPECIMEN,MVZ,09c4287e-e6d5-4552-a07f-bff8a00833d8,MX,Puebla,1974,1974-08-24,"cdc,cdround,incomis,inmafu"
5147045405,Pseudoeurycea leprosa,"Pseudoeurycea leprosa (Cope, 1869)",-98.716667,19.333333,3292,PRESERVED_SPECIMEN,MVZ,09c4287e-e6d5-4552-a07f-bff8a00833d8,MX,Mexico,1974,1974-08-24,"cdc,cdround,incomis,inmafu"
5147045406,Pseudoeurycea leprosa,"Pseudoeurycea leprosa (Cope, 1869)",-98.716667,19.333333,3292,PRESERVED_SPECIMEN,MVZ,09c4287e-e6d5-4552-a07f-bff8a00833d8,MX,Mexico,1974,1974-08-24,"cdc,cdround,incomis,inmafu"
5147045433,Pseudoeurycea leprosa,"Pseudoeurycea leprosa (Cope, 1869)",-98.730278,19.3525,6605,PRESERVED_SPECIMEN,MVZ,09c4287e-e6d5-4552-a07f-bff8a00833d8,MX,Mexico,1974,1974-08-24,"cdc,cdround,incomis,inmafu"
5147046398,Pseudoeurycea leprosa,"Pseudoeurycea leprosa (Cope, 1869)",-98.716667,19.333333,3292,PRESERVED_SPECIMEN,MVZ,09c4287e-e6d5-4552-a07f-bff8a00833d8,MX,Mexico,1974,1974-08-24,"cdc,cdround,incomis,inmafu"
5147046399,Pseudoeurycea leprosa,"Pseudoeurycea leprosa (Cope, 1869)",-98.102778,19.240833,8256,PRESERVED_SPECIMEN,MVZ,09c4287e-e6d5-4552-a07f-bff8a00833d8,MX,Puebla,1974,1974-08-24,"cdc,cdround,incomis,inmafu"
5147159401,Pseudoeurycea leprosa,"Pseudoeurycea leprosa (Cope, 1869)",-98.716667,19.333333,3292,PRESERVED_SPECIMEN,MVZ,09c4287e-e6d5-4552-a07f-bff8a00833d8,MX,Mexico,1974,1974-08-24,"cdc,cdround,incomis,inmafu"
5147159429,Pseudoeurycea leprosa,"Pseudoeurycea leprosa (Cope, 1869)",-98.730278,19.3525,6605,PRESERVED_SPECIMEN,MVZ,09c4287e-e6d5-4552-a07f-bff8a00833d8,MX,Mexico,1974,1974-08-24,"cdc,cdround,incomis,inmafu"
5147161398,Pseudoeurycea leprosa,"Pseudoeurycea leprosa (Cope, 1869)",-98.102778,19.240833,8256,PRESERVED_SPECIMEN,MVZ,09c4287e-e6d5-4552-a07f-bff8a00833d8,MX,Puebla,1974,1974-08-24,"cdc,cdround,incomis,inmafu"
5147161429,Pseudoeurycea leprosa,"Pseudoeurycea leprosa (Cope, 1869)",-98.730278,19.3525,6605,PRESERVED_SPECIMEN,MVZ,09c4287e-e6d5-4552-a07f-bff8a00833d8,MX,Mexico,1974,1974-08-24,"cdc,cdround,incomis,inmafu"
5147161430,Pseudoeurycea leprosa,"Pseudoeurycea leprosa (Cope, 1869)",-98.730278,19.3525,6605,PRESERVED_SPECIMEN,MVZ,09c4287e-e6d5-4552-a07f-bff8a00833d8,MX,Mexico,1974,1974-08-24,"cdc,cdround,incomis,inmafu"
5147164403,Pseudoeurycea leprosa,"Pseudoeurycea leprosa (Cope, 1869)",-98.716667,19.333333,3292,PRESERVED_SPECIMEN,MVZ,09c4287e-e6d5-4552-a07f-bff8a00833d8,MX,Mexico,1974,1974-08-24,"cdc,cdround,incomis,inmafu"
5147164431,Pseudoeurycea leprosa,"Pseudoeurycea leprosa (Cope, 1869)",-98.730278,19.3525,6605,PRESERVED_SPECIMEN,MVZ,09c4287e-e6d5-4552-a07f-bff8a00833d8,MX,Mexico,1974,1974-08-24,"cdc,cdround,incomis,inmafu"
5147165401,Pseudoeurycea leprosa,"Pseudoeurycea leprosa (Cope, 1869)",-98.716667,19.333333,3292,PRESERVED_SPECIMEN,MVZ,09c4287e-e6d5-4552-a07f-bff8a00833d8,MX,Mexico,1974,1974-08-24,"cdc,cdround,incomis,inmafu"
5147165402,Pseudoeurycea leprosa,"Pseudoeurycea leprosa (Cope, 1869)",-98.102778,19.240833,8256,PRESERVED_SPECIMEN,MVZ,09c4287e-e6d5-4552-a07f-bff8a00833d8,MX,Puebla,1974,1974-08-24,"cdc,cdround,incomis,inmafu"
5147166397,Pseudoeurycea leprosa,"Pseudoeurycea leprosa (Cope, 1869)",-98.716667,19.333333,3292,PRESERVED_SPECIMEN,MVZ,09c4287e-e6d5-4552-a07f-bff8a00833d8,MX,Mexico,1974,1974-08-24,"cdc,cdround,incomis,inmafu"
5147166398,Pseudoeurycea leprosa,"Pseudoeurycea leprosa (Cope, 1869)",-98.102778,19.240833,8256,PRESERVED_SPECIMEN,MVZ,09c4287e-e6d5-4552-a07f-bff8a00833d8,MX,Puebla,1974,1974-08-24,"cdc,cdround,incomis,inmafu"
5147278401,Pseudoeurycea leprosa,"Pseudoeurycea leprosa (Cope, 1869)",-98.716667,19.333333,3292,PRESERVED_SPECIMEN,MVZ,09c4287e-e6d5-4552-a07f-bff8a00833d8,MX,Mexico,1974,1974-08-24,"cdc,cdround,incomis,inmafu"
5147278402,Pseudoeurycea leprosa,"Pseudoeurycea leprosa (Cope, 1869)",-98.102778,19.240833,8256,PRESERVED_SPECIMEN,MVZ,09c4287e-e6d5-4552-a07f-bff8a00833d8,MX,Puebla,1974,1974-08-24,"cdc,cdround,incomis,inmafu"
5147278403,Pseudoeurycea leprosa,"Pseudoeurycea leprosa (Cope, 1869)",-98.102778,19.240833,8256,PRESERVED_SPECIMEN,MVZ,09c4287e-e6d5-4552-a07f-bff8a00833d8,MX,Puebla,1974,1974-08-24,"cdc,cdround,incomis,inmafu"
5147279404,Pseudoeurycea leprosa,"Pseudoeurycea leprosa (Cope, 1869)",-98.716667,19.333333,3292,PRESERVED_SPECIMEN,MVZ,09c4287e-e6d5-4552-a07f-bff8a00833d8,MX,Mexico,1974,1974-08-24,"cdc,cdround,incomis,inmafu"
5147279405,Pseudoeurycea leprosa,"Pseudoeurycea leprosa (Cope, 1869)",-98.716667,19.333333,3292,PRESERVED_SPECIMEN,MVZ,09c4287e-e6d5-4552-a07f-bff8a00833d8,MX,Mexico,1974,1974-08-24,"cdc,cdround,incomis,inmafu"
5147279433,Pseudoeurycea leprosa,"Pseudoeurycea leprosa (Cope, 1869)",-98.730278,19.3525,6605,PRESERVED_SPECIMEN,MVZ,09c4287e-e6d5-4552-a07f-bff8a00833d8,MX,Mexico,1974,1974-08-24,"cdc,cdround,incomis,inmafu"
5147280399,Pseudoeurycea leprosa,"Pseudoeurycea leprosa (Cope, 1869)",-98.716667,19.333333,3292,PRESERVED_SPECIMEN,MVZ,09c4287e-e6d5-4552-a07f-bff8a00833d8,MX,Mexico,1974,1974-08-24,"cdc,cdround,incomis,inmafu"
5147280400,Pseudoeurycea leprosa,"Pseudoeurycea leprosa (Cope, 1869)",-98.716667,19.333333,3292,PRESERVED_SPECIMEN,MVZ,09c4287e-e6d5-4552-a07f-bff8a00833d8,MX,Mexico,1974,1974-08-24,"cdc,cdround,incomis,inmafu"
5147280429,Pseudoeurycea leprosa,"Pseudoeurycea leprosa (Cope, 1869)",-98.730278,19.3525,6605,PRESERVED_SPECIMEN,MVZ,09c4287e-e6d5-4552-a07f-bff8a00833d8,MX,Mexico,1974,1974-08-24,"cdc,cdround,incomis,inmafu"
5147285401,Pseudoeurycea leprosa,"Pseudoeurycea leprosa (Cope, 1869)",-98.716667,19.333333,3292,PRESERVED_SPECIMEN,MVZ,09c4287e-e6d5-4552-a07f-bff8a00833d8,MX,Mexico,1974,1974-08-24,"cdc,cdround,incomis,inmafu"
5147285402,Pseudoeurycea leprosa,"Pseudoeurycea leprosa (Cope, 1869)",-98.102778,19.240833,8256,PRESERVED_SPECIMEN,MVZ,09c4287e-e6d5-4552-a07f-bff8a00833d8,MX,Puebla,1974,1974-08-24,"cdc,cdround,incomis,inmafu"
5147285403,Pseudoeurycea leprosa,"Pseudoeurycea leprosa (Cope, 1869)",-98.076111,19.696111,9774,PRESERVED_SPECIMEN,MVZ,09c4287e-e6d5-4552-a07f-bff8a00833d8,MX,Puebla,1974,1974-08-24,"cdc,cdround,incomis,inmafu"
5147291400,Pseudoeurycea leprosa,"Pseudoeurycea leprosa (Cope, 1869)",-98.716667,19.333333,3292,PRESERVED_SPECIMEN,MVZ,09c4287e-e6d5-4552-a07f-bff8a00833d8,MX,Mexico,1974,1974-08-24,"cdc,cdround,incomis,inmafu"
5147291401,Pseudoeurycea leprosa,"Pseudoeurycea leprosa (Cope, 1869)",-98.716667,19.333333,3292,PRESERVED_SPECIMEN,MVZ,09c4287e-e6d5-4552-a07f-bff8a00833d8,MX,Mexico,1974,1974-08-24,"cdc,cdround,incomis,inmafu"
5147291402,Pseudoeurycea leprosa,"Pseudoeurycea leprosa (Cope, 1869)",-98.102778,19.240833,8256,PRESERVED_SPECIMEN,MVZ,09c4287e-e6d5-4552-a07f-bff8a00833d8,MX,Puebla,1974,1974-08-24,"cdc,cdround,incomis,inmafu"
5147291403,Pseudoeurycea leprosa,"Pseudoeurycea leprosa (Cope, 1869)",-98.102778,19.240833,8256,PRESERVED_SPECIMEN,MVZ,09c4287e-e6d5-4552-a07f-bff8a00833d8,MX,Puebla,1974,1974-08-24,"cdc,cdround,incomis,inmafu"
5147394397,Pseudoeurycea leprosa,"Pseudoeurycea leprosa (Cope, 1869)",-98.102778,19.240833,8256,PRESERVED_SPECIMEN,MVZ,09c4287e-e6d5-4552-a07f-bff8a00833d8,MX,Puebla,1974,1974-08-24,"cdc,cdround,incomis,inmafu"
5147394428,Pseudoeurycea leprosa,"Pseudoeurycea leprosa (Cope, 1869)",-98.730278,19.3525,6605,PRESERVED_SPECIMEN,MVZ,09c4287e-e6d5-4552-a07f-bff8a00833d8,MX,Mexico,1974,1974-08-24,"cdc,cdround,incomis,inmafu"
5147394429,Pseudoeurycea leprosa,"Pseudoeurycea leprosa (Cope, 1869)",-98.730278,19.3525,6605,PRESERVED_SPECIMEN,MVZ,09c4287e-e6d5-4552-a07f-bff8a00833d8,MX,Mexico,1974,1974-08-24,"cdc,cdround,incomis,inmafu"
5147396401,Pseudoeurycea leprosa,"Pseudoeurycea leprosa (Cope, 1869)",-98.102778,19.240833,8256,PRESERVED_SPECIMEN,MVZ,09c4287e-e6d5-4552-a07f-bff8a00833d8,MX,Puebla,1974,1974-08-24,"cdc,cdround,incomis,inmafu"
5147396431,Pseudoeurycea leprosa,"Pseudoeurycea leprosa (Cope, 1869)",-98.730278,19.3525,6605,PRESERVED_SPECIMEN,MVZ,09c4287e-e6d5-4552-a07f-bff8a00833d8,MX,Mexico,1974,1974-08-24,"cdc,cdround,incomis,inmafu"
5147399402,Pseudoeurycea leprosa,"Pseudoeurycea leprosa (Cope, 1869)",-98.716667,19.333333,3292,PRESERVED_SPECIMEN,MVZ,09c4287e-e6d5-4552-a07f-bff8a00833d8,MX,Mexico,1974,1974-08-24,"cdc,cdround,incomis,inmafu"
5147399403,Pseudoeurycea leprosa,"Pseudoeurycea leprosa (Cope, 1869)",-98.716667,19.333333,3292,PRESERVED_SPECIMEN,MVZ,09c4287e-e6d5-4552-a07f-bff8a00833d8,MX,Mexico,1974,1974-08-24,"cdc,cdround,incomis,inmafu"
5147399404,Pseudoeurycea leprosa,"Pseudoeurycea leprosa (Cope, 1869)",-98.102778,19.240833,8256,PRESERVED_SPECIMEN,MVZ,09c4287e-e6d5-4552-a07f-bff8a00833d8,MX,Puebla,1974,1974-08-24,"cdc,cdround,incomis,inmafu"
5147399405,Pseudoeurycea leprosa,"Pseudoeurycea leprosa (Cope, 1869)",-98.102778,19.240833,8256,PRESERVED_SPECIMEN,MVZ,09c4287e-e6d5-4552-a07f-bff8a00833d8,MX,Puebla,1974,1974-08-24,"cdc,cdround,incomis,inmafu"
5147400398,Pseudoeurycea leprosa,"Pseudoeurycea leprosa (Cope, 1869)",-98.716667,19.333333,3292,PRESERVED_SPECIMEN,MVZ,09c4287e-e6d5-4552-a07f-bff8a00833d8,MX,Mexico,1974,1974-08-24,"cdc,cdround,incomis,inmafu"
5147400426,Pseudoeurycea leprosa,"Pseudoeurycea leprosa (Cope, 1869)",-98.730278,19.3525,6605,PRESERVED_SPECIMEN,MVZ,09c4287e-e6d5-4552-a07f-bff8a00833d8,MX,Mexico,1974,1974-08-24,"cdc,cdround,incomis,inmafu"
5147410400,Pseudoeurycea leprosa,"Pseudoeurycea leprosa (Cope, 1869)",-98.716667,19.333333,3292,PRESERVED_SPECIMEN,MVZ,09c4287e-e6d5-4552-a07f-bff8a00833d8,MX,Mexico,1974,1974-08-24,"cdc,cdround,incomis,inmafu"
5147410401,Pseudoeurycea leprosa,"Pseudoeurycea leprosa (Cope, 1869)",-98.076111,19.696111,9774,PRESERVED_SPECIMEN,MVZ,09c4287e-e6d5-4552-a07f-bff8a00833d8,MX,Puebla,1974,1974-08-24,"cdc,cdround,incomis,inmafu"
5147410427,Pseudoeurycea leprosa,"Pseudoeurycea leprosa (Cope, 1869)",-98.730278,19.3525,6605,PRESERVED_SPECIMEN,MVZ,09c4287e-e6d5-4552-a07f-bff8a00833d8,MX,Mexico,1974,1974-08-24,"cdc,cdround,incomis,inmafu"
5147484399,Pseudoeurycea leprosa,"Pseudoeurycea leprosa (Cope, 1869)",-98.716667,19.333333,3292,PRESERVED_SPECIMEN,MVZ,09c4287e-e6d5-4552-a07f-bff8a00833d8,MX,Mexico,1974,1974-08-24,"cdc,cdround,incomis,inmafu"
5147484400,Pseudoeurycea leprosa,"Pseudoeurycea leprosa (Cope, 1869)",-98.102778,19.240833,8256,PRESERVED_SPECIMEN,MVZ,09c4287e-e6d5-4552-a07f-bff8a00833d8,MX,Puebla,1974,1974-08-24,"cdc,cdround,incomis,inmafu"
5147484401,Pseudoeurycea leprosa,"Pseudoeurycea leprosa (Cope, 1869)",-98.102778,19.240833,8256,PRESERVED_SPECIMEN,MVZ,09c4287e-e6d5-4552-a07f-bff8a00833d8,MX,Puebla,1974,1974-08-24,"cdc,cdround,incomis,inmafu"
5147486404,Pseudoeurycea leprosa,"Pseudoeurycea leprosa (Cope, 1869)",-98.716667,19.333333,3292,PRESERVED_SPECIMEN,MVZ,09c4287e-e6d5-4552-a07f-bff8a00833d8,MX,Mexico,1974,1974-08-24,"cdc,cdround,incomis,inmafu"
5147486405,Pseudoeurycea leprosa,"Pseudoeurycea leprosa (Cope, 1869)",-98.076111,19.696111,9774,PRESERVED_SPECIMEN,MVZ,09c4287e-e6d5-4552-a07f-bff8a00833d8,MX,Puebla,1974,1974-08-24,"cdc,cdround,incomis,inmafu"
5147487405,Pseudoeurycea leprosa,"Pseudoeurycea leprosa (Cope, 1869)",-98.716667,19.333333,3292,PRESERVED_SPECIMEN,MVZ,09c4287e-e6d5-4552-a07f-bff8a00833d8,MX,Mexico,1974,1974-08-24,"cdc,cdround,incomis,inmafu"
5147487406,Pseudoeurycea leprosa,"Pseudoeurycea leprosa (Cope, 1869)",-98.076111,19.696111,9774,PRESERVED_SPECIMEN,MVZ,09c4287e-e6d5-4552-a07f-bff8a00833d8,MX,Puebla,1974,1974-08-24,"cdc,cdround,incomis,inmafu"
5147489401,Pseudoeurycea leprosa,"Pseudoeurycea leprosa (Cope, 1869)",-98.716667,19.333333,3292,PRESERVED_SPECIMEN,MVZ,09c4287e-e6d5-4552-a07f-bff8a00833d8,MX,Mexico,1974,1974-08-24,"cdc,cdround,incomis,inmafu"
5147489402,Pseudoeurycea leprosa,"Pseudoeurycea leprosa (Cope, 1869)",-98.102778,19.240833,8256,PRESERVED_SPECIMEN,MVZ,09c4287e-e6d5-4552-a07f-bff8a00833d8,MX,Puebla,1974,1974-08-24,"cdc,cdround,incomis,inmafu"
786254845,Pseudoeurycea leprosa,"Pseudoeurycea leprosa (Cope, 1869)",-99.1201161,22.9504599,NA,PRESERVED_SPECIMEN,CM,76dd8f0d-2daa-4a69-9fcd-55e04230334a,MX,Tamaulipas,1974,1974-10-05,"cdrep,colmafu,inmafu"
1895031760,Pseudoeurycea leprosa,"Pseudoeurycea leprosa (Cope, 1869)",-98.670278,19.351667,80,PRESERVED_SPECIMEN,CM,0159cf6b-6a46-4365-96f1-d7ca2511f082,MX,Mexico,1974,1974-10-05,"cdround,rdativ,osiic"
5147032758,Pseudoeurycea leprosa,"Pseudoeurycea leprosa (Cope, 1869)",-98.102778,19.240833,8256,PRESERVED_SPECIMEN,MVZ,09c4287e-e6d5-4552-a07f-bff8a00833d8,MX,Puebla,1974,1974-11-25,"cdc,cdround,incomis,inmafu"
5147150760,Pseudoeurycea leprosa,"Pseudoeurycea leprosa (Cope, 1869)",-98.102778,19.240833,8256,PRESERVED_SPECIMEN,MVZ,09c4287e-e6d5-4552-a07f-bff8a00833d8,MX,Puebla,1974,1974-11-25,"cdc,cdround,incomis,inmafu"
5147276764,Pseudoeurycea leprosa,"Pseudoeurycea leprosa (Cope, 1869)",-98.102778,19.240833,8256,PRESERVED_SPECIMEN,MVZ,09c4287e-e6d5-4552-a07f-bff8a00833d8,MX,Puebla,1974,1974-11-25,"cdc,cdround,incomis,inmafu"
5147392759,Pseudoeurycea leprosa,"Pseudoeurycea leprosa (Cope, 1869)",-98.102778,19.240833,8256,PRESERVED_SPECIMEN,MVZ,09c4287e-e6d5-4552-a07f-bff8a00833d8,MX,Puebla,1974,1974-11-25,"cdc,cdround,incomis,inmafu"
5147402758,Pseudoeurycea leprosa,"Pseudoeurycea leprosa (Cope, 1869)",-98.102778,19.240833,8256,PRESERVED_SPECIMEN,MVZ,09c4287e-e6d5-4552-a07f-bff8a00833d8,MX,Puebla,1974,1974-11-25,"cdc,cdround,incomis,inmafu"
5147482764,Pseudoeurycea leprosa,"Pseudoeurycea leprosa (Cope, 1869)",-98.102778,19.240833,8256,PRESERVED_SPECIMEN,MVZ,09c4287e-e6d5-4552-a07f-bff8a00833d8,MX,Puebla,1974,1974-11-25,"cdc,cdround,incomis,inmafu"
5147483762,Pseudoeurycea leprosa,"Pseudoeurycea leprosa (Cope, 1869)",-98.102778,19.240833,8256,PRESERVED_SPECIMEN,MVZ,09c4287e-e6d5-4552-a07f-bff8a00833d8,MX,Puebla,1974,1974-11-25,"cdc,cdround,incomis,inmafu"
657460386,Pseudoeurycea leprosa,"Pseudoeurycea leprosa (Cope, 1869)",-97.08,18.68,NA,PRESERVED_SPECIMEN,LACM,7a25f7aa-03fb-4322-aaeb-66719e1a9527,MX,Veracruz,1972,1972-08-31,
657460387,Pseudoeurycea leprosa,"Pseudoeurycea leprosa (Cope, 1869)",-97.08,18.68,NA,PRESERVED_SPECIMEN,LACM,7a25f7aa-03fb-4322-aaeb-66719e1a9527,MX,Veracruz,1972,1972-08-31,
657460388,Pseudoeurycea leprosa,"Pseudoeurycea leprosa (Cope, 1869)",-97.08,18.68,NA,PRESERVED_SPECIMEN,LACM,7a25f7aa-03fb-4322-aaeb-66719e1a9527,MX,Veracruz,1972,1972-08-31,
657460400,Pseudoeurycea leprosa,"Pseudoeurycea leprosa (Cope, 1869)",-97.25,19.02,NA,PRESERVED_SPECIMEN,LACM,7a25f7aa-03fb-4322-aaeb-66719e1a9527,MX,Veracruz,1972,1972-08-29,
657460401,Pseudoeurycea leprosa,"Pseudoeurycea leprosa (Cope, 1869)",-97.25,19.02,NA,PRESERVED_SPECIMEN,LACM,7a25f7aa-03fb-4322-aaeb-66719e1a9527,MX,Veracruz,1972,1972-08-29,
657460402,Pseudoeurycea leprosa,"Pseudoeurycea leprosa (Cope, 1869)",-97.25,19.02,NA,PRESERVED_SPECIMEN,LACM,7a25f7aa-03fb-4322-aaeb-66719e1a9527,MX,Veracruz,1972,1972-08-29,
657460403,Pseudoeurycea leprosa,"Pseudoeurycea leprosa (Cope, 1869)",-97.25,19.02,NA,PRESERVED_SPECIMEN,LACM,7a25f7aa-03fb-4322-aaeb-66719e1a9527,MX,Veracruz,1972,1972-08-29,
657460404,Pseudoeurycea leprosa,"Pseudoeurycea leprosa (Cope, 1869)",-97.25,19.02,NA,PRESERVED_SPECIMEN,LACM,7a25f7aa-03fb-4322-aaeb-66719e1a9527,MX,Veracruz,1972,1972-08-29,
657460405,Pseudoeurycea leprosa,"Pseudoeurycea leprosa (Cope, 1869)",-97.25,19.02,NA,PRESERVED_SPECIMEN,LACM,7a25f7aa-03fb-4322-aaeb-66719e1a9527,MX,Veracruz,1972,1972-08-29,
657460406,Pseudoeurycea leprosa,"Pseudoeurycea leprosa (Cope, 1869)",-97.25,19.02,NA,PRESERVED_SPECIMEN,LACM,7a25f7aa-03fb-4322-aaeb-66719e1a9527,MX,Veracruz,1972,1972-08-29,
657460407,Pseudoeurycea leprosa,"Pseudoeurycea leprosa (Cope, 1869)",-97.25,19.02,NA,PRESERVED_SPECIMEN,LACM,7a25f7aa-03fb-4322-aaeb-66719e1a9527,MX,Veracruz,1972,1972-08-29,
657460408,Pseudoeurycea leprosa,"Pseudoeurycea leprosa (Cope, 1869)",-97.25,19.02,NA,PRESERVED_SPECIMEN,LACM,7a25f7aa-03fb-4322-aaeb-66719e1a9527,MX,Veracruz,1972,1972-08-29,
657460409,Pseudoeurycea leprosa,"Pseudoeurycea leprosa (Cope, 1869)",-97.25,19.02,NA,PRESERVED_SPECIMEN,LACM,7a25f7aa-03fb-4322-aaeb-66719e1a9527,MX,Veracruz,1972,1972-08-29,
657460410,Pseudoeurycea leprosa,"Pseudoeurycea leprosa (Cope, 1869)",-97.25,19.02,NA,PRESERVED_SPECIMEN,LACM,7a25f7aa-03fb-4322-aaeb-66719e1a9527,MX,Veracruz,1972,1972-08-29,
657460414,Pseudoeurycea leprosa,"Pseudoeurycea leprosa (Cope, 1869)",-97.27,18.6,NA,PRESERVED_SPECIMEN,LACM,7a25f7aa-03fb-4322-aaeb-66719e1a9527,MX,Puebla,1972,1972-08-30,
657460415,Pseudoeurycea leprosa,"Pseudoeurycea leprosa (Cope, 1869)",-97.27,18.6,NA,PRESERVED_SPECIMEN,LACM,7a25f7aa-03fb-4322-aaeb-66719e1a9527,MX,Puebla,1972,1972-08-30,
657460416,Pseudoeurycea leprosa,"Pseudoeurycea leprosa (Cope, 1869)",-97.27,18.6,NA,PRESERVED_SPECIMEN,LACM,7a25f7aa-03fb-4322-aaeb-66719e1a9527,MX,Puebla,1972,1972-08-30,
657460417,Pseudoeurycea leprosa,"Pseudoeurycea leprosa (Cope, 1869)",-97.27,18.6,NA,PRESERVED_SPECIMEN,LACM,7a25f7aa-03fb-4322-aaeb-66719e1a9527,MX,Puebla,1972,1972-08-30,
657460418,Pseudoeurycea leprosa,"Pseudoeurycea leprosa (Cope, 1869)",-97.27,18.6,NA,PRESERVED_SPECIMEN,LACM,7a25f7aa-03fb-4322-aaeb-66719e1a9527,MX,Puebla,1972,1972-08-30,
4168518868,Pseudoeurycea leprosa,"Pseudoeurycea leprosa (Cope, 1869)",-97.211947,18.975003,770,PRESERVED_SPECIMEN,LACM,fcbd4fa6-6e2b-4715-b896-cf117691625d,MX,Veracruz de ignacio de la llave,1972,1972-08-29,"cdround,osiic"
4168518909,Pseudoeurycea leprosa,"Pseudoeurycea leprosa (Cope, 1869)",-97.211947,18.975003,770,PRESERVED_SPECIMEN,LACM,fcbd4fa6-6e2b-4715-b896-cf117691625d,MX,Veracruz de ignacio de la llave,1972,1972-08-29,"cdround,osiic"
4168518930,Pseudoeurycea leprosa,"Pseudoeurycea leprosa (Cope, 1869)",-97.093067,18.695833,1040,PRESERVED_SPECIMEN,LACM,fcbd4fa6-6e2b-4715-b896-cf117691625d,MX,Veracruz de ignacio de la llave,1972,1972-08-31,"cdround,osiic"
4168519117,Pseudoeurycea leprosa,"Pseudoeurycea leprosa (Cope, 1869)",-97.272227,18.603063,1110,PRESERVED_SPECIMEN,LACM,fcbd4fa6-6e2b-4715-b896-cf117691625d,MX,Puebla,1972,1972-08-30,"cdround,osiic"
4168520167,Pseudoeurycea leprosa,"Pseudoeurycea leprosa (Cope, 1869)",-97.211947,18.975003,770,PRESERVED_SPECIMEN,LACM,fcbd4fa6-6e2b-4715-b896-cf117691625d,MX,Veracruz de ignacio de la llave,1972,1972-08-29,"cdround,osiic"
4168520274,Pseudoeurycea leprosa,"Pseudoeurycea leprosa (Cope, 1869)",-97.272227,18.603063,1110,PRESERVED_SPECIMEN,LACM,fcbd4fa6-6e2b-4715-b896-cf117691625d,MX,Puebla,1972,1972-08-30,"cdround,osiic"
4168520580,Pseudoeurycea leprosa,"Pseudoeurycea leprosa (Cope, 1869)",-97.272227,18.603063,1110,PRESERVED_SPECIMEN,LACM,fcbd4fa6-6e2b-4715-b896-cf117691625d,MX,Puebla,1972,1972-08-30,"cdround,osiic"
4168521224,Pseudoeurycea leprosa,"Pseudoeurycea leprosa (Cope, 1869)",-97.093067,18.695833,1040,PRESERVED_SPECIMEN,LACM,fcbd4fa6-6e2b-4715-b896-cf117691625d,MX,Veracruz de ignacio de la llave,1972,1972-08-31,"cdround,osiic"
4168521735,Pseudoeurycea leprosa,"Pseudoeurycea leprosa (Cope, 1869)",-97.211947,18.975003,770,PRESERVED_SPECIMEN,LACM,fcbd4fa6-6e2b-4715-b896-cf117691625d,MX,Veracruz de ignacio de la llave,1972,1972-08-29,"cdround,osiic"
4168521862,Pseudoeurycea leprosa,"Pseudoeurycea leprosa (Cope, 1869)",-97.211947,18.975003,770,PRESERVED_SPECIMEN,LACM,fcbd4fa6-6e2b-4715-b896-cf117691625d,MX,Veracruz de ignacio de la llave,1972,1972-08-29,"cdround,osiic"
4168521883,Pseudoeurycea leprosa,"Pseudoeurycea leprosa (Cope, 1869)",-97.211947,18.975003,770,PRESERVED_SPECIMEN,LACM,fcbd4fa6-6e2b-4715-b896-cf117691625d,MX,Veracruz de ignacio de la llave,1972,1972-08-29,"cdround,osiic"
4168521928,Pseudoeurycea leprosa,"Pseudoeurycea leprosa (Cope, 1869)",-97.093067,18.695833,1040,PRESERVED_SPECIMEN,LACM,fcbd4fa6-6e2b-4715-b896-cf117691625d,MX,Veracruz de ignacio de la llave,1972,1972-08-31,"cdround,osiic"
4168521996,Pseudoeurycea leprosa,"Pseudoeurycea leprosa (Cope, 1869)",-97.211947,18.975003,770,PRESERVED_SPECIMEN,LACM,fcbd4fa6-6e2b-4715-b896-cf117691625d,MX,Veracruz de ignacio de la llave,1972,1972-08-29,"cdround,osiic"
4168522259,Pseudoeurycea leprosa,"Pseudoeurycea leprosa (Cope, 1869)",-97.211947,18.975003,770,PRESERVED_SPECIMEN,LACM,fcbd4fa6-6e2b-4715-b896-cf117691625d,MX,Veracruz de ignacio de la llave,1972,1972-08-29,"cdround,osiic"
4168523518,Pseudoeurycea leprosa,"Pseudoeurycea leprosa (Cope, 1869)",-97.211947,18.975003,770,PRESERVED_SPECIMEN,LACM,fcbd4fa6-6e2b-4715-b896-cf117691625d,MX,Veracruz de ignacio de la llave,1972,1972-08-29,"cdround,osiic"
4168523995,Pseudoeurycea leprosa,"Pseudoeurycea leprosa (Cope, 1869)",-97.211947,18.975003,770,PRESERVED_SPECIMEN,LACM,fcbd4fa6-6e2b-4715-b896-cf117691625d,MX,Veracruz de ignacio de la llave,1972,1972-08-29,"cdround,osiic"
4168527076,Pseudoeurycea leprosa,"Pseudoeurycea leprosa (Cope, 1869)",-97.211947,18.975003,770,PRESERVED_SPECIMEN,LACM,fcbd4fa6-6e2b-4715-b896-cf117691625d,MX,Veracruz de ignacio de la llave,1972,1972-08-29,"cdround,osiic"
4168527153,Pseudoeurycea leprosa,"Pseudoeurycea leprosa (Cope, 1869)",-97.272227,18.603063,1110,PRESERVED_SPECIMEN,LACM,fcbd4fa6-6e2b-4715-b896-cf117691625d,MX,Puebla,1972,1972-08-30,"cdround,osiic"
4168527895,Pseudoeurycea leprosa,"Pseudoeurycea leprosa (Cope, 1869)",-97.272227,18.603063,1110,PRESERVED_SPECIMEN,LACM,fcbd4fa6-6e2b-4715-b896-cf117691625d,MX,Puebla,1972,1972-08-30,"cdround,osiic"
657452610,Pseudoeurycea leprosa,"Pseudoeurycea leprosa (Cope, 1869)",-98.67,19.34,NA,PRESERVED_SPECIMEN,LACM,7a25f7aa-03fb-4322-aaeb-66719e1a9527,MX,Mexico,1972,1972-09-06,
657452611,Pseudoeurycea leprosa,"Pseudoeurycea leprosa (Cope, 1869)",-98.67,19.34,NA,PRESERVED_SPECIMEN,LACM,7a25f7aa-03fb-4322-aaeb-66719e1a9527,MX,Mexico,1972,1972-09-06,
657452612,Pseudoeurycea leprosa,"Pseudoeurycea leprosa (Cope, 1869)",-98.67,19.34,NA,PRESERVED_SPECIMEN,LACM,7a25f7aa-03fb-4322-aaeb-66719e1a9527,MX,Mexico,1972,1972-09-06,
657452613,Pseudoeurycea leprosa,"Pseudoeurycea leprosa (Cope, 1869)",-98.67,19.34,NA,PRESERVED_SPECIMEN,LACM,7a25f7aa-03fb-4322-aaeb-66719e1a9527,MX,Mexico,1972,1972-09-06,
657452614,Pseudoeurycea leprosa,"Pseudoeurycea leprosa (Cope, 1869)",-98.67,19.34,NA,PRESERVED_SPECIMEN,LACM,7a25f7aa-03fb-4322-aaeb-66719e1a9527,MX,Mexico,1972,1972-09-06,
657452615,Pseudoeurycea leprosa,"Pseudoeurycea leprosa (Cope, 1869)",-98.67,19.34,NA,PRESERVED_SPECIMEN,LACM,7a25f7aa-03fb-4322-aaeb-66719e1a9527,MX,Mexico,1972,1972-09-06,
657452616,Pseudoeurycea leprosa,"Pseudoeurycea leprosa (Cope, 1869)",-98.67,19.34,NA,PRESERVED_SPECIMEN,LACM,7a25f7aa-03fb-4322-aaeb-66719e1a9527,MX,Mexico,1972,1972-09-06,
657452617,Pseudoeurycea leprosa,"Pseudoeurycea leprosa (Cope, 1869)",-98.67,19.34,NA,PRESERVED_SPECIMEN,LACM,7a25f7aa-03fb-4322-aaeb-66719e1a9527,MX,Mexico,1972,1972-09-06,
657452618,Pseudoeurycea leprosa,"Pseudoeurycea leprosa (Cope, 1869)",-98.67,19.34,NA,PRESERVED_SPECIMEN,LACM,7a25f7aa-03fb-4322-aaeb-66719e1a9527,MX,Mexico,1972,1972-09-06,
657452619,Pseudoeurycea leprosa,"Pseudoeurycea leprosa (Cope, 1869)",-98.67,19.34,NA,PRESERVED_SPECIMEN,LACM,7a25f7aa-03fb-4322-aaeb-66719e1a9527,MX,Mexico,1972,1972-09-06,
657452620,Pseudoeurycea leprosa,"Pseudoeurycea leprosa (Cope, 1869)",-98.67,19.34,NA,PRESERVED_SPECIMEN,LACM,7a25f7aa-03fb-4322-aaeb-66719e1a9527,MX,Mexico,1972,1972-09-06,
657452621,Pseudoeurycea leprosa,"Pseudoeurycea leprosa (Cope, 1869)",-98.67,19.34,NA,PRESERVED_SPECIMEN,LACM,7a25f7aa-03fb-4322-aaeb-66719e1a9527,MX,Mexico,1972,1972-09-06,
657452622,Pseudoeurycea leprosa,"Pseudoeurycea leprosa (Cope, 1869)",-98.67,19.34,NA,PRESERVED_SPECIMEN,LACM,7a25f7aa-03fb-4322-aaeb-66719e1a9527,MX,Mexico,1972,1972-09-06,
657452623,Pseudoeurycea leprosa,"Pseudoeurycea leprosa (Cope, 1869)",-98.67,19.34,NA,PRESERVED_SPECIMEN,LACM,7a25f7aa-03fb-4322-aaeb-66719e1a9527,MX,Mexico,1972,1972-09-06,
657452624,Pseudoeurycea leprosa,"Pseudoeurycea leprosa (Cope, 1869)",-98.67,19.34,NA,PRESERVED_SPECIMEN,LACM,7a25f7aa-03fb-4322-aaeb-66719e1a9527,MX,Mexico,1972,1972-09-06,
657452625,Pseudoeurycea leprosa,"Pseudoeurycea leprosa (Cope, 1869)",-98.67,19.34,NA,PRESERVED_SPECIMEN,LACM,7a25f7aa-03fb-4322-aaeb-66719e1a9527,MX,Mexico,1972,1972-09-06,
4168728323,Pseudoeurycea leprosa,"Pseudoeurycea leprosa (Cope, 1869)",-98.670833,19.338056,80,PRESERVED_SPECIMEN,LACM,0159cf6b-6a46-4365-96f1-d7ca2511f082,MX,Mexico,1972,1972-09-06,"cdround,rdativ,osiic"
4168728336,Pseudoeurycea leprosa,"Pseudoeurycea leprosa (Cope, 1869)",-98.670833,19.338056,80,PRESERVED_SPECIMEN,LACM,0159cf6b-6a46-4365-96f1-d7ca2511f082,MX,Mexico,1972,1972-09-06,"cdround,rdativ,osiic"
4168728351,Pseudoeurycea leprosa,"Pseudoeurycea leprosa (Cope, 1869)",-98.670833,19.338056,80,PRESERVED_SPECIMEN,LACM,0159cf6b-6a46-4365-96f1-d7ca2511f082,MX,Mexico,1972,1972-09-06,"cdround,rdativ,osiic"
4168728646,Pseudoeurycea leprosa,"Pseudoeurycea leprosa (Cope, 1869)",-98.670833,19.338056,80,PRESERVED_SPECIMEN,LACM,0159cf6b-6a46-4365-96f1-d7ca2511f082,MX,Mexico,1972,1972-09-06,"cdround,rdativ,osiic"
4168728786,Pseudoeurycea leprosa,"Pseudoeurycea leprosa (Cope, 1869)",-98.670833,19.338056,80,PRESERVED_SPECIMEN,LACM,0159cf6b-6a46-4365-96f1-d7ca2511f082,MX,Mexico,1972,1972-09-06,"cdround,rdativ,osiic"
4168728803,Pseudoeurycea leprosa,"Pseudoeurycea leprosa (Cope, 1869)",-98.670833,19.338056,80,PRESERVED_SPECIMEN,LACM,0159cf6b-6a46-4365-96f1-d7ca2511f082,MX,Mexico,1972,1972-09-06,"cdround,rdativ,osiic"
4168728858,Pseudoeurycea leprosa,"Pseudoeurycea leprosa (Cope, 1869)",-98.670833,19.338056,80,PRESERVED_SPECIMEN,LACM,0159cf6b-6a46-4365-96f1-d7ca2511f082,MX,Mexico,1972,1972-09-06,"cdround,rdativ,osiic"
4168729125,Pseudoeurycea leprosa,"Pseudoeurycea leprosa (Cope, 1869)",-98.670833,19.338056,80,PRESERVED_SPECIMEN,LACM,0159cf6b-6a46-4365-96f1-d7ca2511f082,MX,Mexico,1972,1972-09-06,"cdround,rdativ,osiic"
4168729139,Pseudoeurycea leprosa,"Pseudoeurycea leprosa (Cope, 1869)",-98.670833,19.338056,80,PRESERVED_SPECIMEN,LACM,0159cf6b-6a46-4365-96f1-d7ca2511f082,MX,Mexico,1972,1972-09-06,"cdround,rdativ,osiic"
4168729230,Pseudoeurycea leprosa,"Pseudoeurycea leprosa (Cope, 1869)",-98.670833,19.338056,80,PRESERVED_SPECIMEN,LACM,0159cf6b-6a46-4365-96f1-d7ca2511f082,MX,Mexico,1972,1972-09-06,"cdround,rdativ,osiic"
4168729248,Pseudoeurycea leprosa,"Pseudoeurycea leprosa (Cope, 1869)",-98.670833,19.338056,80,PRESERVED_SPECIMEN,LACM,0159cf6b-6a46-4365-96f1-d7ca2511f082,MX,Mexico,1972,1972-09-06,"cdround,rdativ,osiic"
4168730367,Pseudoeurycea leprosa,"Pseudoeurycea leprosa (Cope, 1869)",-98.670833,19.338056,80,PRESERVED_SPECIMEN,LACM,0159cf6b-6a46-4365-96f1-d7ca2511f082,MX,Mexico,1972,1972-09-06,"cdround,rdativ,osiic"
4168730437,Pseudoeurycea leprosa,"Pseudoeurycea leprosa (Cope, 1869)",-98.670833,19.338056,80,PRESERVED_SPECIMEN,LACM,0159cf6b-6a46-4365-96f1-d7ca2511f082,MX,Mexico,1972,1972-09-06,"cdround,rdativ,osiic"
4168730558,Pseudoeurycea leprosa,"Pseudoeurycea leprosa (Cope, 1869)",-98.670833,19.338056,80,PRESERVED_SPECIMEN,LACM,0159cf6b-6a46-4365-96f1-d7ca2511f082,MX,Mexico,1972,1972-09-06,"cdround,rdativ,osiic"
4168730707,Pseudoeurycea leprosa,"Pseudoeurycea leprosa (Cope, 1869)",-98.670833,19.338056,80,PRESERVED_SPECIMEN,LACM,0159cf6b-6a46-4365-96f1-d7ca2511f082,MX,Mexico,1972,1972-09-06,"cdround,rdativ,osiic"
4168730948,Pseudoeurycea leprosa,"Pseudoeurycea leprosa (Cope, 1869)",-98.670833,19.338056,80,PRESERVED_SPECIMEN,LACM,0159cf6b-6a46-4365-96f1-d7ca2511f082,MX,Mexico,1972,1972-09-06,"cdround,rdativ,osiic"
1895031393,Pseudoeurycea leprosa,"Pseudoeurycea leprosa (Cope, 1869)",-98.713889,19.344444,80,PRESERVED_SPECIMEN,MVZ,0159cf6b-6a46-4365-96f1-d7ca2511f082,MX,Mexico,1972,1972-12-17,"cdround,osiic"
1895031466,Pseudoeurycea leprosa,"Pseudoeurycea leprosa (Cope, 1869)",-98.713889,19.344444,80,PRESERVED_SPECIMEN,MVZ,0159cf6b-6a46-4365-96f1-d7ca2511f082,MX,Mexico,1972,1972-12-17,"cdround,osiic"
1895031903,Pseudoeurycea leprosa,"Pseudoeurycea leprosa (Cope, 1869)",-98.713889,19.344444,80,PRESERVED_SPECIMEN,MVZ,0159cf6b-6a46-4365-96f1-d7ca2511f082,MX,Mexico,1972,1972-12-17,"cdround,osiic"
1895031955,Pseudoeurycea leprosa,"Pseudoeurycea leprosa (Cope, 1869)",-98.713889,19.344444,80,PRESERVED_SPECIMEN,MVZ,0159cf6b-6a46-4365-96f1-d7ca2511f082,MX,Mexico,1972,1972-12-17,"cdround,osiic"
5147023758,Pseudoeurycea leprosa,"Pseudoeurycea leprosa (Cope, 1869)",-97.098611,19.498333,12365,PRESERVED_SPECIMEN,MVZ,09c4287e-e6d5-4552-a07f-bff8a00833d8,MX,Veracruz,1972,1972-12-17,"cdc,cdround,incomis,inmafu"
5147261753,Pseudoeurycea leprosa,"Pseudoeurycea leprosa (Cope, 1869)",-97.133333,19.628889,2042,PRESERVED_SPECIMEN,MVZ,09c4287e-e6d5-4552-a07f-bff8a00833d8,MX,Veracruz,1972,1972-12-17,"cdc,cdround,incomis,inmafu"
5147264750,Pseudoeurycea leprosa,"Pseudoeurycea leprosa (Cope, 1869)",-97.133333,19.628889,2042,PRESERVED_SPECIMEN,MVZ,09c4287e-e6d5-4552-a07f-bff8a00833d8,MX,Veracruz,1972,1972-12-17,"cdc,cdround,incomis,inmafu"
5147378755,Pseudoeurycea leprosa,"Pseudoeurycea leprosa (Cope, 1869)",-97.098611,19.498333,12365,PRESERVED_SPECIMEN,MVZ,09c4287e-e6d5-4552-a07f-bff8a00833d8,MX,Veracruz,1972,1972-12-17,"cdc,cdround,incomis,inmafu"
5147393748,Pseudoeurycea leprosa,"Pseudoeurycea leprosa (Cope, 1869)",-98.669722,19.361389,3655,PRESERVED_SPECIMEN,MVZ,09c4287e-e6d5-4552-a07f-bff8a00833d8,MX,Mexico,1972,1972-12-17,"cdc,cdround,incomis,inmafu"
5147478744,Pseudoeurycea leprosa,"Pseudoeurycea leprosa (Cope, 1869)",-98.669722,19.361389,3655,PRESERVED_SPECIMEN,MVZ,09c4287e-e6d5-4552-a07f-bff8a00833d8,MX,Mexico,1972,1972-12-17,"cdc,cdround,incomis,inmafu"
5147478745,Pseudoeurycea leprosa,"Pseudoeurycea leprosa (Cope, 1869)",-98.669722,19.361389,3655,PRESERVED_SPECIMEN,MVZ,09c4287e-e6d5-4552-a07f-bff8a00833d8,MX,Mexico,1972,1972-12-17,"cdc,cdround,incomis,inmafu"
5147479749,Pseudoeurycea leprosa,"Pseudoeurycea leprosa (Cope, 1869)",-98.669722,19.361389,3655,PRESERVED_SPECIMEN,MVZ,09c4287e-e6d5-4552-a07f-bff8a00833d8,MX,Mexico,1972,1972-12-17,"cdc,cdround,incomis,inmafu"
5147479750,Pseudoeurycea leprosa,"Pseudoeurycea leprosa (Cope, 1869)",-98.669722,19.361389,3655,PRESERVED_SPECIMEN,MVZ,09c4287e-e6d5-4552-a07f-bff8a00833d8,MX,Mexico,1972,1972-12-17,"cdc,cdround,incomis,inmafu"
1894837145,Pseudoeurycea leprosa,"Pseudoeurycea leprosa (Cope, 1869)",-97.194567,19.521293,3060,PRESERVED_SPECIMEN,TCWC,fcbd4fa6-6e2b-4715-b896-cf117691625d,MX,Veracruz de ignacio de la llave,1971,1971-07-07,"cdround,osiic"
1894837214,Pseudoeurycea leprosa,"Pseudoeurycea leprosa (Cope, 1869)",-97.194567,19.521293,3060,PRESERVED_SPECIMEN,TCWC,fcbd4fa6-6e2b-4715-b896-cf117691625d,MX,Veracruz de ignacio de la llave,1971,1971-07-07,"cdround,osiic"
1894837219,Pseudoeurycea leprosa,"Pseudoeurycea leprosa (Cope, 1869)",-97.194567,19.521293,3060,PRESERVED_SPECIMEN,TCWC,fcbd4fa6-6e2b-4715-b896-cf117691625d,MX,Veracruz de ignacio de la llave,1971,1971-07-07,"cdround,osiic"
1894837270,Pseudoeurycea leprosa,"Pseudoeurycea leprosa (Cope, 1869)",-97.194567,19.521293,3060,PRESERVED_SPECIMEN,TCWC,fcbd4fa6-6e2b-4715-b896-cf117691625d,MX,Veracruz de ignacio de la llave,1971,1971-07-07,"cdround,osiic"
1894837468,Pseudoeurycea leprosa,"Pseudoeurycea leprosa (Cope, 1869)",-97.194567,19.521293,3060,PRESERVED_SPECIMEN,TCWC,fcbd4fa6-6e2b-4715-b896-cf117691625d,MX,Veracruz de ignacio de la llave,1971,1971-07-07,"cdround,osiic"
1894837642,Pseudoeurycea leprosa,"Pseudoeurycea leprosa (Cope, 1869)",-97.194567,19.521293,3060,PRESERVED_SPECIMEN,TCWC,fcbd4fa6-6e2b-4715-b896-cf117691625d,MX,Veracruz de ignacio de la llave,1971,1971-07-07,"cdround,osiic"
476629537,Pseudoeurycea leprosa,"Pseudoeurycea leprosa (Cope, 1869)",-98.6300914,19.3506232,NA,PRESERVED_SPECIMEN,MCZ,4bfac3ea-8763-4f4b-a71a-76a6f5f243d3,MX,Puebla,1971,1971-08-30,"cdrep,colmafu,inmafu"
476629538,Pseudoeurycea leprosa,"Pseudoeurycea leprosa (Cope, 1869)",-98.6300914,19.3506232,NA,PRESERVED_SPECIMEN,MCZ,4bfac3ea-8763-4f4b-a71a-76a6f5f243d3,MX,Puebla,1971,1971-08-30,"cdrep,colmafu,inmafu"
657410109,Pseudoeurycea leprosa,"Pseudoeurycea leprosa (Cope, 1869)",-99.3,19.05,NA,PRESERVED_SPECIMEN,LACM,7a25f7aa-03fb-4322-aaeb-66719e1a9527,MX,Morelos,1971,1971-08-08,
1897582405,Pseudoeurycea leprosa,"Pseudoeurycea leprosa (Cope, 1869)",-98.63,19.35,80,PRESERVED_SPECIMEN,MCZ,a72ac6ef-6f55-4b17-a1d1-b213d5bb8977,MX,Puebla,1971,1971-08-30,"cdround,osiic"
1897582513,Pseudoeurycea leprosa,"Pseudoeurycea leprosa (Cope, 1869)",-98.63,19.35,80,PRESERVED_SPECIMEN,MCZ,a72ac6ef-6f55-4b17-a1d1-b213d5bb8977,MX,Puebla,1971,1971-08-30,"cdround,osiic"
4168523844,Pseudoeurycea leprosa,"Pseudoeurycea leprosa (Cope, 1869)",-99.314001,19.049793,358,PRESERVED_SPECIMEN,LACM,fcbd4fa6-6e2b-4715-b896-cf117691625d,MX,Morelos,1971,1971-08-08,"cdround,osiic"
657459473,Pseudoeurycea leprosa,"Pseudoeurycea leprosa (Cope, 1869)",-97.19,18.98,NA,PRESERVED_SPECIMEN,LACM,7a25f7aa-03fb-4322-aaeb-66719e1a9527,MX,Veracruz,1970,1970-04-02,
657459474,Pseudoeurycea leprosa,"Pseudoeurycea leprosa (Cope, 1869)",-97.19,18.98,NA,PRESERVED_SPECIMEN,LACM,7a25f7aa-03fb-4322-aaeb-66719e1a9527,MX,Veracruz,1970,1970-04-02,
657459475,Pseudoeurycea leprosa,"Pseudoeurycea leprosa (Cope, 1869)",-97.19,18.98,NA,PRESERVED_SPECIMEN,LACM,7a25f7aa-03fb-4322-aaeb-66719e1a9527,MX,Veracruz,1970,1970-04-02,
657459476,Pseudoeurycea leprosa,"Pseudoeurycea leprosa (Cope, 1869)",-97.19,18.98,NA,PRESERVED_SPECIMEN,LACM,7a25f7aa-03fb-4322-aaeb-66719e1a9527,MX,Veracruz,1970,1970-04-02,
657459477,Pseudoeurycea leprosa,"Pseudoeurycea leprosa (Cope, 1869)",-97.19,18.98,NA,PRESERVED_SPECIMEN,LACM,7a25f7aa-03fb-4322-aaeb-66719e1a9527,MX,Veracruz,1970,1970-04-02,
657459478,Pseudoeurycea leprosa,"Pseudoeurycea leprosa (Cope, 1869)",-97.19,18.98,NA,PRESERVED_SPECIMEN,LACM,7a25f7aa-03fb-4322-aaeb-66719e1a9527,MX,Veracruz,1970,1970-04-02,
657459479,Pseudoeurycea leprosa,"Pseudoeurycea leprosa (Cope, 1869)",-97.19,18.98,NA,PRESERVED_SPECIMEN,LACM,7a25f7aa-03fb-4322-aaeb-66719e1a9527,MX,Veracruz,1970,1970-04-02,
657459480,Pseudoeurycea leprosa,"Pseudoeurycea leprosa (Cope, 1869)",-97.19,18.98,NA,PRESERVED_SPECIMEN,LACM,7a25f7aa-03fb-4322-aaeb-66719e1a9527,MX,Veracruz,1970,1970-04-02,
657459481,Pseudoeurycea leprosa,"Pseudoeurycea leprosa (Cope, 1869)",-97.19,18.98,NA,PRESERVED_SPECIMEN,LACM,7a25f7aa-03fb-4322-aaeb-66719e1a9527,MX,Veracruz,1970,1970-04-02,
657459482,Pseudoeurycea leprosa,"Pseudoeurycea leprosa (Cope, 1869)",-97.19,18.98,NA,PRESERVED_SPECIMEN,LACM,7a25f7aa-03fb-4322-aaeb-66719e1a9527,MX,Veracruz,1970,1970-04-02,
657459483,Pseudoeurycea leprosa,"Pseudoeurycea leprosa (Cope, 1869)",-97.19,18.98,NA,PRESERVED_SPECIMEN,LACM,7a25f7aa-03fb-4322-aaeb-66719e1a9527,MX,Veracruz,1970,1970-04-02,
657459484,Pseudoeurycea leprosa,"Pseudoeurycea leprosa (Cope, 1869)",-97.19,18.98,NA,PRESERVED_SPECIMEN,LACM,7a25f7aa-03fb-4322-aaeb-66719e1a9527,MX,Veracruz,1970,1970-04-02,
657459485,Pseudoeurycea leprosa,"Pseudoeurycea leprosa (Cope, 1869)",-97.19,18.98,NA,PRESERVED_SPECIMEN,LACM,7a25f7aa-03fb-4322-aaeb-66719e1a9527,MX,Veracruz,1970,1970-04-02,
657459486,Pseudoeurycea leprosa,"Pseudoeurycea leprosa (Cope, 1869)",-97.19,18.98,NA,PRESERVED_SPECIMEN,LACM,7a25f7aa-03fb-4322-aaeb-66719e1a9527,MX,Veracruz,1970,1970-04-02,
657459487,Pseudoeurycea leprosa,"Pseudoeurycea leprosa (Cope, 1869)",-97.19,18.98,NA,PRESERVED_SPECIMEN,LACM,7a25f7aa-03fb-4322-aaeb-66719e1a9527,MX,Veracruz,1970,1970-04-02,
657459488,Pseudoeurycea leprosa,"Pseudoeurycea leprosa (Cope, 1869)",-97.19,18.98,NA,PRESERVED_SPECIMEN,LACM,7a25f7aa-03fb-4322-aaeb-66719e1a9527,MX,Veracruz,1970,1970-04-02,
657459489,Pseudoeurycea leprosa,"Pseudoeurycea leprosa (Cope, 1869)",-97.19,18.98,NA,PRESERVED_SPECIMEN,LACM,7a25f7aa-03fb-4322-aaeb-66719e1a9527,MX,Veracruz,1970,1970-04-02,
657459490,Pseudoeurycea leprosa,"Pseudoeurycea leprosa (Cope, 1869)",-97.19,18.98,NA,PRESERVED_SPECIMEN,LACM,7a25f7aa-03fb-4322-aaeb-66719e1a9527,MX,Veracruz,1970,1970-04-04,
657459491,Pseudoeurycea leprosa,"Pseudoeurycea leprosa (Cope, 1869)",-97.19,18.98,NA,PRESERVED_SPECIMEN,LACM,7a25f7aa-03fb-4322-aaeb-66719e1a9527,MX,Veracruz,1970,1970-04-04,
4168518301,Pseudoeurycea leprosa,"Pseudoeurycea leprosa (Cope, 1869)",-97.190567,18.982278,1840,PRESERVED_SPECIMEN,LACM,fcbd4fa6-6e2b-4715-b896-cf117691625d,MX,Veracruz de ignacio de la llave,1970,1970-04-02,"cdround,rdativ,osiic"
4168518516,Pseudoeurycea leprosa,"Pseudoeurycea leprosa (Cope, 1869)",-97.190567,18.982278,1840,PRESERVED_SPECIMEN,LACM,fcbd4fa6-6e2b-4715-b896-cf117691625d,MX,Veracruz de ignacio de la llave,1970,1970-04-02,"cdround,rdativ,osiic"
4168519475,Pseudoeurycea leprosa,"Pseudoeurycea leprosa (Cope, 1869)",-97.190567,18.982278,1840,PRESERVED_SPECIMEN,LACM,fcbd4fa6-6e2b-4715-b896-cf117691625d,MX,Veracruz de ignacio de la llave,1970,1970-04-02,"cdround,rdativ,osiic"
4168519532,Pseudoeurycea leprosa,"Pseudoeurycea leprosa (Cope, 1869)",-97.190567,18.982278,1840,PRESERVED_SPECIMEN,LACM,fcbd4fa6-6e2b-4715-b896-cf117691625d,MX,Veracruz de ignacio de la llave,1970,1970-04-02,"cdround,rdativ,osiic"
4168519896,Pseudoeurycea leprosa,"Pseudoeurycea leprosa (Cope, 1869)",-97.190567,18.982278,1840,PRESERVED_SPECIMEN,LACM,fcbd4fa6-6e2b-4715-b896-cf117691625d,MX,Veracruz de ignacio de la llave,1970,1970-04-02,"cdround,rdativ,osiic"
4168520641,Pseudoeurycea leprosa,"Pseudoeurycea leprosa (Cope, 1869)",-97.190567,18.982278,1840,PRESERVED_SPECIMEN,LACM,fcbd4fa6-6e2b-4715-b896-cf117691625d,MX,Veracruz de ignacio de la llave,1970,1970-04-02,"cdround,rdativ,osiic"
4168520678,Pseudoeurycea leprosa,"Pseudoeurycea leprosa (Cope, 1869)",-97.190567,18.982278,1840,PRESERVED_SPECIMEN,LACM,fcbd4fa6-6e2b-4715-b896-cf117691625d,MX,Veracruz de ignacio de la llave,1970,1970-04-02,"cdround,rdativ,osiic"
4168521180,Pseudoeurycea leprosa,"Pseudoeurycea leprosa (Cope, 1869)",-97.190567,18.982278,1840,PRESERVED_SPECIMEN,LACM,fcbd4fa6-6e2b-4715-b896-cf117691625d,MX,Veracruz de ignacio de la llave,1970,1970-04-04,"cdround,osiic"
4168521695,Pseudoeurycea leprosa,"Pseudoeurycea leprosa (Cope, 1869)",-97.190567,18.982278,1840,PRESERVED_SPECIMEN,LACM,fcbd4fa6-6e2b-4715-b896-cf117691625d,MX,Veracruz de ignacio de la llave,1970,1970-04-02,"cdround,rdativ,osiic"
4168522229,Pseudoeurycea leprosa,"Pseudoeurycea leprosa (Cope, 1869)",-97.190567,18.982278,1840,PRESERVED_SPECIMEN,LACM,fcbd4fa6-6e2b-4715-b896-cf117691625d,MX,Veracruz de ignacio de la llave,1970,1970-04-02,"cdround,rdativ,osiic"
4168522421,Pseudoeurycea leprosa,"Pseudoeurycea leprosa (Cope, 1869)",-97.190567,18.982278,1840,PRESERVED_SPECIMEN,LACM,fcbd4fa6-6e2b-4715-b896-cf117691625d,MX,Veracruz de ignacio de la llave,1970,1970-04-02,"cdround,rdativ,osiic"
4168523237,Pseudoeurycea leprosa,"Pseudoeurycea leprosa (Cope, 1869)",-97.190567,18.982278,1840,PRESERVED_SPECIMEN,LACM,fcbd4fa6-6e2b-4715-b896-cf117691625d,MX,Veracruz de ignacio de la llave,1970,1970-04-02,"cdround,rdativ,osiic"
4168523284,Pseudoeurycea leprosa,"Pseudoeurycea leprosa (Cope, 1869)",-97.190567,18.982278,1840,PRESERVED_SPECIMEN,LACM,fcbd4fa6-6e2b-4715-b896-cf117691625d,MX,Veracruz de ignacio de la llave,1970,1970-04-02,"cdround,rdativ,osiic"
4168523392,Pseudoeurycea leprosa,"Pseudoeurycea leprosa (Cope, 1869)",-97.190567,18.982278,1840,PRESERVED_SPECIMEN,LACM,fcbd4fa6-6e2b-4715-b896-cf117691625d,MX,Veracruz de ignacio de la llave,1970,1970-04-02,"cdround,rdativ,osiic"
4168523746,Pseudoeurycea leprosa,"Pseudoeurycea leprosa (Cope, 1869)",-97.190567,18.982278,1840,PRESERVED_SPECIMEN,LACM,fcbd4fa6-6e2b-4715-b896-cf117691625d,MX,Veracruz de ignacio de la llave,1970,1970-04-04,"cdround,osiic"
4168523782,Pseudoeurycea leprosa,"Pseudoeurycea leprosa (Cope, 1869)",-97.190567,18.982278,1840,PRESERVED_SPECIMEN,LACM,fcbd4fa6-6e2b-4715-b896-cf117691625d,MX,Veracruz de ignacio de la llave,1970,1970-04-02,"cdround,rdativ,osiic"
4168526484,Pseudoeurycea leprosa,"Pseudoeurycea leprosa (Cope, 1869)",-97.190567,18.982278,1840,PRESERVED_SPECIMEN,LACM,fcbd4fa6-6e2b-4715-b896-cf117691625d,MX,Veracruz de ignacio de la llave,1970,1970-04-02,"cdround,rdativ,osiic"
4168527682,Pseudoeurycea leprosa,"Pseudoeurycea leprosa (Cope, 1869)",-97.190567,18.982278,1840,PRESERVED_SPECIMEN,LACM,fcbd4fa6-6e2b-4715-b896-cf117691625d,MX,Veracruz de ignacio de la llave,1970,1970-04-02,"cdround,rdativ,osiic"
4168528011,Pseudoeurycea leprosa,"Pseudoeurycea leprosa (Cope, 1869)",-97.190567,18.982278,1840,PRESERVED_SPECIMEN,LACM,fcbd4fa6-6e2b-4715-b896-cf117691625d,MX,Veracruz de ignacio de la llave,1970,1970-04-02,"cdround,rdativ,osiic"
5147180694,Pseudoeurycea leprosa,"Pseudoeurycea leprosa (Cope, 1869)",-97.190556,18.975,1672,PRESERVED_SPECIMEN,MVZ,09c4287e-e6d5-4552-a07f-bff8a00833d8,MX,Veracruz,1970,1970-04-01/1970-04-30,"cdc,cdround,incomis,inmafu"
657460411,Pseudoeurycea leprosa,"Pseudoeurycea leprosa (Cope, 1869)",-97.65,18.88,NA,PRESERVED_SPECIMEN,LACM,7a25f7aa-03fb-4322-aaeb-66719e1a9527,MX,Puebla,1970,1970-07-24,
657460412,Pseudoeurycea leprosa,"Pseudoeurycea leprosa (Cope, 1869)",-97.65,18.88,NA,PRESERVED_SPECIMEN,LACM,7a25f7aa-03fb-4322-aaeb-66719e1a9527,MX,Puebla,1970,1970-07-24,
657460413,Pseudoeurycea leprosa,"Pseudoeurycea leprosa (Cope, 1869)",-97.65,18.88,NA,PRESERVED_SPECIMEN,LACM,7a25f7aa-03fb-4322-aaeb-66719e1a9527,MX,Puebla,1970,1970-07-24,
1895031607,Pseudoeurycea leprosa,"Pseudoeurycea leprosa (Cope, 1869)",-98.694444,19.3425,80,PRESERVED_SPECIMEN,MVZ,0159cf6b-6a46-4365-96f1-d7ca2511f082,MX,Mexico,1970,1970-07-11,"cdround,rdativ,osiic"
1895031737,Pseudoeurycea leprosa,"Pseudoeurycea leprosa (Cope, 1869)",-98.694444,19.3425,80,PRESERVED_SPECIMEN,MVZ,0159cf6b-6a46-4365-96f1-d7ca2511f082,MX,Mexico,1970,1970-07-11,"cdround,rdativ,osiic"
1895031757,Pseudoeurycea leprosa,"Pseudoeurycea leprosa (Cope, 1869)",-98.694444,19.3425,80,PRESERVED_SPECIMEN,MVZ,0159cf6b-6a46-4365-96f1-d7ca2511f082,MX,Mexico,1970,1970-07-11,"cdround,rdativ,osiic"
1895031840,Pseudoeurycea leprosa,"Pseudoeurycea leprosa (Cope, 1869)",-98.694444,19.3425,80,PRESERVED_SPECIMEN,MVZ,0159cf6b-6a46-4365-96f1-d7ca2511f082,MX,Mexico,1970,1970-07-11,"cdround,rdativ,osiic"
1895031884,Pseudoeurycea leprosa,"Pseudoeurycea leprosa (Cope, 1869)",-98.694444,19.3425,80,PRESERVED_SPECIMEN,MVZ,0159cf6b-6a46-4365-96f1-d7ca2511f082,MX,Mexico,1970,1970-07-11,"cdround,rdativ,osiic"
4168527279,Pseudoeurycea leprosa,"Pseudoeurycea leprosa (Cope, 1869)",-97.393308,18.649276,375,PRESERVED_SPECIMEN,LACM,fcbd4fa6-6e2b-4715-b896-cf117691625d,MX,Puebla,1970,1970-07-24,"cdround,osiic"
4168527619,Pseudoeurycea leprosa,"Pseudoeurycea leprosa (Cope, 1869)",-97.393308,18.649276,375,PRESERVED_SPECIMEN,LACM,fcbd4fa6-6e2b-4715-b896-cf117691625d,MX,Puebla,1970,1970-07-24,"cdround,osiic"
4168527658,Pseudoeurycea leprosa,"Pseudoeurycea leprosa (Cope, 1869)",-97.393308,18.649276,375,PRESERVED_SPECIMEN,LACM,fcbd4fa6-6e2b-4715-b896-cf117691625d,MX,Puebla,1970,1970-07-24,"cdround,osiic"
5147022628,Pseudoeurycea leprosa,"Pseudoeurycea leprosa (Cope, 1869)",-98.669722,19.3525,2750,PRESERVED_SPECIMEN,MVZ,09c4287e-e6d5-4552-a07f-bff8a00833d8,MX,Mexico,1970,1970-07-11,"cdc,cdround,incomis,inmafu"
5147267623,Pseudoeurycea leprosa,"Pseudoeurycea leprosa (Cope, 1869)",-98.642778,19.344722,2945,PRESERVED_SPECIMEN,MVZ,09c4287e-e6d5-4552-a07f-bff8a00833d8,MX,Puebla,1970,1970-07-11,"cdc,cdround,incomis,inmafu"
5147383631,Pseudoeurycea leprosa,"Pseudoeurycea leprosa (Cope, 1869)",-98.669722,19.3525,2750,PRESERVED_SPECIMEN,MVZ,09c4287e-e6d5-4552-a07f-bff8a00833d8,MX,Mexico,1970,1970-07-11,"cdc,cdround,incomis,inmafu"
5147393625,Pseudoeurycea leprosa,"Pseudoeurycea leprosa (Cope, 1869)",-98.669722,19.3525,2750,PRESERVED_SPECIMEN,MVZ,09c4287e-e6d5-4552-a07f-bff8a00833d8,MX,Mexico,1970,1970-07-11,"cdc,cdround,incomis,inmafu"
5147478623,Pseudoeurycea leprosa,"Pseudoeurycea leprosa (Cope, 1869)",-98.669722,19.3525,2750,PRESERVED_SPECIMEN,MVZ,09c4287e-e6d5-4552-a07f-bff8a00833d8,MX,Mexico,1970,1970-07-11,"cdc,cdround,incomis,inmafu"
5147479626,Pseudoeurycea leprosa,"Pseudoeurycea leprosa (Cope, 1869)",-98.669722,19.3525,2750,PRESERVED_SPECIMEN,MVZ,09c4287e-e6d5-4552-a07f-bff8a00833d8,MX,Mexico,1970,1970-07-11,"cdc,cdround,incomis,inmafu"
476629192,Pseudoeurycea leprosa,"Pseudoeurycea leprosa (Cope, 1869)",-98.6667623,19.350623,NA,PRESERVED_SPECIMEN,MCZ,4bfac3ea-8763-4f4b-a71a-76a6f5f243d3,MX,Mexico,1970,1970-08-23,"cdrep,iccos,colmafu,inmafu"
476629193,Pseudoeurycea leprosa,"Pseudoeurycea leprosa (Cope, 1869)",-98.6667623,19.350623,NA,PRESERVED_SPECIMEN,MCZ,4bfac3ea-8763-4f4b-a71a-76a6f5f243d3,MX,Mexico,1970,1970-08-23,"cdrep,iccos,colmafu,inmafu"
657459505,Pseudoeurycea leprosa,"Pseudoeurycea leprosa (Cope, 1869)",-97.19,18.98,NA,PRESERVED_SPECIMEN,LACM,7a25f7aa-03fb-4322-aaeb-66719e1a9527,MX,Veracruz,1970,1970-08-26,
657459506,Pseudoeurycea leprosa,"Pseudoeurycea leprosa (Cope, 1869)",-97.19,18.98,NA,PRESERVED_SPECIMEN,LACM,7a25f7aa-03fb-4322-aaeb-66719e1a9527,MX,Veracruz,1970,1970-08-26,
657459507,Pseudoeurycea leprosa,"Pseudoeurycea leprosa (Cope, 1869)",-97.19,18.98,NA,PRESERVED_SPECIMEN,LACM,7a25f7aa-03fb-4322-aaeb-66719e1a9527,MX,Veracruz,1970,1970-08-26,
657459508,Pseudoeurycea leprosa,"Pseudoeurycea leprosa (Cope, 1869)",-97.19,18.98,NA,PRESERVED_SPECIMEN,LACM,7a25f7aa-03fb-4322-aaeb-66719e1a9527,MX,Veracruz,1970,1970-08-26,
657459509,Pseudoeurycea leprosa,"Pseudoeurycea leprosa (Cope, 1869)",-97.19,18.98,NA,PRESERVED_SPECIMEN,LACM,7a25f7aa-03fb-4322-aaeb-66719e1a9527,MX,Veracruz,1970,1970-08-26,
657459510,Pseudoeurycea leprosa,"Pseudoeurycea leprosa (Cope, 1869)",-97.19,18.98,NA,PRESERVED_SPECIMEN,LACM,7a25f7aa-03fb-4322-aaeb-66719e1a9527,MX,Veracruz,1970,1970-08-26,
657459511,Pseudoeurycea leprosa,"Pseudoeurycea leprosa (Cope, 1869)",-97.19,18.98,NA,PRESERVED_SPECIMEN,LACM,7a25f7aa-03fb-4322-aaeb-66719e1a9527,MX,Veracruz,1970,1970-08-26,
657459512,Pseudoeurycea leprosa,"Pseudoeurycea leprosa (Cope, 1869)",-97.19,18.98,NA,PRESERVED_SPECIMEN,LACM,7a25f7aa-03fb-4322-aaeb-66719e1a9527,MX,Veracruz,1970,1970-08-26,
657459513,Pseudoeurycea leprosa,"Pseudoeurycea leprosa (Cope, 1869)",-97.19,18.98,NA,PRESERVED_SPECIMEN,LACM,7a25f7aa-03fb-4322-aaeb-66719e1a9527,MX,Veracruz,1970,1970-08-26,
657459514,Pseudoeurycea leprosa,"Pseudoeurycea leprosa (Cope, 1869)",-97.19,18.98,NA,PRESERVED_SPECIMEN,LACM,7a25f7aa-03fb-4322-aaeb-66719e1a9527,MX,Veracruz,1970,1970-08-26,
657459515,Pseudoeurycea leprosa,"Pseudoeurycea leprosa (Cope, 1869)",-97.19,18.98,NA,PRESERVED_SPECIMEN,LACM,7a25f7aa-03fb-4322-aaeb-66719e1a9527,MX,Veracruz,1970,1970-08-26,
657459516,Pseudoeurycea leprosa,"Pseudoeurycea leprosa (Cope, 1869)",-97.19,18.98,NA,PRESERVED_SPECIMEN,LACM,7a25f7aa-03fb-4322-aaeb-66719e1a9527,MX,Veracruz,1970,1970-08-26,
657459517,Pseudoeurycea leprosa,"Pseudoeurycea leprosa (Cope, 1869)",-97.19,18.98,NA,PRESERVED_SPECIMEN,LACM,7a25f7aa-03fb-4322-aaeb-66719e1a9527,MX,Veracruz,1970,1970-08-26,
657459518,Pseudoeurycea leprosa,"Pseudoeurycea leprosa (Cope, 1869)",-97.19,18.98,NA,PRESERVED_SPECIMEN,LACM,7a25f7aa-03fb-4322-aaeb-66719e1a9527,MX,Veracruz,1970,1970-08-26,
657459519,Pseudoeurycea leprosa,"Pseudoeurycea leprosa (Cope, 1869)",-97.19,18.98,NA,PRESERVED_SPECIMEN,LACM,7a25f7aa-03fb-4322-aaeb-66719e1a9527,MX,Veracruz,1970,1970-08-26,
657459520,Pseudoeurycea leprosa,"Pseudoeurycea leprosa (Cope, 1869)",-97.19,18.98,NA,PRESERVED_SPECIMEN,LACM,7a25f7aa-03fb-4322-aaeb-66719e1a9527,MX,Veracruz,1970,1970-08-26,
657459521,Pseudoeurycea leprosa,"Pseudoeurycea leprosa (Cope, 1869)",-97.19,18.98,NA,PRESERVED_SPECIMEN,LACM,7a25f7aa-03fb-4322-aaeb-66719e1a9527,MX,Veracruz,1970,1970-08-26,
657459522,Pseudoeurycea leprosa,"Pseudoeurycea leprosa (Cope, 1869)",-97.19,18.98,NA,PRESERVED_SPECIMEN,LACM,7a25f7aa-03fb-4322-aaeb-66719e1a9527,MX,Veracruz,1970,1970-08-26,
657459523,Pseudoeurycea leprosa,"Pseudoeurycea leprosa (Cope, 1869)",-97.19,18.98,NA,PRESERVED_SPECIMEN,LACM,7a25f7aa-03fb-4322-aaeb-66719e1a9527,MX,Veracruz,1970,1970-08-26,
657459524,Pseudoeurycea leprosa,"Pseudoeurycea leprosa (Cope, 1869)",-97.19,18.98,NA,PRESERVED_SPECIMEN,LACM,7a25f7aa-03fb-4322-aaeb-66719e1a9527,MX,Veracruz,1970,1970-08-26,
657460396,Pseudoeurycea leprosa,"Pseudoeurycea leprosa (Cope, 1869)",-97.19,18.98,NA,PRESERVED_SPECIMEN,LACM,7a25f7aa-03fb-4322-aaeb-66719e1a9527,MX,Veracruz,1970,1970-08-26,
657460397,Pseudoeurycea leprosa,"Pseudoeurycea leprosa (Cope, 1869)",-97.19,18.98,NA,PRESERVED_SPECIMEN,LACM,7a25f7aa-03fb-4322-aaeb-66719e1a9527,MX,Veracruz,1970,1970-08-26,
657460398,Pseudoeurycea leprosa,"Pseudoeurycea leprosa (Cope, 1869)",-97.19,18.98,NA,PRESERVED_SPECIMEN,LACM,7a25f7aa-03fb-4322-aaeb-66719e1a9527,MX,Veracruz,1970,1970-08-26,
657460399,Pseudoeurycea leprosa,"Pseudoeurycea leprosa (Cope, 1869)",-97.19,18.98,NA,PRESERVED_SPECIMEN,LACM,7a25f7aa-03fb-4322-aaeb-66719e1a9527,MX,Veracruz,1970,1970-08-26,
2629117980,Pseudoeurycea leprosa,"Pseudoeurycea leprosa (Cope, 1869)",-98.714798,19.353001,NA,PRESERVED_SPECIMEN,ENCB-IPN,63ed64cb-90b7-4ecc-b94c-3a0317742379,MX,Mexico,1970,1970-08-05,"cdround,rdativ,osiic"
2629117991,Pseudoeurycea leprosa,"Pseudoeurycea leprosa (Cope, 1869)",-98.6856,19.209299,NA,PRESERVED_SPECIMEN,ENCB-IPN,63ed64cb-90b7-4ecc-b94c-3a0317742379,MX,Mexico,1970,1970-08-01,"cdround,rdativ,osiic"
2629118988,Pseudoeurycea leprosa,"Pseudoeurycea leprosa (Cope, 1869)",-98.6856,19.209299,NA,PRESERVED_SPECIMEN,ENCB-IPN,63ed64cb-90b7-4ecc-b94c-3a0317742379,MX,Mexico,1970,1970-08-01,"cdround,rdativ,osiic"
2629120498,Pseudoeurycea leprosa,"Pseudoeurycea leprosa (Cope, 1869)",-98.6856,19.209299,NA,PRESERVED_SPECIMEN,ENCB-IPN,63ed64cb-90b7-4ecc-b94c-3a0317742379,MX,Mexico,1970,1970-08-01,"cdround,rdativ,osiic"
2629121821,Pseudoeurycea leprosa,"Pseudoeurycea leprosa (Cope, 1869)",-98.714798,19.353001,NA,PRESERVED_SPECIMEN,ENCB-IPN,63ed64cb-90b7-4ecc-b94c-3a0317742379,MX,Mexico,1970,1970-08-05,"cdround,rdativ,osiic"
2629123619,Pseudoeurycea leprosa,"Pseudoeurycea leprosa (Cope, 1869)",-98.714798,19.353001,NA,PRESERVED_SPECIMEN,ENCB-IPN,63ed64cb-90b7-4ecc-b94c-3a0317742379,MX,Mexico,1970,1970-08-05,"cdround,rdativ,osiic"
2629124043,Pseudoeurycea leprosa,"Pseudoeurycea leprosa (Cope, 1869)",-98.714798,19.353001,NA,PRESERVED_SPECIMEN,ENCB-IPN,63ed64cb-90b7-4ecc-b94c-3a0317742379,MX,Mexico,1970,1970-08-05,"cdround,rdativ,osiic"
2629125344,Pseudoeurycea leprosa,"Pseudoeurycea leprosa (Cope, 1869)",-98.6856,19.209299,NA,PRESERVED_SPECIMEN,ENCB-IPN,63ed64cb-90b7-4ecc-b94c-3a0317742379,MX,Mexico,1970,1970-08-01,"cdround,rdativ,osiic"
2629126782,Pseudoeurycea leprosa,"Pseudoeurycea leprosa (Cope, 1869)",-98.714798,19.353001,NA,PRESERVED_SPECIMEN,ENCB-IPN,63ed64cb-90b7-4ecc-b94c-3a0317742379,MX,Mexico,1970,1970-08-05,"cdround,rdativ,osiic"
2629127275,Pseudoeurycea leprosa,"Pseudoeurycea leprosa (Cope, 1869)",-98.714798,19.353001,NA,PRESERVED_SPECIMEN,ENCB-IPN,63ed64cb-90b7-4ecc-b94c-3a0317742379,MX,Mexico,1970,1970-08-05,"cdround,rdativ,osiic"
2629128920,Pseudoeurycea leprosa,"Pseudoeurycea leprosa (Cope, 1869)",-98.714798,19.353001,NA,PRESERVED_SPECIMEN,ENCB-IPN,63ed64cb-90b7-4ecc-b94c-3a0317742379,MX,Mexico,1970,1970-08-05,"cdround,rdativ,osiic"
2629130524,Pseudoeurycea leprosa,"Pseudoeurycea leprosa (Cope, 1869)",-98.6856,19.209299,NA,PRESERVED_SPECIMEN,ENCB-IPN,63ed64cb-90b7-4ecc-b94c-3a0317742379,MX,Mexico,1970,1970-08-01,"cdround,rdativ,osiic"
2629132319,Pseudoeurycea leprosa,"Pseudoeurycea leprosa (Cope, 1869)",-98.714798,19.353001,NA,PRESERVED_SPECIMEN,ENCB-IPN,63ed64cb-90b7-4ecc-b94c-3a0317742379,MX,Mexico,1970,1970-08-05,"cdround,rdativ,osiic"
2629135270,Pseudoeurycea leprosa,"Pseudoeurycea leprosa (Cope, 1869)",-98.6856,19.209299,NA,PRESERVED_SPECIMEN,ENCB-IPN,63ed64cb-90b7-4ecc-b94c-3a0317742379,MX,Mexico,1970,1970-08-01,"cdround,rdativ,osiic"
2629136050,Pseudoeurycea leprosa,"Pseudoeurycea leprosa (Cope, 1869)",-98.714798,19.353001,NA,PRESERVED_SPECIMEN,ENCB-IPN,63ed64cb-90b7-4ecc-b94c-3a0317742379,MX,Mexico,1970,1970-08-05,"cdround,rdativ,osiic"
2629136187,Pseudoeurycea leprosa,"Pseudoeurycea leprosa (Cope, 1869)",-98.6856,19.209299,NA,PRESERVED_SPECIMEN,ENCB-IPN,63ed64cb-90b7-4ecc-b94c-3a0317742379,MX,Mexico,1970,1970-08-01,"cdround,rdativ,osiic"
2629136276,Pseudoeurycea leprosa,"Pseudoeurycea leprosa (Cope, 1869)",-98.714798,19.353001,NA,PRESERVED_SPECIMEN,ENCB-IPN,63ed64cb-90b7-4ecc-b94c-3a0317742379,MX,Mexico,1970,1970-08-05,"cdround,rdativ,osiic"
2629136466,Pseudoeurycea leprosa,"Pseudoeurycea leprosa (Cope, 1869)",-98.714798,19.353001,NA,PRESERVED_SPECIMEN,ENCB-IPN,63ed64cb-90b7-4ecc-b94c-3a0317742379,MX,Mexico,1970,1970-08-05,"cdround,rdativ,osiic"
2629137228,Pseudoeurycea leprosa,"Pseudoeurycea leprosa (Cope, 1869)",-98.714798,19.353001,NA,PRESERVED_SPECIMEN,ENCB-IPN,63ed64cb-90b7-4ecc-b94c-3a0317742379,MX,Mexico,1970,1970-08-05,"cdround,rdativ,osiic"
2629138007,Pseudoeurycea leprosa,"Pseudoeurycea leprosa (Cope, 1869)",-98.714798,19.353001,NA,PRESERVED_SPECIMEN,ENCB-IPN,63ed64cb-90b7-4ecc-b94c-3a0317742379,MX,Mexico,1970,1970-08-05,"cdround,rdativ,osiic"
2629139393,Pseudoeurycea leprosa,"Pseudoeurycea leprosa (Cope, 1869)",-98.714798,19.353001,NA,PRESERVED_SPECIMEN,ENCB-IPN,63ed64cb-90b7-4ecc-b94c-3a0317742379,MX,Mexico,1970,1970-08-05,"cdround,rdativ,osiic"
2629139473,Pseudoeurycea leprosa,"Pseudoeurycea leprosa (Cope, 1869)",-98.714798,19.353001,NA,PRESERVED_SPECIMEN,ENCB-IPN,63ed64cb-90b7-4ecc-b94c-3a0317742379,MX,Mexico,1970,1970-08-05,"cdround,rdativ,osiic"
2629139811,Pseudoeurycea leprosa,"Pseudoeurycea leprosa (Cope, 1869)",-98.714798,19.353001,NA,PRESERVED_SPECIMEN,ENCB-IPN,63ed64cb-90b7-4ecc-b94c-3a0317742379,MX,Mexico,1970,1970-08-05,"cdround,rdativ,osiic"
4168518373,Pseudoeurycea leprosa,"Pseudoeurycea leprosa (Cope, 1869)",-97.190567,18.982278,1840,PRESERVED_SPECIMEN,LACM,fcbd4fa6-6e2b-4715-b896-cf117691625d,MX,Veracruz de ignacio de la llave,1970,1970-08-26,"cdround,osiic"
4168519834,Pseudoeurycea leprosa,"Pseudoeurycea leprosa (Cope, 1869)",-97.190567,18.982278,1840,PRESERVED_SPECIMEN,LACM,fcbd4fa6-6e2b-4715-b896-cf117691625d,MX,Veracruz de ignacio de la llave,1970,1970-08-26,"cdround,osiic"
4168519908,Pseudoeurycea leprosa,"Pseudoeurycea leprosa (Cope, 1869)",-97.190567,18.982278,1840,PRESERVED_SPECIMEN,LACM,fcbd4fa6-6e2b-4715-b896-cf117691625d,MX,Veracruz de ignacio de la llave,1970,1970-08-26,"cdround,osiic"
4168520030,Pseudoeurycea leprosa,"Pseudoeurycea leprosa (Cope, 1869)",-97.190567,18.982278,1840,PRESERVED_SPECIMEN,LACM,fcbd4fa6-6e2b-4715-b896-cf117691625d,MX,Veracruz de ignacio de la llave,1970,1970-08-26,"cdround,osiic"
4168520674,Pseudoeurycea leprosa,"Pseudoeurycea leprosa (Cope, 1869)",-97.190567,18.982278,1840,PRESERVED_SPECIMEN,LACM,fcbd4fa6-6e2b-4715-b896-cf117691625d,MX,Veracruz de ignacio de la llave,1970,1970-08-26,"cdround,osiic"
4168520887,Pseudoeurycea leprosa,"Pseudoeurycea leprosa (Cope, 1869)",-97.190567,18.982278,1840,PRESERVED_SPECIMEN,LACM,fcbd4fa6-6e2b-4715-b896-cf117691625d,MX,Veracruz de ignacio de la llave,1970,1970-08-26,"cdround,osiic"
4168521229,Pseudoeurycea leprosa,"Pseudoeurycea leprosa (Cope, 1869)",-97.190567,18.982278,1840,PRESERVED_SPECIMEN,LACM,fcbd4fa6-6e2b-4715-b896-cf117691625d,MX,Veracruz de ignacio de la llave,1970,1970-08-26,"cdround,osiic"
4168521320,Pseudoeurycea leprosa,"Pseudoeurycea leprosa (Cope, 1869)",-97.190567,18.982278,1840,PRESERVED_SPECIMEN,LACM,fcbd4fa6-6e2b-4715-b896-cf117691625d,MX,Veracruz de ignacio de la llave,1970,1970-08-26,"cdround,osiic"
4168521460,Pseudoeurycea leprosa,"Pseudoeurycea leprosa (Cope, 1869)",-97.190567,18.982278,1840,PRESERVED_SPECIMEN,LACM,fcbd4fa6-6e2b-4715-b896-cf117691625d,MX,Veracruz de ignacio de la llave,1970,1970-08-26,"cdround,osiic"
4168521614,Pseudoeurycea leprosa,"Pseudoeurycea leprosa (Cope, 1869)",-97.190567,18.982278,1840,PRESERVED_SPECIMEN,LACM,fcbd4fa6-6e2b-4715-b896-cf117691625d,MX,Veracruz de ignacio de la llave,1970,1970-08-26,"cdround,osiic"
4168522123,Pseudoeurycea leprosa,"Pseudoeurycea leprosa (Cope, 1869)",-97.190567,18.982278,1840,PRESERVED_SPECIMEN,LACM,fcbd4fa6-6e2b-4715-b896-cf117691625d,MX,Veracruz de ignacio de la llave,1970,1970-08-26,"cdround,osiic"
4168522155,Pseudoeurycea leprosa,"Pseudoeurycea leprosa (Cope, 1869)",-97.190567,18.982278,1840,PRESERVED_SPECIMEN,LACM,fcbd4fa6-6e2b-4715-b896-cf117691625d,MX,Veracruz de ignacio de la llave,1970,1970-08-26,"cdround,osiic"
4168522184,Pseudoeurycea leprosa,"Pseudoeurycea leprosa (Cope, 1869)",-97.190567,18.982278,1840,PRESERVED_SPECIMEN,LACM,fcbd4fa6-6e2b-4715-b896-cf117691625d,MX,Veracruz de ignacio de la llave,1970,1970-08-26,"cdround,osiic"
4168522264,Pseudoeurycea leprosa,"Pseudoeurycea leprosa (Cope, 1869)",-97.190567,18.982278,1840,PRESERVED_SPECIMEN,LACM,fcbd4fa6-6e2b-4715-b896-cf117691625d,MX,Veracruz de ignacio de la llave,1970,1970-08-26,"cdround,osiic"
4168522685,Pseudoeurycea leprosa,"Pseudoeurycea leprosa (Cope, 1869)",-97.190567,18.982278,1840,PRESERVED_SPECIMEN,LACM,fcbd4fa6-6e2b-4715-b896-cf117691625d,MX,Veracruz de ignacio de la llave,1970,1970-08-26,"cdround,osiic"
4168523717,Pseudoeurycea leprosa,"Pseudoeurycea leprosa (Cope, 1869)",-97.190567,18.982278,1840,PRESERVED_SPECIMEN,LACM,fcbd4fa6-6e2b-4715-b896-cf117691625d,MX,Veracruz de ignacio de la llave,1970,1970-08-26,"cdround,osiic"
4168523863,Pseudoeurycea leprosa,"Pseudoeurycea leprosa (Cope, 1869)",-97.190567,18.982278,1840,PRESERVED_SPECIMEN,LACM,fcbd4fa6-6e2b-4715-b896-cf117691625d,MX,Veracruz de ignacio de la llave,1970,1970-08-26,"cdround,osiic"
4168523965,Pseudoeurycea leprosa,"Pseudoeurycea leprosa (Cope, 1869)",-97.190567,18.982278,1840,PRESERVED_SPECIMEN,LACM,fcbd4fa6-6e2b-4715-b896-cf117691625d,MX,Veracruz de ignacio de la llave,1970,1970-08-26,"cdround,osiic"
4168526825,Pseudoeurycea leprosa,"Pseudoeurycea leprosa (Cope, 1869)",-97.190567,18.982278,1840,PRESERVED_SPECIMEN,LACM,fcbd4fa6-6e2b-4715-b896-cf117691625d,MX,Veracruz de ignacio de la llave,1970,1970-08-26,"cdround,osiic"
4168527007,Pseudoeurycea leprosa,"Pseudoeurycea leprosa (Cope, 1869)",-97.190567,18.982278,1840,PRESERVED_SPECIMEN,LACM,fcbd4fa6-6e2b-4715-b896-cf117691625d,MX,Veracruz de ignacio de la llave,1970,1970-08-26,"cdround,osiic"
4168527383,Pseudoeurycea leprosa,"Pseudoeurycea leprosa (Cope, 1869)",-97.190567,18.982278,1840,PRESERVED_SPECIMEN,LACM,fcbd4fa6-6e2b-4715-b896-cf117691625d,MX,Veracruz de ignacio de la llave,1970,1970-08-26,"cdround,osiic"
4168527685,Pseudoeurycea leprosa,"Pseudoeurycea leprosa (Cope, 1869)",-97.190567,18.982278,1840,PRESERVED_SPECIMEN,LACM,fcbd4fa6-6e2b-4715-b896-cf117691625d,MX,Veracruz de ignacio de la llave,1970,1970-08-26,"cdround,osiic"
4168527877,Pseudoeurycea leprosa,"Pseudoeurycea leprosa (Cope, 1869)",-97.190567,18.982278,1840,PRESERVED_SPECIMEN,LACM,fcbd4fa6-6e2b-4715-b896-cf117691625d,MX,Veracruz de ignacio de la llave,1970,1970-08-26,"cdround,osiic"
4168527985,Pseudoeurycea leprosa,"Pseudoeurycea leprosa (Cope, 1869)",-97.190567,18.982278,1840,PRESERVED_SPECIMEN,LACM,fcbd4fa6-6e2b-4715-b896-cf117691625d,MX,Veracruz de ignacio de la llave,1970,1970-08-26,"cdround,osiic"
476487270,Pseudoeurycea leprosa,"Pseudoeurycea leprosa (Cope, 1869)",-98.700093,19.3206244,NA,PRESERVED_SPECIMEN,MCZ,4bfac3ea-8763-4f4b-a71a-76a6f5f243d3,MX,Mexico,1970,1970-10-06,"cdrep,iccos,colmafu,inmafu"
476629194,Pseudoeurycea leprosa,"Pseudoeurycea leprosa (Cope, 1869)",-98.700093,19.3206244,NA,PRESERVED_SPECIMEN,MCZ,4bfac3ea-8763-4f4b-a71a-76a6f5f243d3,MX,Mexico,1970,1970-10-04,"cdrep,iccos,colmafu,inmafu"
476629195,Pseudoeurycea leprosa,"Pseudoeurycea leprosa (Cope, 1869)",-98.700093,19.3206244,NA,PRESERVED_SPECIMEN,MCZ,4bfac3ea-8763-4f4b-a71a-76a6f5f243d3,MX,Mexico,1970,1970-10-06,"cdrep,iccos,colmafu,inmafu"
476629196,Pseudoeurycea leprosa,"Pseudoeurycea leprosa (Cope, 1869)",-98.700093,19.3206244,NA,PRESERVED_SPECIMEN,MCZ,4bfac3ea-8763-4f4b-a71a-76a6f5f243d3,MX,Mexico,1970,1970-10-06,"cdrep,iccos,colmafu,inmafu"
476629197,Pseudoeurycea leprosa,"Pseudoeurycea leprosa (Cope, 1869)",-98.700093,19.3206244,NA,PRESERVED_SPECIMEN,MCZ,4bfac3ea-8763-4f4b-a71a-76a6f5f243d3,MX,Mexico,1970,1970-10-06,"cdrep,iccos,colmafu,inmafu"
476629198,Pseudoeurycea leprosa,"Pseudoeurycea leprosa (Cope, 1869)",-98.700093,19.3206244,NA,PRESERVED_SPECIMEN,MCZ,4bfac3ea-8763-4f4b-a71a-76a6f5f243d3,MX,Mexico,1970,1970-10-06,"cdrep,iccos,colmafu,inmafu"
476629304,Pseudoeurycea leprosa,"Pseudoeurycea leprosa (Cope, 1869)",-98.700093,19.3206244,NA,PRESERVED_SPECIMEN,MCZ,4bfac3ea-8763-4f4b-a71a-76a6f5f243d3,MX,Mexico,1970,1970-10-06,"cdrep,iccos,colmafu,inmafu"
476629305,Pseudoeurycea leprosa,"Pseudoeurycea leprosa (Cope, 1869)",-98.700093,19.3206244,NA,PRESERVED_SPECIMEN,MCZ,4bfac3ea-8763-4f4b-a71a-76a6f5f243d3,MX,Mexico,1970,1970-10-06,"cdrep,colmafu,inmafu"
1324061027,Pseudoeurycea leprosa,"Pseudoeurycea leprosa (Cope, 1869)",-99.390611,19.30697,10000,PRESERVED_SPECIMEN,UF,832b8188-f762-11e1-a439-00145eb45e9a,MX,NA,1970,1970-10-12,"colmafu,inmafu"
1324061041,Pseudoeurycea leprosa,"Pseudoeurycea leprosa (Cope, 1869)",-99.390611,19.30697,10000,PRESERVED_SPECIMEN,UF,832b8188-f762-11e1-a439-00145eb45e9a,MX,NA,1970,1970-10-12,"colmafu,inmafu"
1324061042,Pseudoeurycea leprosa,"Pseudoeurycea leprosa (Cope, 1869)",-99.390611,19.30697,10000,PRESERVED_SPECIMEN,UF,832b8188-f762-11e1-a439-00145eb45e9a,MX,NA,1970,1970-10-12,"colmafu,inmafu"
1324061048,Pseudoeurycea leprosa,"Pseudoeurycea leprosa (Cope, 1869)",-99.390611,19.30697,10000,PRESERVED_SPECIMEN,UF,832b8188-f762-11e1-a439-00145eb45e9a,MX,NA,1970,1970-10-12,"colmafu,inmafu"
1324061059,Pseudoeurycea leprosa,"Pseudoeurycea leprosa (Cope, 1869)",-99.390611,19.30697,10000,PRESERVED_SPECIMEN,UF,832b8188-f762-11e1-a439-00145eb45e9a,MX,NA,1970,1970-10-12,"colmafu,inmafu"
657396454,Pseudoeurycea leprosa,"Pseudoeurycea leprosa (Cope, 1869)",-98.68,19.37,NA,PRESERVED_SPECIMEN,LACM,7a25f7aa-03fb-4322-aaeb-66719e1a9527,MX,Mexico,1969,1969-01-12,
657396455,Pseudoeurycea leprosa,"Pseudoeurycea leprosa (Cope, 1869)",-98.72,19.33,NA,PRESERVED_SPECIMEN,LACM,7a25f7aa-03fb-4322-aaeb-66719e1a9527,MX,Puebla,1969,1969-01-12,
4168730417,Pseudoeurycea leprosa,"Pseudoeurycea leprosa (Cope, 1869)",-98.668333,19.351667,80,PRESERVED_SPECIMEN,LACM,0159cf6b-6a46-4365-96f1-d7ca2511f082,MX,Mexico,1969,1969-01-12,"cdround,rdativ,osiic"
4168730595,Pseudoeurycea leprosa,"Pseudoeurycea leprosa (Cope, 1869)",-98.675833,19.366667,80,PRESERVED_SPECIMEN,LACM,0159cf6b-6a46-4365-96f1-d7ca2511f082,MX,Mexico,1969,1969-01-12,"cdround,rdativ,osiic"
5147250883,Pseudoeurycea leprosa,"Pseudoeurycea leprosa (Cope, 1869)",-98.669722,19.3525,1830,PRESERVED_SPECIMEN,MVZ,09c4287e-e6d5-4552-a07f-bff8a00833d8,MX,Puebla,1969,1969-01-12,"cdc,cdround,incomis,inmafu"
5147258884,Pseudoeurycea leprosa,"Pseudoeurycea leprosa (Cope, 1869)",-98.669722,19.3525,1830,PRESERVED_SPECIMEN,MVZ,09c4287e-e6d5-4552-a07f-bff8a00833d8,MX,Puebla,1969,1969-01-12,"cdc,cdround,incomis,inmafu"
5147474884,Pseudoeurycea leprosa,"Pseudoeurycea leprosa (Cope, 1869)",-98.669722,19.3525,1830,PRESERVED_SPECIMEN,MVZ,09c4287e-e6d5-4552-a07f-bff8a00833d8,MX,Puebla,1969,1969-01-12,"cdc,cdround,incomis,inmafu"
686835913,Pseudoeurycea leprosa,"Pseudoeurycea leprosa (Cope, 1869)",-97.197558,19.5147868,NA,PRESERVED_SPECIMEN,KU,dce00a1f-f6b4-4e11-9771-92c62c40ad80,MX,Veracruz,1969,1969-07-28,"cdrep,cdround"
686835914,Pseudoeurycea leprosa,"Pseudoeurycea leprosa (Cope, 1869)",-97.197558,19.5147868,NA,PRESERVED_SPECIMEN,KU,dce00a1f-f6b4-4e11-9771-92c62c40ad80,MX,Veracruz,1969,1969-07-28,"cdrep,cdround"
686835915,Pseudoeurycea leprosa,"Pseudoeurycea leprosa (Cope, 1869)",-97.197558,19.5147868,NA,PRESERVED_SPECIMEN,KU,dce00a1f-f6b4-4e11-9771-92c62c40ad80,MX,Veracruz,1969,1969-07-28,"cdrep,cdround"
686835916,Pseudoeurycea leprosa,"Pseudoeurycea leprosa (Cope, 1869)",-97.197558,19.5147868,NA,PRESERVED_SPECIMEN,KU,dce00a1f-f6b4-4e11-9771-92c62c40ad80,MX,Veracruz,1969,1969-07-28,"cdrep,cdround"
686835917,Pseudoeurycea leprosa,"Pseudoeurycea leprosa (Cope, 1869)",-97.197558,19.5147868,NA,PRESERVED_SPECIMEN,KU,dce00a1f-f6b4-4e11-9771-92c62c40ad80,MX,Veracruz,1969,1969-07-28,"cdrep,cdround"
686835918,Pseudoeurycea leprosa,"Pseudoeurycea leprosa (Cope, 1869)",-97.197558,19.5147868,NA,PRESERVED_SPECIMEN,KU,dce00a1f-f6b4-4e11-9771-92c62c40ad80,MX,Veracruz,1969,1969-07-28,"cdrep,cdround"
686835919,Pseudoeurycea leprosa,"Pseudoeurycea leprosa (Cope, 1869)",-97.197558,19.5147868,NA,PRESERVED_SPECIMEN,KU,dce00a1f-f6b4-4e11-9771-92c62c40ad80,MX,Veracruz,1969,1969-07-28,"cdrep,cdround"
686835920,Pseudoeurycea leprosa,"Pseudoeurycea leprosa (Cope, 1869)",-97.197558,19.5147868,NA,PRESERVED_SPECIMEN,KU,dce00a1f-f6b4-4e11-9771-92c62c40ad80,MX,Veracruz,1969,1969-07-28,"cdrep,cdround"
686835921,Pseudoeurycea leprosa,"Pseudoeurycea leprosa (Cope, 1869)",-97.197558,19.5147868,NA,PRESERVED_SPECIMEN,KU,dce00a1f-f6b4-4e11-9771-92c62c40ad80,MX,Veracruz,1969,1969-07-28,"cdrep,cdround"
686835922,Pseudoeurycea leprosa,"Pseudoeurycea leprosa (Cope, 1869)",-97.197558,19.5147868,NA,PRESERVED_SPECIMEN,KU,dce00a1f-f6b4-4e11-9771-92c62c40ad80,MX,Veracruz,1969,1969-07-28,"cdrep,cdround"
686835923,Pseudoeurycea leprosa,"Pseudoeurycea leprosa (Cope, 1869)",-97.197558,19.5147868,NA,PRESERVED_SPECIMEN,KU,dce00a1f-f6b4-4e11-9771-92c62c40ad80,MX,Veracruz,1969,1969-07-28,"cdrep,cdround"
686835924,Pseudoeurycea leprosa,"Pseudoeurycea leprosa (Cope, 1869)",-97.197558,19.5147868,NA,PRESERVED_SPECIMEN,KU,dce00a1f-f6b4-4e11-9771-92c62c40ad80,MX,Veracruz,1969,1969-07-28,"cdrep,cdround"
2629120932,Pseudoeurycea leprosa,"Pseudoeurycea leprosa (Cope, 1869)",-98.720398,19.066,NA,PRESERVED_SPECIMEN,ENCB-IPN,63ed64cb-90b7-4ecc-b94c-3a0317742379,MX,Mexico,1969,1969-07-25,osiic
2629122241,Pseudoeurycea leprosa,"Pseudoeurycea leprosa (Cope, 1869)",-97.1791,19.496799,NA,PRESERVED_SPECIMEN,ENCB-IPN,63ed64cb-90b7-4ecc-b94c-3a0317742379,MX,Veracruz de ignacio de la llave,1969,1969-07-26,"cdround,osiic"
2629122256,Pseudoeurycea leprosa,"Pseudoeurycea leprosa (Cope, 1869)",-98.6949,19.218399,NA,PRESERVED_SPECIMEN,ENCB-IPN,63ed64cb-90b7-4ecc-b94c-3a0317742379,MX,Mexico,1969,1969-07-21,"cdround,osiic"
2629123255,Pseudoeurycea leprosa,"Pseudoeurycea leprosa (Cope, 1869)",-98.720398,19.066,NA,PRESERVED_SPECIMEN,ENCB-IPN,63ed64cb-90b7-4ecc-b94c-3a0317742379,MX,Mexico,1969,1969-07-25,osiic
2629123335,Pseudoeurycea leprosa,"Pseudoeurycea leprosa (Cope, 1869)",-98.720398,19.066,NA,PRESERVED_SPECIMEN,ENCB-IPN,63ed64cb-90b7-4ecc-b94c-3a0317742379,MX,Mexico,1969,1969-07-25,osiic
2629123449,Pseudoeurycea leprosa,"Pseudoeurycea leprosa (Cope, 1869)",-98.720398,19.066,NA,PRESERVED_SPECIMEN,ENCB-IPN,63ed64cb-90b7-4ecc-b94c-3a0317742379,MX,Mexico,1969,1969-07-25,osiic
2629123785,Pseudoeurycea leprosa,"Pseudoeurycea leprosa (Cope, 1869)",-98.6949,19.218399,NA,PRESERVED_SPECIMEN,ENCB-IPN,63ed64cb-90b7-4ecc-b94c-3a0317742379,MX,Mexico,1969,1969-07-21,"cdround,osiic"
2629123974,Pseudoeurycea leprosa,"Pseudoeurycea leprosa (Cope, 1869)",-98.720398,19.066,NA,PRESERVED_SPECIMEN,ENCB-IPN,63ed64cb-90b7-4ecc-b94c-3a0317742379,MX,Mexico,1969,1969-07-25,osiic
2629124326,Pseudoeurycea leprosa,"Pseudoeurycea leprosa (Cope, 1869)",-98.720398,19.066,NA,PRESERVED_SPECIMEN,ENCB-IPN,63ed64cb-90b7-4ecc-b94c-3a0317742379,MX,Mexico,1969,1969-07-25,osiic
2629124411,Pseudoeurycea leprosa,"Pseudoeurycea leprosa (Cope, 1869)",-98.6949,19.218399,NA,PRESERVED_SPECIMEN,ENCB-IPN,63ed64cb-90b7-4ecc-b94c-3a0317742379,MX,Mexico,1969,1969-07-21,"cdround,osiic"
2629125089,Pseudoeurycea leprosa,"Pseudoeurycea leprosa (Cope, 1869)",-98.7061,19.335301,NA,PRESERVED_SPECIMEN,ENCB-IPN,63ed64cb-90b7-4ecc-b94c-3a0317742379,MX,Mexico,1969,1969-07-11,"cdround,rdativ,osiic"
2629125094,Pseudoeurycea leprosa,"Pseudoeurycea leprosa (Cope, 1869)",-98.721802,19.209601,NA,PRESERVED_SPECIMEN,ENCB-IPN,63ed64cb-90b7-4ecc-b94c-3a0317742379,MX,Mexico,1969,1969-07-21,"cdround,osiic"
2629126012,Pseudoeurycea leprosa,"Pseudoeurycea leprosa (Cope, 1869)",-98.720398,19.066,NA,PRESERVED_SPECIMEN,ENCB-IPN,63ed64cb-90b7-4ecc-b94c-3a0317742379,MX,Mexico,1969,1969-07-25,osiic
2629126393,Pseudoeurycea leprosa,"Pseudoeurycea leprosa (Cope, 1869)",-98.720398,19.066,NA,PRESERVED_SPECIMEN,ENCB-IPN,63ed64cb-90b7-4ecc-b94c-3a0317742379,MX,Mexico,1969,1969-07-25,osiic
2629126493,Pseudoeurycea leprosa,"Pseudoeurycea leprosa (Cope, 1869)",-98.720398,19.066,NA,PRESERVED_SPECIMEN,ENCB-IPN,63ed64cb-90b7-4ecc-b94c-3a0317742379,MX,Mexico,1969,1969-07-25,osiic
2629127169,Pseudoeurycea leprosa,"Pseudoeurycea leprosa (Cope, 1869)",-98.720398,19.066,NA,PRESERVED_SPECIMEN,ENCB-IPN,63ed64cb-90b7-4ecc-b94c-3a0317742379,MX,Mexico,1969,1969-07-25,osiic
2629127262,Pseudoeurycea leprosa,"Pseudoeurycea leprosa (Cope, 1869)",-98.720398,19.066,NA,PRESERVED_SPECIMEN,ENCB-IPN,63ed64cb-90b7-4ecc-b94c-3a0317742379,MX,Mexico,1969,1969-07-25,osiic
2629127421,Pseudoeurycea leprosa,"Pseudoeurycea leprosa (Cope, 1869)",-98.720398,19.066,NA,PRESERVED_SPECIMEN,ENCB-IPN,63ed64cb-90b7-4ecc-b94c-3a0317742379,MX,Mexico,1969,1969-07-25,osiic
2629127762,Pseudoeurycea leprosa,"Pseudoeurycea leprosa (Cope, 1869)",-98.721802,19.209601,NA,PRESERVED_SPECIMEN,ENCB-IPN,63ed64cb-90b7-4ecc-b94c-3a0317742379,MX,Mexico,1969,1969-07-21,"cdround,osiic"
2629129550,Pseudoeurycea leprosa,"Pseudoeurycea leprosa (Cope, 1869)",-98.720398,19.066,NA,PRESERVED_SPECIMEN,ENCB-IPN,63ed64cb-90b7-4ecc-b94c-3a0317742379,MX,Mexico,1969,1969-07-25,osiic
2629130585,Pseudoeurycea leprosa,"Pseudoeurycea leprosa (Cope, 1869)",-98.721802,19.209601,NA,PRESERVED_SPECIMEN,ENCB-IPN,63ed64cb-90b7-4ecc-b94c-3a0317742379,MX,Mexico,1969,1969-07-21,"cdround,osiic"
2629132014,Pseudoeurycea leprosa,"Pseudoeurycea leprosa (Cope, 1869)",-98.6949,19.218399,NA,PRESERVED_SPECIMEN,ENCB-IPN,63ed64cb-90b7-4ecc-b94c-3a0317742379,MX,Mexico,1969,1969-07-21,"cdround,osiic"
2629133455,Pseudoeurycea leprosa,"Pseudoeurycea leprosa (Cope, 1869)",-98.720398,19.066,NA,PRESERVED_SPECIMEN,ENCB-IPN,63ed64cb-90b7-4ecc-b94c-3a0317742379,MX,Mexico,1969,1969-07-25,osiic
2629133510,Pseudoeurycea leprosa,"Pseudoeurycea leprosa (Cope, 1869)",-98.6949,19.218399,NA,PRESERVED_SPECIMEN,ENCB-IPN,63ed64cb-90b7-4ecc-b94c-3a0317742379,MX,Mexico,1969,1969-07-21,"cdround,osiic"
2629136404,Pseudoeurycea leprosa,"Pseudoeurycea leprosa (Cope, 1869)",-98.711403,19.097401,NA,PRESERVED_SPECIMEN,ENCB-IPN,63ed64cb-90b7-4ecc-b94c-3a0317742379,MX,Mexico,1969,1969-07-17,"cdround,osiic"
2629137236,Pseudoeurycea leprosa,"Pseudoeurycea leprosa (Cope, 1869)",-98.720398,19.066,NA,PRESERVED_SPECIMEN,ENCB-IPN,63ed64cb-90b7-4ecc-b94c-3a0317742379,MX,Mexico,1969,1969-07-25,osiic
2629137446,Pseudoeurycea leprosa,"Pseudoeurycea leprosa (Cope, 1869)",-98.720398,19.066,NA,PRESERVED_SPECIMEN,ENCB-IPN,63ed64cb-90b7-4ecc-b94c-3a0317742379,MX,Mexico,1969,1969-07-25,osiic
2629138132,Pseudoeurycea leprosa,"Pseudoeurycea leprosa (Cope, 1869)",-98.720398,19.066,NA,PRESERVED_SPECIMEN,ENCB-IPN,63ed64cb-90b7-4ecc-b94c-3a0317742379,MX,Mexico,1969,1969-07-25,osiic
2629138141,Pseudoeurycea leprosa,"Pseudoeurycea leprosa (Cope, 1869)",-98.720398,19.066,NA,PRESERVED_SPECIMEN,ENCB-IPN,63ed64cb-90b7-4ecc-b94c-3a0317742379,MX,Mexico,1969,1969-07-25,osiic
2629139548,Pseudoeurycea leprosa,"Pseudoeurycea leprosa (Cope, 1869)",-98.720398,19.066,NA,PRESERVED_SPECIMEN,ENCB-IPN,63ed64cb-90b7-4ecc-b94c-3a0317742379,MX,Mexico,1969,1969-07-25,osiic
2630122409,Pseudoeurycea leprosa,"Pseudoeurycea leprosa (Cope, 1869)",-97.182507,19.531943,120,PRESERVED_SPECIMEN,KU,fcbd4fa6-6e2b-4715-b896-cf117691625d,MX,Veracruz de ignacio de la llave,1969,1969-07-28,"cdround,osiic"
2630122702,Pseudoeurycea leprosa,"Pseudoeurycea leprosa (Cope, 1869)",-97.182507,19.531943,120,PRESERVED_SPECIMEN,KU,fcbd4fa6-6e2b-4715-b896-cf117691625d,MX,Veracruz de ignacio de la llave,1969,1969-07-28,"cdround,osiic"
2630122861,Pseudoeurycea leprosa,"Pseudoeurycea leprosa (Cope, 1869)",-97.182507,19.531943,120,PRESERVED_SPECIMEN,KU,fcbd4fa6-6e2b-4715-b896-cf117691625d,MX,Veracruz de ignacio de la llave,1969,1969-07-28,"cdround,osiic"
2630122873,Pseudoeurycea leprosa,"Pseudoeurycea leprosa (Cope, 1869)",-97.182507,19.531943,120,PRESERVED_SPECIMEN,KU,fcbd4fa6-6e2b-4715-b896-cf117691625d,MX,Veracruz de ignacio de la llave,1969,1969-07-28,"cdround,osiic"
2630122910,Pseudoeurycea leprosa,"Pseudoeurycea leprosa (Cope, 1869)",-97.182507,19.531943,120,PRESERVED_SPECIMEN,KU,fcbd4fa6-6e2b-4715-b896-cf117691625d,MX,Veracruz de ignacio de la llave,1969,1969-07-28,"cdround,osiic"
2630123158,Pseudoeurycea leprosa,"Pseudoeurycea leprosa (Cope, 1869)",-97.182507,19.531943,120,PRESERVED_SPECIMEN,KU,fcbd4fa6-6e2b-4715-b896-cf117691625d,MX,Veracruz de ignacio de la llave,1969,1969-07-28,"cdround,osiic"
2630123689,Pseudoeurycea leprosa,"Pseudoeurycea leprosa (Cope, 1869)",-97.182507,19.531943,120,PRESERVED_SPECIMEN,KU,fcbd4fa6-6e2b-4715-b896-cf117691625d,MX,Veracruz de ignacio de la llave,1969,1969-07-28,"cdround,osiic"
2630123840,Pseudoeurycea leprosa,"Pseudoeurycea leprosa (Cope, 1869)",-97.182507,19.531943,120,PRESERVED_SPECIMEN,KU,fcbd4fa6-6e2b-4715-b896-cf117691625d,MX,Veracruz de ignacio de la llave,1969,1969-07-28,"cdround,osiic"
2630125832,Pseudoeurycea leprosa,"Pseudoeurycea leprosa (Cope, 1869)",-97.182507,19.531943,120,PRESERVED_SPECIMEN,KU,fcbd4fa6-6e2b-4715-b896-cf117691625d,MX,Veracruz de ignacio de la llave,1969,1969-07-28,"cdround,osiic"
2630126015,Pseudoeurycea leprosa,"Pseudoeurycea leprosa (Cope, 1869)",-97.182507,19.531943,120,PRESERVED_SPECIMEN,KU,fcbd4fa6-6e2b-4715-b896-cf117691625d,MX,Veracruz de ignacio de la llave,1969,1969-07-28,"cdround,osiic"
2630126429,Pseudoeurycea leprosa,"Pseudoeurycea leprosa (Cope, 1869)",-97.182507,19.531943,120,PRESERVED_SPECIMEN,KU,fcbd4fa6-6e2b-4715-b896-cf117691625d,MX,Veracruz de ignacio de la llave,1969,1969-07-28,"cdround,osiic"
2630126495,Pseudoeurycea leprosa,"Pseudoeurycea leprosa (Cope, 1869)",-97.182507,19.531943,120,PRESERVED_SPECIMEN,KU,fcbd4fa6-6e2b-4715-b896-cf117691625d,MX,Veracruz de ignacio de la llave,1969,1969-07-28,"cdround,osiic"
657459492,Pseudoeurycea leprosa,"Pseudoeurycea leprosa (Cope, 1869)",-97.19,18.98,NA,PRESERVED_SPECIMEN,LACM,7a25f7aa-03fb-4322-aaeb-66719e1a9527,MX,Veracruz,1969,1969-09-30,
657459493,Pseudoeurycea leprosa,"Pseudoeurycea leprosa (Cope, 1869)",-97.19,18.98,NA,PRESERVED_SPECIMEN,LACM,7a25f7aa-03fb-4322-aaeb-66719e1a9527,MX,Veracruz,1969,1969-09-30,
657459494,Pseudoeurycea leprosa,"Pseudoeurycea leprosa (Cope, 1869)",-97.19,18.98,NA,PRESERVED_SPECIMEN,LACM,7a25f7aa-03fb-4322-aaeb-66719e1a9527,MX,Veracruz,1969,1969-09-30,
657459495,Pseudoeurycea leprosa,"Pseudoeurycea leprosa (Cope, 1869)",-97.19,18.98,NA,PRESERVED_SPECIMEN,LACM,7a25f7aa-03fb-4322-aaeb-66719e1a9527,MX,Veracruz,1969,1969-09-30,
657459496,Pseudoeurycea leprosa,"Pseudoeurycea leprosa (Cope, 1869)",-97.19,18.98,NA,PRESERVED_SPECIMEN,LACM,7a25f7aa-03fb-4322-aaeb-66719e1a9527,MX,Veracruz,1969,1969-09-30,
657459497,Pseudoeurycea leprosa,"Pseudoeurycea leprosa (Cope, 1869)",-97.19,18.98,NA,PRESERVED_SPECIMEN,LACM,7a25f7aa-03fb-4322-aaeb-66719e1a9527,MX,Veracruz,1969,1969-09-30,
657459498,Pseudoeurycea leprosa,"Pseudoeurycea leprosa (Cope, 1869)",-97.19,18.98,NA,PRESERVED_SPECIMEN,LACM,7a25f7aa-03fb-4322-aaeb-66719e1a9527,MX,Veracruz,1969,1969-09-30,
657459499,Pseudoeurycea leprosa,"Pseudoeurycea leprosa (Cope, 1869)",-97.19,18.98,NA,PRESERVED_SPECIMEN,LACM,7a25f7aa-03fb-4322-aaeb-66719e1a9527,MX,Veracruz,1969,1969-09-30,
657459500,Pseudoeurycea leprosa,"Pseudoeurycea leprosa (Cope, 1869)",-97.19,18.98,NA,PRESERVED_SPECIMEN,LACM,7a25f7aa-03fb-4322-aaeb-66719e1a9527,MX,Veracruz,1969,1969-09-30,
657459501,Pseudoeurycea leprosa,"Pseudoeurycea leprosa (Cope, 1869)",-97.19,18.98,NA,PRESERVED_SPECIMEN,LACM,7a25f7aa-03fb-4322-aaeb-66719e1a9527,MX,Veracruz,1969,1969-09-30,
657459502,Pseudoeurycea leprosa,"Pseudoeurycea leprosa (Cope, 1869)",-97.19,18.98,NA,PRESERVED_SPECIMEN,LACM,7a25f7aa-03fb-4322-aaeb-66719e1a9527,MX,Veracruz,1969,1969-09-30,
657459503,Pseudoeurycea leprosa,"Pseudoeurycea leprosa (Cope, 1869)",-97.19,18.98,NA,PRESERVED_SPECIMEN,LACM,7a25f7aa-03fb-4322-aaeb-66719e1a9527,MX,Veracruz,1969,1969-09-30,
657459504,Pseudoeurycea leprosa,"Pseudoeurycea leprosa (Cope, 1869)",-97.19,18.98,NA,PRESERVED_SPECIMEN,LACM,7a25f7aa-03fb-4322-aaeb-66719e1a9527,MX,Veracruz,1969,1969-09-30,
4168518603,Pseudoeurycea leprosa,"Pseudoeurycea leprosa (Cope, 1869)",-97.190567,18.982278,1840,PRESERVED_SPECIMEN,LACM,fcbd4fa6-6e2b-4715-b896-cf117691625d,MX,Veracruz de ignacio de la llave,1969,1969-09-30,"cdround,osiic"
4168519381,Pseudoeurycea leprosa,"Pseudoeurycea leprosa (Cope, 1869)",-97.190567,18.982278,1840,PRESERVED_SPECIMEN,LACM,fcbd4fa6-6e2b-4715-b896-cf117691625d,MX,Veracruz de ignacio de la llave,1969,1969-09-30,"cdround,osiic"
4168519420,Pseudoeurycea leprosa,"Pseudoeurycea leprosa (Cope, 1869)",-97.190567,18.982278,1840,PRESERVED_SPECIMEN,LACM,fcbd4fa6-6e2b-4715-b896-cf117691625d,MX,Veracruz de ignacio de la llave,1969,1969-09-30,"cdround,osiic"
4168519761,Pseudoeurycea leprosa,"Pseudoeurycea leprosa (Cope, 1869)",-97.190567,18.982278,1840,PRESERVED_SPECIMEN,LACM,fcbd4fa6-6e2b-4715-b896-cf117691625d,MX,Veracruz de ignacio de la llave,1969,1969-09-30,"cdround,osiic"
4168520238,Pseudoeurycea leprosa,"Pseudoeurycea leprosa (Cope, 1869)",-97.190567,18.982278,1840,PRESERVED_SPECIMEN,LACM,fcbd4fa6-6e2b-4715-b896-cf117691625d,MX,Veracruz de ignacio de la llave,1969,1969-09-30,"cdround,osiic"
4168522113,Pseudoeurycea leprosa,"Pseudoeurycea leprosa (Cope, 1869)",-97.190567,18.982278,1840,PRESERVED_SPECIMEN,LACM,fcbd4fa6-6e2b-4715-b896-cf117691625d,MX,Veracruz de ignacio de la llave,1969,1969-09-30,"cdround,osiic"
4168523058,Pseudoeurycea leprosa,"Pseudoeurycea leprosa (Cope, 1869)",-97.190567,18.982278,1840,PRESERVED_SPECIMEN,LACM,fcbd4fa6-6e2b-4715-b896-cf117691625d,MX,Veracruz de ignacio de la llave,1969,1969-09-30,"cdround,osiic"
4168523559,Pseudoeurycea leprosa,"Pseudoeurycea leprosa (Cope, 1869)",-97.190567,18.982278,1840,PRESERVED_SPECIMEN,LACM,fcbd4fa6-6e2b-4715-b896-cf117691625d,MX,Veracruz de ignacio de la llave,1969,1969-09-30,"cdround,osiic"
4168524202,Pseudoeurycea leprosa,"Pseudoeurycea leprosa (Cope, 1869)",-97.190567,18.982278,1840,PRESERVED_SPECIMEN,LACM,fcbd4fa6-6e2b-4715-b896-cf117691625d,MX,Veracruz de ignacio de la llave,1969,1969-09-30,"cdround,osiic"
4168526704,Pseudoeurycea leprosa,"Pseudoeurycea leprosa (Cope, 1869)",-97.190567,18.982278,1840,PRESERVED_SPECIMEN,LACM,fcbd4fa6-6e2b-4715-b896-cf117691625d,MX,Veracruz de ignacio de la llave,1969,1969-09-30,"cdround,osiic"
4168527158,Pseudoeurycea leprosa,"Pseudoeurycea leprosa (Cope, 1869)",-97.190567,18.982278,1840,PRESERVED_SPECIMEN,LACM,fcbd4fa6-6e2b-4715-b896-cf117691625d,MX,Veracruz de ignacio de la llave,1969,1969-09-30,"cdround,osiic"
4168527301,Pseudoeurycea leprosa,"Pseudoeurycea leprosa (Cope, 1869)",-97.190567,18.982278,1840,PRESERVED_SPECIMEN,LACM,fcbd4fa6-6e2b-4715-b896-cf117691625d,MX,Veracruz de ignacio de la llave,1969,1969-09-30,"cdround,osiic"
4168527963,Pseudoeurycea leprosa,"Pseudoeurycea leprosa (Cope, 1869)",-97.190567,18.982278,1840,PRESERVED_SPECIMEN,LACM,fcbd4fa6-6e2b-4715-b896-cf117691625d,MX,Veracruz de ignacio de la llave,1969,1969-09-30,"cdround,osiic"
657401019,Pseudoeurycea leprosa,"Pseudoeurycea leprosa (Cope, 1869)",-99.33,19.05,NA,PRESERVED_SPECIMEN,LACM,7a25f7aa-03fb-4322-aaeb-66719e1a9527,MX,Morelos,1969,1969-10-04,
657401020,Pseudoeurycea leprosa,"Pseudoeurycea leprosa (Cope, 1869)",-99.33,19.05,NA,PRESERVED_SPECIMEN,LACM,7a25f7aa-03fb-4322-aaeb-66719e1a9527,MX,Morelos,1969,1969-10-04,
657401021,Pseudoeurycea leprosa,"Pseudoeurycea leprosa (Cope, 1869)",-99.33,19.05,NA,PRESERVED_SPECIMEN,LACM,7a25f7aa-03fb-4322-aaeb-66719e1a9527,MX,Morelos,1969,1969-10-04,
657401022,Pseudoeurycea leprosa,"Pseudoeurycea leprosa (Cope, 1869)",-99.33,19.05,NA,PRESERVED_SPECIMEN,LACM,7a25f7aa-03fb-4322-aaeb-66719e1a9527,MX,Morelos,1969,1969-10-04,
657401023,Pseudoeurycea leprosa,"Pseudoeurycea leprosa (Cope, 1869)",-99.33,19.05,NA,PRESERVED_SPECIMEN,LACM,7a25f7aa-03fb-4322-aaeb-66719e1a9527,MX,Morelos,1969,1969-10-04,
657401024,Pseudoeurycea leprosa,"Pseudoeurycea leprosa (Cope, 1869)",-99.33,19.05,NA,PRESERVED_SPECIMEN,LACM,7a25f7aa-03fb-4322-aaeb-66719e1a9527,MX,Morelos,1969,1969-10-04,
657401025,Pseudoeurycea leprosa,"Pseudoeurycea leprosa (Cope, 1869)",-99.33,19.05,NA,PRESERVED_SPECIMEN,LACM,7a25f7aa-03fb-4322-aaeb-66719e1a9527,MX,Morelos,1969,1969-10-04,
657401026,Pseudoeurycea leprosa,"Pseudoeurycea leprosa (Cope, 1869)",-99.33,19.05,NA,PRESERVED_SPECIMEN,LACM,7a25f7aa-03fb-4322-aaeb-66719e1a9527,MX,Morelos,1969,1969-10-04,
657401027,Pseudoeurycea leprosa,"Pseudoeurycea leprosa (Cope, 1869)",-99.29,19.03,NA,PRESERVED_SPECIMEN,LACM,7a25f7aa-03fb-4322-aaeb-66719e1a9527,MX,Morelos,1969,1969-10-04,
657401028,Pseudoeurycea leprosa,"Pseudoeurycea leprosa (Cope, 1869)",-99.29,19.03,NA,PRESERVED_SPECIMEN,LACM,7a25f7aa-03fb-4322-aaeb-66719e1a9527,MX,Morelos,1969,1969-10-04,
657401029,Pseudoeurycea leprosa,"Pseudoeurycea leprosa (Cope, 1869)",-99.29,19.03,NA,PRESERVED_SPECIMEN,LACM,7a25f7aa-03fb-4322-aaeb-66719e1a9527,MX,Morelos,1969,1969-10-04,
657401030,Pseudoeurycea leprosa,"Pseudoeurycea leprosa (Cope, 1869)",-99.29,19.03,NA,PRESERVED_SPECIMEN,LACM,7a25f7aa-03fb-4322-aaeb-66719e1a9527,MX,Morelos,1969,1969-10-04,
657401031,Pseudoeurycea leprosa,"Pseudoeurycea leprosa (Cope, 1869)",-99.29,19.03,NA,PRESERVED_SPECIMEN,LACM,7a25f7aa-03fb-4322-aaeb-66719e1a9527,MX,Morelos,1969,1969-10-04,
657401032,Pseudoeurycea leprosa,"Pseudoeurycea leprosa (Cope, 1869)",-99.29,19.03,NA,PRESERVED_SPECIMEN,LACM,7a25f7aa-03fb-4322-aaeb-66719e1a9527,MX,Morelos,1969,1969-10-04,
657401033,Pseudoeurycea leprosa,"Pseudoeurycea leprosa (Cope, 1869)",-99.29,19.03,NA,PRESERVED_SPECIMEN,LACM,7a25f7aa-03fb-4322-aaeb-66719e1a9527,MX,Morelos,1969,1969-10-04,
657401034,Pseudoeurycea leprosa,"Pseudoeurycea leprosa (Cope, 1869)",-99.29,19.03,NA,PRESERVED_SPECIMEN,LACM,7a25f7aa-03fb-4322-aaeb-66719e1a9527,MX,Morelos,1969,1969-10-04,
657401035,Pseudoeurycea leprosa,"Pseudoeurycea leprosa (Cope, 1869)",-99.29,19.03,NA,PRESERVED_SPECIMEN,LACM,7a25f7aa-03fb-4322-aaeb-66719e1a9527,MX,Morelos,1969,1969-10-04,
4168518781,Pseudoeurycea leprosa,"Pseudoeurycea leprosa (Cope, 1869)",-99.258637,19.049451,4970,PRESERVED_SPECIMEN,LACM,fcbd4fa6-6e2b-4715-b896-cf117691625d,MX,Morelos,1969,1969-10-04,"cdround,rdativ,osiic"
4168518928,Pseudoeurycea leprosa,"Pseudoeurycea leprosa (Cope, 1869)",-99.258637,19.049451,4970,PRESERVED_SPECIMEN,LACM,fcbd4fa6-6e2b-4715-b896-cf117691625d,MX,Morelos,1969,1969-10-04,"cdround,rdativ,osiic"
4168519057,Pseudoeurycea leprosa,"Pseudoeurycea leprosa (Cope, 1869)",-99.258637,19.049451,4970,PRESERVED_SPECIMEN,LACM,fcbd4fa6-6e2b-4715-b896-cf117691625d,MX,Morelos,1969,1969-10-04,"cdround,rdativ,osiic"
4168519484,Pseudoeurycea leprosa,"Pseudoeurycea leprosa (Cope, 1869)",-99.318458,19.049453,970,PRESERVED_SPECIMEN,LACM,fcbd4fa6-6e2b-4715-b896-cf117691625d,MX,Morelos,1969,1969-10-04,"cdround,rdativ,osiic"
4168520089,Pseudoeurycea leprosa,"Pseudoeurycea leprosa (Cope, 1869)",-99.258637,19.049451,4970,PRESERVED_SPECIMEN,LACM,fcbd4fa6-6e2b-4715-b896-cf117691625d,MX,Morelos,1969,1969-10-04,"cdround,rdativ,osiic"
4168520666,Pseudoeurycea leprosa,"Pseudoeurycea leprosa (Cope, 1869)",-99.318458,19.049453,970,PRESERVED_SPECIMEN,LACM,fcbd4fa6-6e2b-4715-b896-cf117691625d,MX,Morelos,1969,1969-10-04,"cdround,rdativ,osiic"
4168522086,Pseudoeurycea leprosa,"Pseudoeurycea leprosa (Cope, 1869)",-99.318458,19.049453,970,PRESERVED_SPECIMEN,LACM,fcbd4fa6-6e2b-4715-b896-cf117691625d,MX,Morelos,1969,1969-10-04,"cdround,rdativ,osiic"
4168522329,Pseudoeurycea leprosa,"Pseudoeurycea leprosa (Cope, 1869)",-99.318458,19.049453,970,PRESERVED_SPECIMEN,LACM,fcbd4fa6-6e2b-4715-b896-cf117691625d,MX,Morelos,1969,1969-10-04,"cdround,rdativ,osiic"
4168523579,Pseudoeurycea leprosa,"Pseudoeurycea leprosa (Cope, 1869)",-99.318458,19.049453,970,PRESERVED_SPECIMEN,LACM,fcbd4fa6-6e2b-4715-b896-cf117691625d,MX,Morelos,1969,1969-10-04,"cdround,rdativ,osiic"
4168524216,Pseudoeurycea leprosa,"Pseudoeurycea leprosa (Cope, 1869)",-99.258637,19.049451,4970,PRESERVED_SPECIMEN,LACM,fcbd4fa6-6e2b-4715-b896-cf117691625d,MX,Morelos,1969,1969-10-04,"cdround,rdativ,osiic"
4168526809,Pseudoeurycea leprosa,"Pseudoeurycea leprosa (Cope, 1869)",-99.258637,19.049451,4970,PRESERVED_SPECIMEN,LACM,fcbd4fa6-6e2b-4715-b896-cf117691625d,MX,Morelos,1969,1969-10-04,"cdround,rdativ,osiic"
4168526970,Pseudoeurycea leprosa,"Pseudoeurycea leprosa (Cope, 1869)",-99.258637,19.049451,4970,PRESERVED_SPECIMEN,LACM,fcbd4fa6-6e2b-4715-b896-cf117691625d,MX,Morelos,1969,1969-10-04,"cdround,rdativ,osiic"
4168527075,Pseudoeurycea leprosa,"Pseudoeurycea leprosa (Cope, 1869)",-99.258637,19.049451,4970,PRESERVED_SPECIMEN,LACM,fcbd4fa6-6e2b-4715-b896-cf117691625d,MX,Morelos,1969,1969-10-04,"cdround,rdativ,osiic"
4168527098,Pseudoeurycea leprosa,"Pseudoeurycea leprosa (Cope, 1869)",-99.318458,19.049453,970,PRESERVED_SPECIMEN,LACM,fcbd4fa6-6e2b-4715-b896-cf117691625d,MX,Morelos,1969,1969-10-04,"cdround,rdativ,osiic"
4168527382,Pseudoeurycea leprosa,"Pseudoeurycea leprosa (Cope, 1869)",-99.318458,19.049453,970,PRESERVED_SPECIMEN,LACM,fcbd4fa6-6e2b-4715-b896-cf117691625d,MX,Morelos,1969,1969-10-04,"cdround,rdativ,osiic"
4168527552,Pseudoeurycea leprosa,"Pseudoeurycea leprosa (Cope, 1869)",-99.258637,19.049451,4970,PRESERVED_SPECIMEN,LACM,fcbd4fa6-6e2b-4715-b896-cf117691625d,MX,Morelos,1969,1969-10-04,"cdround,rdativ,osiic"
4168527793,Pseudoeurycea leprosa,"Pseudoeurycea leprosa (Cope, 1869)",-99.318458,19.049453,970,PRESERVED_SPECIMEN,LACM,fcbd4fa6-6e2b-4715-b896-cf117691625d,MX,Morelos,1969,1969-10-04,"cdround,rdativ,osiic"
476485257,Pseudoeurycea leprosa,"Pseudoeurycea leprosa (Cope, 1869)",-98.700093,19.3206244,NA,PRESERVED_SPECIMEN,MCZ,4bfac3ea-8763-4f4b-a71a-76a6f5f243d3,MX,Mexico,1968,1968-08-22,"cdrep,colmafu,inmafu"
476485258,Pseudoeurycea leprosa,"Pseudoeurycea leprosa (Cope, 1869)",-98.700093,19.3206244,NA,PRESERVED_SPECIMEN,MCZ,4bfac3ea-8763-4f4b-a71a-76a6f5f243d3,MX,Mexico,1968,1968-08-22,"cdrep,colmafu,inmafu"
476485259,Pseudoeurycea leprosa,"Pseudoeurycea leprosa (Cope, 1869)",-98.700093,19.3206244,NA,PRESERVED_SPECIMEN,MCZ,4bfac3ea-8763-4f4b-a71a-76a6f5f243d3,MX,Mexico,1968,1968-08-22,"cdrep,colmafu,inmafu"
476485260,Pseudoeurycea leprosa,"Pseudoeurycea leprosa (Cope, 1869)",-98.700093,19.3206244,NA,PRESERVED_SPECIMEN,MCZ,4bfac3ea-8763-4f4b-a71a-76a6f5f243d3,MX,Mexico,1968,1968-08-22,"cdrep,colmafu,inmafu"
476612446,Pseudoeurycea leprosa,"Pseudoeurycea leprosa (Cope, 1869)",-98.700093,19.3206244,NA,PRESERVED_SPECIMEN,MCZ,4bfac3ea-8763-4f4b-a71a-76a6f5f243d3,MX,Mexico,1968,1968-08-22,"cdrep,colmafu,inmafu"
476612447,Pseudoeurycea leprosa,"Pseudoeurycea leprosa (Cope, 1869)",-98.700093,19.3206244,NA,PRESERVED_SPECIMEN,MCZ,4bfac3ea-8763-4f4b-a71a-76a6f5f243d3,MX,Mexico,1968,1968-08-22,"cdrep,colmafu,inmafu"
476612448,Pseudoeurycea leprosa,"Pseudoeurycea leprosa (Cope, 1869)",-98.700093,19.3206244,NA,PRESERVED_SPECIMEN,MCZ,4bfac3ea-8763-4f4b-a71a-76a6f5f243d3,MX,Mexico,1968,1968-08-22,"cdrep,colmafu,inmafu"
476612543,Pseudoeurycea leprosa,"Pseudoeurycea leprosa (Cope, 1869)",-98.700093,19.3206244,NA,PRESERVED_SPECIMEN,MCZ,4bfac3ea-8763-4f4b-a71a-76a6f5f243d3,MX,Mexico,1968,1968-08-22,"cdrep,colmafu,inmafu"
476612544,Pseudoeurycea leprosa,"Pseudoeurycea leprosa (Cope, 1869)",-98.700093,19.3206244,NA,PRESERVED_SPECIMEN,MCZ,4bfac3ea-8763-4f4b-a71a-76a6f5f243d3,MX,Mexico,1968,1968-08-22,"cdrep,colmafu,inmafu"
476612545,Pseudoeurycea leprosa,"Pseudoeurycea leprosa (Cope, 1869)",-98.700093,19.3206244,NA,PRESERVED_SPECIMEN,MCZ,4bfac3ea-8763-4f4b-a71a-76a6f5f243d3,MX,Mexico,1968,1968-08-22,"cdrep,colmafu,inmafu"
476612546,Pseudoeurycea leprosa,"Pseudoeurycea leprosa (Cope, 1869)",-98.700093,19.3206244,NA,PRESERVED_SPECIMEN,MCZ,4bfac3ea-8763-4f4b-a71a-76a6f5f243d3,MX,Mexico,1968,1968-08-22,"cdrep,colmafu,inmafu"
476612547,Pseudoeurycea leprosa,"Pseudoeurycea leprosa (Cope, 1869)",-98.700093,19.3206244,NA,PRESERVED_SPECIMEN,MCZ,4bfac3ea-8763-4f4b-a71a-76a6f5f243d3,MX,Mexico,1968,1968-08-22,"cdrep,colmafu,inmafu"
476612548,Pseudoeurycea leprosa,"Pseudoeurycea leprosa (Cope, 1869)",-98.700093,19.3206244,NA,PRESERVED_SPECIMEN,MCZ,4bfac3ea-8763-4f4b-a71a-76a6f5f243d3,MX,Mexico,1968,1968-08-22,"cdrep,colmafu,inmafu"
476612549,Pseudoeurycea leprosa,"Pseudoeurycea leprosa (Cope, 1869)",-98.700093,19.3206244,NA,PRESERVED_SPECIMEN,MCZ,4bfac3ea-8763-4f4b-a71a-76a6f5f243d3,MX,Mexico,1968,1968-08-22,"cdrep,colmafu,inmafu"
476612646,Pseudoeurycea leprosa,"Pseudoeurycea leprosa (Cope, 1869)",-98.700093,19.3206244,NA,PRESERVED_SPECIMEN,MCZ,4bfac3ea-8763-4f4b-a71a-76a6f5f243d3,MX,Mexico,1968,1968-08-22,"cdrep,colmafu,inmafu"
476612647,Pseudoeurycea leprosa,"Pseudoeurycea leprosa (Cope, 1869)",-98.700093,19.3206244,NA,PRESERVED_SPECIMEN,MCZ,4bfac3ea-8763-4f4b-a71a-76a6f5f243d3,MX,Mexico,1968,1968-08-22,"cdrep,colmafu,inmafu"
476612648,Pseudoeurycea leprosa,"Pseudoeurycea leprosa (Cope, 1869)",-98.700093,19.3206244,NA,PRESERVED_SPECIMEN,MCZ,4bfac3ea-8763-4f4b-a71a-76a6f5f243d3,MX,Mexico,1968,1968-08-22,"cdrep,colmafu,inmafu"
476612649,Pseudoeurycea leprosa,"Pseudoeurycea leprosa (Cope, 1869)",-98.700093,19.3206244,NA,PRESERVED_SPECIMEN,MCZ,4bfac3ea-8763-4f4b-a71a-76a6f5f243d3,MX,Mexico,1968,1968-08-22,"cdrep,colmafu,inmafu"
476612650,Pseudoeurycea leprosa,"Pseudoeurycea leprosa (Cope, 1869)",-98.700093,19.3206244,NA,PRESERVED_SPECIMEN,MCZ,4bfac3ea-8763-4f4b-a71a-76a6f5f243d3,MX,Mexico,1968,1968-08-22,"cdrep,colmafu,inmafu"
476612651,Pseudoeurycea leprosa,"Pseudoeurycea leprosa (Cope, 1869)",-98.700093,19.3206244,NA,PRESERVED_SPECIMEN,MCZ,4bfac3ea-8763-4f4b-a71a-76a6f5f243d3,MX,Mexico,1968,1968-08-22,"cdrep,colmafu,inmafu"
476612750,Pseudoeurycea leprosa,"Pseudoeurycea leprosa (Cope, 1869)",-98.700093,19.3206244,NA,PRESERVED_SPECIMEN,MCZ,4bfac3ea-8763-4f4b-a71a-76a6f5f243d3,MX,Mexico,1968,1968-08-22,"cdrep,colmafu,inmafu"
