key,species,scientificName,decimalLongitude,decimalLatitude,coordinateUncertaintyInMeters,basisOfRecord,institutionCode,datasetKey,countryCode,stateProvince,year,eventDate,issues
5938194638,Incilius valliceps,"Incilius valliceps (Wiegmann, 1833)",-86.815599,21.176411,111,HUMAN_OBSERVATION,iNaturalist,50c9509d-22c7-4a22-a47d-8c48425ef4a7,MX,Quintana Roo,2026,2026-01-04T00:59:38,"cdc,cdround"
6129828879,Incilius valliceps,"Incilius valliceps (Wiegmann, 1833)",-88.565338,17.318855,80,HUMAN_OBSERVATION,iNaturalist,50c9509d-22c7-4a22-a47d-8c48425ef4a7,BZ,Cayo,2026,2026-01-11T16:21:07,"cdc,cdround"
6129854988,Incilius valliceps,"Incilius valliceps (Wiegmann, 1833)",-90.187988,18.442847,2,HUMAN_OBSERVATION,iNaturalist,50c9509d-22c7-4a22-a47d-8c48425ef4a7,MX,Campeche,2026,2026-01-16T12:46:42,"cdc,cdround"
6130382922,Incilius valliceps,"Incilius valliceps (Wiegmann, 1833)",-88.556433,18.076553,4,HUMAN_OBSERVATION,iNaturalist,50c9509d-22c7-4a22-a47d-8c48425ef4a7,BZ,Orange Walk,2026,2026-01-08T21:22,"cdc,cdround"
6130397457,Incilius valliceps,"Incilius valliceps (Wiegmann, 1833)",-88.379463,18.063189,12,HUMAN_OBSERVATION,iNaturalist,50c9509d-22c7-4a22-a47d-8c48425ef4a7,BZ,Orange Walk,2026,2026-01-11T08:25:07,"cdc,cdround"
6130707571,Incilius valliceps,"Incilius valliceps (Wiegmann, 1833)",-88.222832,18.129008,23661,HUMAN_OBSERVATION,iNaturalist,50c9509d-22c7-4a22-a47d-8c48425ef4a7,BZ,Corozal,2026,2026-01-12T09:23:48,"cdc,cdround"
6130862757,Incilius valliceps,"Incilius valliceps (Wiegmann, 1833)",-88.379372,18.063175,11,HUMAN_OBSERVATION,iNaturalist,50c9509d-22c7-4a22-a47d-8c48425ef4a7,BZ,Orange Walk,2026,2026-01-11T08:25:10,"cdc,cdround"
6130996160,Incilius valliceps,"Incilius valliceps (Wiegmann, 1833)",-85.011392,10.716922,4,HUMAN_OBSERVATION,iNaturalist,50c9509d-22c7-4a22-a47d-8c48425ef4a7,CR,Alajuela,2026,2026-01-06T20:00:15,"cdc,cdround"
6131225613,Incilius valliceps,"Incilius valliceps (Wiegmann, 1833)",-90.751486,18.471425,30649,HUMAN_OBSERVATION,iNaturalist,50c9509d-22c7-4a22-a47d-8c48425ef4a7,MX,Campeche,2026,2026-01-03T16:07:20,"cdc,cdround"
6133037153,Incilius valliceps,"Incilius valliceps (Wiegmann, 1833)",-88.279724,16.851702,NA,HUMAN_OBSERVATION,iNaturalist,50c9509d-22c7-4a22-a47d-8c48425ef4a7,BZ,Stann Creek,2026,2026-01-31T21:47:20,"cdc,cdround"
6133488461,Incilius valliceps,"Incilius valliceps (Wiegmann, 1833)",-89.909993,18.545534,2208,HUMAN_OBSERVATION,iNaturalist,50c9509d-22c7-4a22-a47d-8c48425ef4a7,MX,Campeche,2026,2026-01-16T12:45,"cdc,cdround"
6179302253,Incilius valliceps,"Incilius valliceps (Wiegmann, 1833)",-88.279552,16.851668,11,HUMAN_OBSERVATION,iNaturalist,50c9509d-22c7-4a22-a47d-8c48425ef4a7,BZ,Stann Creek,2026,2026-01-31T17:51:20,"cdc,cdround"
6235690745,Incilius valliceps,"Incilius valliceps (Wiegmann, 1833)",-96.860262,19.513667,5,HUMAN_OBSERVATION,iNaturalist,50c9509d-22c7-4a22-a47d-8c48425ef4a7,MX,Veracruz,2026,2026-01-20T19:11:16,"cdc,cdround"
6352850809,Incilius valliceps,"Incilius valliceps (Wiegmann, 1833)",-88.565127,17.052616,100,HUMAN_OBSERVATION,iNaturalist,50c9509d-22c7-4a22-a47d-8c48425ef4a7,BZ,Cayo,2026,2026-01-13T10:10:50,"cdc,cdround"
6398746720,Incilius valliceps,"Incilius valliceps (Wiegmann, 1833)",-87.997721,21.451449,1509,HUMAN_OBSERVATION,iNaturalist,50c9509d-22c7-4a22-a47d-8c48425ef4a7,MX,Yucatán,2026,2026-01-17T18:47,"cdc,cdround"
6399371311,Incilius valliceps,"Incilius valliceps (Wiegmann, 1833)",-87.997721,21.451449,1509,HUMAN_OBSERVATION,iNaturalist,50c9509d-22c7-4a22-a47d-8c48425ef4a7,MX,Yucatán,2026,2026-01-17T18:50,"cdc,cdround"
6400195226,Incilius valliceps,"Incilius valliceps (Wiegmann, 1833)",-87.997721,21.451449,1509,HUMAN_OBSERVATION,iNaturalist,50c9509d-22c7-4a22-a47d-8c48425ef4a7,MX,Yucatán,2026,2026-01-17T18:37,"cdc,cdround"
6441059558,Incilius valliceps,"Incilius valliceps (Wiegmann, 1833)",-89.059414,17.042831,15,HUMAN_OBSERVATION,iNaturalist,50c9509d-22c7-4a22-a47d-8c48425ef4a7,BZ,Cayo,2026,2026-01-30T19:33,"cdc,cdround"
6441472457,Incilius valliceps,"Incilius valliceps (Wiegmann, 1833)",-88.279541,16.851587,11,HUMAN_OBSERVATION,iNaturalist,50c9509d-22c7-4a22-a47d-8c48425ef4a7,BZ,Stann Creek,2026,2026-01-31T19:38,"cdc,cdround"
6133178216,Incilius valliceps,"Incilius valliceps (Wiegmann, 1833)",-88.279564,16.851698,NA,HUMAN_OBSERVATION,iNaturalist,50c9509d-22c7-4a22-a47d-8c48425ef4a7,BZ,Stann Creek,2026,2026-02-01T10:51:49,"cdc,cdround"
6147311162,Incilius valliceps,"Incilius valliceps (Wiegmann, 1833)",-89.547043,20.951267,NA,HUMAN_OBSERVATION,iNaturalist,50c9509d-22c7-4a22-a47d-8c48425ef4a7,MX,Yucatán,2026,2026-02-02T17:22,"cdc,cdround"
6159246070,Incilius valliceps,"Incilius valliceps (Wiegmann, 1833)",-87.46837,20.193638,35,HUMAN_OBSERVATION,iNaturalist,50c9509d-22c7-4a22-a47d-8c48425ef4a7,MX,Quintana Roo,2026,2026-02-13T21:02:20,"cdc,cdround"
6159282804,Incilius valliceps,"Incilius valliceps (Wiegmann, 1833)",-92.02738,17.489955,NA,HUMAN_OBSERVATION,iNaturalist,50c9509d-22c7-4a22-a47d-8c48425ef4a7,MX,Chiapas,2026,2026-02-08T23:10,"cdc,cdround"
6159329462,Incilius valliceps,"Incilius valliceps (Wiegmann, 1833)",-88.56578,17.052022,10,HUMAN_OBSERVATION,iNaturalist,50c9509d-22c7-4a22-a47d-8c48425ef4a7,BZ,Cayo,2026,2026-02-14T19:48:48,"cdc,cdround"
6162869005,Incilius valliceps,"Incilius valliceps (Wiegmann, 1833)",-88.570139,17.051995,6,HUMAN_OBSERVATION,iNaturalist,50c9509d-22c7-4a22-a47d-8c48425ef4a7,BZ,Cayo,2026,2026-02-19T08:41:13,"cdc,cdround"
6162934991,Incilius valliceps,"Incilius valliceps (Wiegmann, 1833)",-87.043725,20.675779,11,HUMAN_OBSERVATION,iNaturalist,50c9509d-22c7-4a22-a47d-8c48425ef4a7,MX,Quintana Roo,2026,2026-02-19T22:09:54,"cdc,cdround"
6171048648,Incilius valliceps,"Incilius valliceps (Wiegmann, 1833)",-87.459621,20.174213,10,HUMAN_OBSERVATION,iNaturalist,50c9509d-22c7-4a22-a47d-8c48425ef4a7,MX,Quintana Roo,2026,2026-02-16T18:56,"cdc,cdround"
6171197861,Incilius valliceps,"Incilius valliceps (Wiegmann, 1833)",-88.56565,17.052142,4,HUMAN_OBSERVATION,iNaturalist,50c9509d-22c7-4a22-a47d-8c48425ef4a7,BZ,Cayo,2026,2026-02-11T23:48:47,"cdc,cdround"
6171278411,Incilius valliceps,"Incilius valliceps (Wiegmann, 1833)",-88.565483,17.052631,92,HUMAN_OBSERVATION,iNaturalist,50c9509d-22c7-4a22-a47d-8c48425ef4a7,BZ,Cayo,2026,2026-02-15T18:59:12,"cdc,cdround"
6178659653,Incilius valliceps,"Incilius valliceps (Wiegmann, 1833)",-87.462662,20.171883,22,HUMAN_OBSERVATION,iNaturalist,50c9509d-22c7-4a22-a47d-8c48425ef4a7,MX,Quintana Roo,2026,2026-02-16T21:34,cdc
6178708094,Incilius valliceps,"Incilius valliceps (Wiegmann, 1833)",-87.459297,20.174246,22,HUMAN_OBSERVATION,iNaturalist,50c9509d-22c7-4a22-a47d-8c48425ef4a7,MX,Quintana Roo,2026,2026-02-16T21:54,cdc
6178835114,Incilius valliceps,"Incilius valliceps (Wiegmann, 1833)",-87.459297,20.174246,22,HUMAN_OBSERVATION,iNaturalist,50c9509d-22c7-4a22-a47d-8c48425ef4a7,MX,Quintana Roo,2026,2026-02-16T21:57,cdc
6179022694,Incilius valliceps,"Incilius valliceps (Wiegmann, 1833)",-87.14125,20.813966,793,HUMAN_OBSERVATION,iNaturalist,50c9509d-22c7-4a22-a47d-8c48425ef4a7,MX,Quintana Roo,2026,2026-02-20T20:58,"cdc,cdround"
6179034976,Incilius valliceps,"Incilius valliceps (Wiegmann, 1833)",-87.462593,20.17169,22,HUMAN_OBSERVATION,iNaturalist,50c9509d-22c7-4a22-a47d-8c48425ef4a7,MX,Quintana Roo,2026,2026-02-16T21:25,cdc
6179566660,Incilius valliceps,"Incilius valliceps (Wiegmann, 1833)",-87.462662,20.171883,22,HUMAN_OBSERVATION,iNaturalist,50c9509d-22c7-4a22-a47d-8c48425ef4a7,MX,Quintana Roo,2026,2026-02-16T21:35,cdc
6185277400,Incilius valliceps,"Incilius valliceps (Wiegmann, 1833)",-87.462622,20.171886,NA,HUMAN_OBSERVATION,iNaturalist,50c9509d-22c7-4a22-a47d-8c48425ef4a7,MX,Quintana Roo,2026,2026-02-16T21:35,"cdc,cdround"
6185768710,Incilius valliceps,"Incilius valliceps (Wiegmann, 1833)",-87.462444,20.171519,NA,HUMAN_OBSERVATION,iNaturalist,50c9509d-22c7-4a22-a47d-8c48425ef4a7,MX,Quintana Roo,2026,2026-02-16T21:27,"cdc,cdround"
6185772159,Incilius valliceps,"Incilius valliceps (Wiegmann, 1833)",-87.462631,20.171897,NA,HUMAN_OBSERVATION,iNaturalist,50c9509d-22c7-4a22-a47d-8c48425ef4a7,MX,Quintana Roo,2026,2026-02-16T21:35,"cdc,cdround"
6186137328,Incilius valliceps,"Incilius valliceps (Wiegmann, 1833)",-87.459489,20.174339,NA,HUMAN_OBSERVATION,iNaturalist,50c9509d-22c7-4a22-a47d-8c48425ef4a7,MX,Quintana Roo,2026,2026-02-16T21:57,"cdc,cdround"
6187939173,Incilius valliceps,"Incilius valliceps (Wiegmann, 1833)",-87.702273,18.722989,32,HUMAN_OBSERVATION,iNaturalist,50c9509d-22c7-4a22-a47d-8c48425ef4a7,MX,Quintana Roo,2026,2026-02-26T01:31:20,"cdc,cdround"
6188310381,Incilius valliceps,"Incilius valliceps (Wiegmann, 1833)",-88.540459,17.7715,98,HUMAN_OBSERVATION,iNaturalist,50c9509d-22c7-4a22-a47d-8c48425ef4a7,BZ,Belize,2026,2026-02-06T21:27:43,"cdc,cdround"
6441039949,Incilius valliceps,"Incilius valliceps (Wiegmann, 1833)",-88.654213,17.751733,4,HUMAN_OBSERVATION,iNaturalist,50c9509d-22c7-4a22-a47d-8c48425ef4a7,BZ,Orange Walk,2026,2026-02-13T00:10:12,"cdc,cdround"
6178463337,Incilius valliceps,"Incilius valliceps (Wiegmann, 1833)",-89.621032,20.869275,84,HUMAN_OBSERVATION,iNaturalist,50c9509d-22c7-4a22-a47d-8c48425ef4a7,MX,Yucatán,2026,2026-03-06T19:29,"cdc,cdround"
6178598493,Incilius valliceps,"Incilius valliceps (Wiegmann, 1833)",-89.619941,20.869266,15,HUMAN_OBSERVATION,iNaturalist,50c9509d-22c7-4a22-a47d-8c48425ef4a7,MX,Yucatán,2026,2026-03-07T06:38,"cdc,cdround"
6178930781,Incilius valliceps,"Incilius valliceps (Wiegmann, 1833)",-89.622688,20.869285,31,HUMAN_OBSERVATION,iNaturalist,50c9509d-22c7-4a22-a47d-8c48425ef4a7,MX,Yucatán,2026,2026-03-06T08:08,"cdc,cdround"
6179312717,Incilius valliceps,"Incilius valliceps (Wiegmann, 1833)",-96.949059,18.918919,NA,HUMAN_OBSERVATION,iNaturalist,50c9509d-22c7-4a22-a47d-8c48425ef4a7,MX,Veracruz,2026,2026-03-07T20:28:20,"cdc,cdround"
6184910530,Incilius valliceps,"Incilius valliceps (Wiegmann, 1833)",-87.703159,20.7816,30453,HUMAN_OBSERVATION,iNaturalist,50c9509d-22c7-4a22-a47d-8c48425ef4a7,MX,Quintana Roo,2026,2026-03-14T14:27:19,"cdc,cdround"
6185114243,Incilius valliceps,"Incilius valliceps (Wiegmann, 1833)",-87.875413,18.089783,1699,HUMAN_OBSERVATION,iNaturalist,50c9509d-22c7-4a22-a47d-8c48425ef4a7,BZ,Corozal,2026,2026-03-18T10:20:43,"cdc,cdround"
6185548175,Incilius valliceps,"Incilius valliceps (Wiegmann, 1833)",-87.032753,20.697356,NA,HUMAN_OBSERVATION,iNaturalist,50c9509d-22c7-4a22-a47d-8c48425ef4a7,MX,Quintana Roo,2026,2026-03-18T16:09:49,"cdc,cdround"
6185626097,Incilius valliceps,"Incilius valliceps (Wiegmann, 1833)",-89.650467,21.015414,30415,HUMAN_OBSERVATION,iNaturalist,50c9509d-22c7-4a22-a47d-8c48425ef4a7,MX,Yucatán,2026,2026-03-19T22:13:48,"cdc,cdround"
6185851219,Incilius valliceps,"Incilius valliceps (Wiegmann, 1833)",-86.847082,21.082424,100,HUMAN_OBSERVATION,iNaturalist,50c9509d-22c7-4a22-a47d-8c48425ef4a7,MX,Quintana Roo,2026,2026-03-26T16:27:16,"cdc,cdround"
6188542718,Incilius valliceps,"Incilius valliceps (Wiegmann, 1833)",-89.613049,21.078426,4249,HUMAN_OBSERVATION,iNaturalist,50c9509d-22c7-4a22-a47d-8c48425ef4a7,MX,Yucatán,2026,2026-03-30T23:10,"cdc,cdround"
6188577261,Incilius valliceps,"Incilius valliceps (Wiegmann, 1833)",-93.240775,18.18265,18,HUMAN_OBSERVATION,iNaturalist,50c9509d-22c7-4a22-a47d-8c48425ef4a7,MX,Tabasco,2026,2026-03-29T12:55:16,cdc
6195758769,Incilius valliceps,"Incilius valliceps (Wiegmann, 1833)",-89.060387,17.047216,211,HUMAN_OBSERVATION,iNaturalist,50c9509d-22c7-4a22-a47d-8c48425ef4a7,BZ,Cayo,2026,2026-03-21T08:58,"cdc,cdround"
6235328438,Incilius valliceps,"Incilius valliceps (Wiegmann, 1833)",-95.175036,18.406246,1068,HUMAN_OBSERVATION,iNaturalist,50c9509d-22c7-4a22-a47d-8c48425ef4a7,MX,Veracruz,2026,2026-03-02T20:37,"cdc,cdround"
6235829808,Incilius valliceps,"Incilius valliceps (Wiegmann, 1833)",-88.468667,16.784288,15,HUMAN_OBSERVATION,iNaturalist,50c9509d-22c7-4a22-a47d-8c48425ef4a7,BZ,Stann Creek,2026,2026-03-10T17:37:36,"cdc,cdround"
6273360701,Incilius valliceps,"Incilius valliceps (Wiegmann, 1833)",-88.233549,18.608353,61,HUMAN_OBSERVATION,iNaturalist,50c9509d-22c7-4a22-a47d-8c48425ef4a7,MX,Quintana Roo,2026,2026-03-31T03:48,"cdc,cdround"
6333929917,Incilius valliceps,"Incilius valliceps (Wiegmann, 1833)",-89.800696,18.113857,44,HUMAN_OBSERVATION,iNaturalist,50c9509d-22c7-4a22-a47d-8c48425ef4a7,MX,Campeche,2026,2026-03-17T12:25:31,"cdc,cdround"
6353156017,Incilius valliceps,"Incilius valliceps (Wiegmann, 1833)",-88.56923,17.052944,17,HUMAN_OBSERVATION,iNaturalist,50c9509d-22c7-4a22-a47d-8c48425ef4a7,BZ,Cayo,2026,2026-03-15T19:31:36,"cdc,cdround"
6431690514,Incilius valliceps,"Incilius valliceps (Wiegmann, 1833)",-89.06913,17.164283,17,HUMAN_OBSERVATION,iNaturalist,50c9509d-22c7-4a22-a47d-8c48425ef4a7,BZ,Cayo,2026,2026-03-18T20:54:25,"cdc,cdround"
6441048948,Incilius valliceps,"Incilius valliceps (Wiegmann, 1833)",-87.975389,17.903839,167,HUMAN_OBSERVATION,iNaturalist,50c9509d-22c7-4a22-a47d-8c48425ef4a7,BZ,Corozal,2026,2026-03-28T18:32:14,"cdc,cdround"
6441111314,Incilius valliceps,"Incilius valliceps (Wiegmann, 1833)",-89.076355,17.108111,4,HUMAN_OBSERVATION,iNaturalist,50c9509d-22c7-4a22-a47d-8c48425ef4a7,BZ,Cayo,2026,2026-03-11T21:06:55,"cdc,cdround"
6441278837,Incilius valliceps,"Incilius valliceps (Wiegmann, 1833)",-88.600333,17.969622,19,HUMAN_OBSERVATION,iNaturalist,50c9509d-22c7-4a22-a47d-8c48425ef4a7,BZ,Orange Walk,2026,2026-03-26T21:07:50,"cdc,cdround"
6441483047,Incilius valliceps,"Incilius valliceps (Wiegmann, 1833)",-88.569222,17.052968,12,HUMAN_OBSERVATION,iNaturalist,50c9509d-22c7-4a22-a47d-8c48425ef4a7,BZ,Cayo,2026,2026-03-15T19:30:47,"cdc,cdround"
6441760499,Incilius valliceps,"Incilius valliceps (Wiegmann, 1833)",-88.95325,17.036466,NA,HUMAN_OBSERVATION,iNaturalist,50c9509d-22c7-4a22-a47d-8c48425ef4a7,BZ,Cayo,2026,2026-03-12T20:09:02,"cdc,cdround"
6551279482,Incilius valliceps,"Incilius valliceps (Wiegmann, 1833)",-90.536335,19.817261,29,HUMAN_OBSERVATION,iNaturalist,50c9509d-22c7-4a22-a47d-8c48425ef4a7,MX,Campeche,2026,2026-03-11T22:01:26,"cdc,cdround"
6552818577,Incilius valliceps,"Incilius valliceps (Wiegmann, 1833)",-92.979274,17.91623,NA,HUMAN_OBSERVATION,iNaturalist,50c9509d-22c7-4a22-a47d-8c48425ef4a7,MX,Tabasco,2026,2026-03-01T10:12:23,"cdc,cdround"
6195489249,Incilius valliceps,"Incilius valliceps (Wiegmann, 1833)",-89.747475,18.183749,100,HUMAN_OBSERVATION,iNaturalist,50c9509d-22c7-4a22-a47d-8c48425ef4a7,MX,Campeche,2026,2026-04-07T10:06:55,"cdc,cdround"
6195691261,Incilius valliceps,"Incilius valliceps (Wiegmann, 1833)",-88.263719,18.543903,11,HUMAN_OBSERVATION,iNaturalist,50c9509d-22c7-4a22-a47d-8c48425ef4a7,MX,Quintana Roo,2026,2026-04-13T14:02:04,"cdc,cdround"
6195700430,Incilius valliceps,"Incilius valliceps (Wiegmann, 1833)",-96.902969,18.860761,NA,HUMAN_OBSERVATION,iNaturalist,50c9509d-22c7-4a22-a47d-8c48425ef4a7,MX,Veracruz,2026,2026-04-10T11:49:52,"cdc,cdround"
6234317829,Incilius valliceps,"Incilius valliceps (Wiegmann, 1833)",-88.172719,21.157709,203,HUMAN_OBSERVATION,iNaturalist,50c9509d-22c7-4a22-a47d-8c48425ef4a7,MX,Yucatán,2026,2026-04-24T19:25:31,"cdc,cdround"
6234398994,Incilius valliceps,"Incilius valliceps (Wiegmann, 1833)",-88.172719,21.157709,202,HUMAN_OBSERVATION,iNaturalist,50c9509d-22c7-4a22-a47d-8c48425ef4a7,MX,Yucatán,2026,2026-04-24T19:27,"cdc,cdround"
6234534002,Incilius valliceps,"Incilius valliceps (Wiegmann, 1833)",-86.101214,14.016176,383,HUMAN_OBSERVATION,iNaturalist,50c9509d-22c7-4a22-a47d-8c48425ef4a7,NI,Nueva Segovia,2026,2026-04-06T12:35:40,"cdc,cdround"
6234630713,Incilius valliceps,"Incilius valliceps (Wiegmann, 1833)",-87.392747,20.462317,3,HUMAN_OBSERVATION,iNaturalist,50c9509d-22c7-4a22-a47d-8c48425ef4a7,MX,Quintana Roo,2026,2026-04-24T05:26:47,"cdc,cdround"
6234832285,Incilius valliceps,"Incilius valliceps (Wiegmann, 1833)",-88.172719,21.157709,202,HUMAN_OBSERVATION,iNaturalist,50c9509d-22c7-4a22-a47d-8c48425ef4a7,MX,Yucatán,2026,2026-04-24T21:41,"cdc,cdround"
6234887944,Incilius valliceps,"Incilius valliceps (Wiegmann, 1833)",-88.172719,21.157709,202,HUMAN_OBSERVATION,iNaturalist,50c9509d-22c7-4a22-a47d-8c48425ef4a7,MX,Yucatán,2026,2026-04-24T21:40,"cdc,cdround"
6234890443,Incilius valliceps,"Incilius valliceps (Wiegmann, 1833)",-89.402495,17.06975,5,HUMAN_OBSERVATION,iNaturalist,50c9509d-22c7-4a22-a47d-8c48425ef4a7,GT,Petén,2026,2026-04-23T10:31:38,"cdc,cdround"
6234945983,Incilius valliceps,"Incilius valliceps (Wiegmann, 1833)",-88.0363,15.46547,13,HUMAN_OBSERVATION,iNaturalist,50c9509d-22c7-4a22-a47d-8c48425ef4a7,HN,Cortés,2026,2026-04-26T16:45:40,cdc
6234946024,Incilius valliceps,"Incilius valliceps (Wiegmann, 1833)",-88.173553,21.158753,3,HUMAN_OBSERVATION,iNaturalist,50c9509d-22c7-4a22-a47d-8c48425ef4a7,MX,Yucatán,2026,2026-04-24T21:42:52,"cdc,cdround"
6234971989,Incilius valliceps,"Incilius valliceps (Wiegmann, 1833)",-96.916767,19.510215,76,HUMAN_OBSERVATION,iNaturalist,50c9509d-22c7-4a22-a47d-8c48425ef4a7,MX,Veracruz,2026,2026-04-24T20:51:08,"cdc,cdround"
6235058697,Incilius valliceps,"Incilius valliceps (Wiegmann, 1833)",-89.656503,21.025914,16,HUMAN_OBSERVATION,iNaturalist,50c9509d-22c7-4a22-a47d-8c48425ef4a7,MX,Yucatán,2026,2026-04-26T23:20:22,"cdc,cdround"
6235129174,Incilius valliceps,"Incilius valliceps (Wiegmann, 1833)",-88.173665,21.158767,NA,HUMAN_OBSERVATION,iNaturalist,50c9509d-22c7-4a22-a47d-8c48425ef4a7,MX,Yucatán,2026,2026-04-24T21:49:51,"cdc,cdround"
6235209039,Incilius valliceps,"Incilius valliceps (Wiegmann, 1833)",-88.173613,21.158805,NA,HUMAN_OBSERVATION,iNaturalist,50c9509d-22c7-4a22-a47d-8c48425ef4a7,MX,Yucatán,2026,2026-04-24T21:50:12,"cdc,cdround"
6235607563,Incilius valliceps,"Incilius valliceps (Wiegmann, 1833)",-89.771254,16.903744,21,HUMAN_OBSERVATION,iNaturalist,50c9509d-22c7-4a22-a47d-8c48425ef4a7,GT,Petén,2026,2026-04-24T10:48,"cdc,cdround"
6235972926,Incilius valliceps,"Incilius valliceps (Wiegmann, 1833)",-89.616977,17.222079,39,HUMAN_OBSERVATION,iNaturalist,50c9509d-22c7-4a22-a47d-8c48425ef4a7,GT,Petén,2026,2026-04-24T11:47:12,"cdc,cdround"
6236007105,Incilius valliceps,"Incilius valliceps (Wiegmann, 1833)",-88.17383,21.158618,NA,HUMAN_OBSERVATION,iNaturalist,50c9509d-22c7-4a22-a47d-8c48425ef4a7,MX,Yucatán,2026,2026-04-24T21:41:15,"cdc,cdround"
6236222678,Incilius valliceps,"Incilius valliceps (Wiegmann, 1833)",-88.173615,21.158295,NA,HUMAN_OBSERVATION,iNaturalist,50c9509d-22c7-4a22-a47d-8c48425ef4a7,MX,Yucatán,2026,2026-04-24T21:42:56,"cdc,cdround"
6236339887,Incilius valliceps,"Incilius valliceps (Wiegmann, 1833)",-87.455443,13.432619,4078,HUMAN_OBSERVATION,iNaturalist,50c9509d-22c7-4a22-a47d-8c48425ef4a7,HN,Valle,2026,2026-04-16T23:16:25,"cdc,cdround"
6236460829,Incilius valliceps,"Incilius valliceps (Wiegmann, 1833)",-88.172669,21.159353,NA,HUMAN_OBSERVATION,iNaturalist,50c9509d-22c7-4a22-a47d-8c48425ef4a7,MX,Yucatán,2026,2026-04-24T19:25:21,"cdc,cdround"
6236536673,Incilius valliceps,"Incilius valliceps (Wiegmann, 1833)",-96.782003,19.351493,33,HUMAN_OBSERVATION,iNaturalist,50c9509d-22c7-4a22-a47d-8c48425ef4a7,MX,Veracruz,2026,2026-04-04T19:44:58,"cdc,cdround"
6252210511,Incilius valliceps,"Incilius valliceps (Wiegmann, 1833)",-88.309074,18.529153,10,HUMAN_OBSERVATION,iNaturalist,50c9509d-22c7-4a22-a47d-8c48425ef4a7,MX,Quintana Roo,2026,2026-04-30T19:47:07,"cdc,cdround"
6252550795,Incilius valliceps,"Incilius valliceps (Wiegmann, 1833)",-88.172639,21.157644,201,HUMAN_OBSERVATION,iNaturalist,50c9509d-22c7-4a22-a47d-8c48425ef4a7,MX,Yucatán,2026,2026-04-27T19:26,cdc
6253123481,Incilius valliceps,"Incilius valliceps (Wiegmann, 1833)",-89.627235,17.243661,43815,HUMAN_OBSERVATION,iNaturalist,50c9509d-22c7-4a22-a47d-8c48425ef4a7,GT,Petén,2026,2026-04-26T04:33:14,"cdc,cdround"
6253145708,Incilius valliceps,"Incilius valliceps (Wiegmann, 1833)",-95.078705,18.443858,4,HUMAN_OBSERVATION,iNaturalist,50c9509d-22c7-4a22-a47d-8c48425ef4a7,MX,Veracruz,2026,2026-04-27T19:56:45,"cdc,cdround"
6320318068,Incilius valliceps,"Incilius valliceps (Wiegmann, 1833)",-88.17267,21.15932,6,HUMAN_OBSERVATION,iNaturalist,50c9509d-22c7-4a22-a47d-8c48425ef4a7,MX,Yucatán,2026,2026-04-24T19:26:13,"cdc,cdround"
6352378390,Incilius valliceps,"Incilius valliceps (Wiegmann, 1833)",-88.172719,21.157709,203,HUMAN_OBSERVATION,iNaturalist,50c9509d-22c7-4a22-a47d-8c48425ef4a7,MX,Yucatán,2026,2026-04-27T19:27:53,"cdc,cdround"
6422416396,Incilius valliceps,"Incilius valliceps (Wiegmann, 1833)",-86.063952,14.041212,NA,HUMAN_OBSERVATION,iNaturalist,50c9509d-22c7-4a22-a47d-8c48425ef4a7,NI,Nueva Segovia,2026,2026-04-03T18:32:35,"cdc,cdround"
6440979809,Incilius valliceps,"Incilius valliceps (Wiegmann, 1833)",-88.404264,16.921056,NA,HUMAN_OBSERVATION,iNaturalist,50c9509d-22c7-4a22-a47d-8c48425ef4a7,BZ,Stann Creek,2026,2026-04-29T13:23:52,"cdc,cdround"
6441767027,Incilius valliceps,"Incilius valliceps (Wiegmann, 1833)",-88.659031,17.753494,NA,HUMAN_OBSERVATION,iNaturalist,50c9509d-22c7-4a22-a47d-8c48425ef4a7,BZ,Orange Walk,2026,2026-04-28T22:17:14,"cdc,cdround"
6469972562,Incilius valliceps,"Incilius valliceps (Wiegmann, 1833)",-89.730222,20.991327,493,HUMAN_OBSERVATION,iNaturalist,50c9509d-22c7-4a22-a47d-8c48425ef4a7,MX,Yucatán,2026,2026-04-03T19:51:56,"cdc,cdround"
6498625782,Incilius valliceps,"Incilius valliceps (Wiegmann, 1833)",-89.618673,20.837197,6774,HUMAN_OBSERVATION,iNaturalist,50c9509d-22c7-4a22-a47d-8c48425ef4a7,MX,Yucatán,2026,2026-04-08T09:47,"cdc,cdround"
6499571299,Incilius valliceps,"Incilius valliceps (Wiegmann, 1833)",-88.173865,21.158616,NA,HUMAN_OBSERVATION,iNaturalist,50c9509d-22c7-4a22-a47d-8c48425ef4a7,MX,Yucatán,2026,2026-04-27T19:26:52,"cdc,cdround"
6500058816,Incilius valliceps,"Incilius valliceps (Wiegmann, 1833)",-89.618673,20.837197,6774,HUMAN_OBSERVATION,iNaturalist,50c9509d-22c7-4a22-a47d-8c48425ef4a7,MX,Yucatán,2026,2026-04-08T09:47,"cdc,cdround"
6500130700,Incilius valliceps,"Incilius valliceps (Wiegmann, 1833)",-88.173834,21.158639,NA,HUMAN_OBSERVATION,iNaturalist,50c9509d-22c7-4a22-a47d-8c48425ef4a7,MX,Yucatán,2026,2026-04-27T19:28:05,"cdc,cdround"
6253224603,Incilius valliceps,"Incilius valliceps (Wiegmann, 1833)",-90.238421,17.274124,207,HUMAN_OBSERVATION,iNaturalist,50c9509d-22c7-4a22-a47d-8c48425ef4a7,GT,Petén,2026,2026-05-03T19:05:08,"cdc,cdround"
6273728928,Incilius valliceps,"Incilius valliceps (Wiegmann, 1833)",-88.309562,21.016131,NA,HUMAN_OBSERVATION,iNaturalist,50c9509d-22c7-4a22-a47d-8c48425ef4a7,MX,Yucatán,2026,2026-05-04T19:03:12,"cdc,cdround"
6273730398,Incilius valliceps,"Incilius valliceps (Wiegmann, 1833)",-87.316258,20.395593,9,HUMAN_OBSERVATION,iNaturalist,50c9509d-22c7-4a22-a47d-8c48425ef4a7,MX,Quintana Roo,2026,2026-05-04T21:24:18,"cdc,cdround"
6273813705,Incilius valliceps,"Incilius valliceps (Wiegmann, 1833)",-88.044656,20.76506,25,HUMAN_OBSERVATION,iNaturalist,50c9509d-22c7-4a22-a47d-8c48425ef4a7,MX,Yucatán,2026,2026-05-02T20:24:29,"cdc,cdround"
6273856638,Incilius valliceps,"Incilius valliceps (Wiegmann, 1833)",-90.090084,20.608183,3,HUMAN_OBSERVATION,iNaturalist,50c9509d-22c7-4a22-a47d-8c48425ef4a7,MX,Yucatán,2026,2026-05-06T11:55:50,"cdc,cdround"
6320086061,Incilius valliceps,"Incilius valliceps (Wiegmann, 1833)",-89.560444,20.753409,22,HUMAN_OBSERVATION,iNaturalist,50c9509d-22c7-4a22-a47d-8c48425ef4a7,MX,Yucatán,2026,2026-05-05T22:58,"cdc,cdround"
6320175567,Incilius valliceps,"Incilius valliceps (Wiegmann, 1833)",-89.560412,20.753264,51,HUMAN_OBSERVATION,iNaturalist,50c9509d-22c7-4a22-a47d-8c48425ef4a7,MX,Yucatán,2026,2026-05-05T23:03,"cdc,cdround"
6320304435,Incilius valliceps,"Incilius valliceps (Wiegmann, 1833)",-88.263746,18.544159,10,HUMAN_OBSERVATION,iNaturalist,50c9509d-22c7-4a22-a47d-8c48425ef4a7,MX,Quintana Roo,2026,2026-05-15T10:43:45,"cdc,cdround"
6320540867,Incilius valliceps,"Incilius valliceps (Wiegmann, 1833)",-88.653808,17.752272,4,HUMAN_OBSERVATION,iNaturalist,50c9509d-22c7-4a22-a47d-8c48425ef4a7,BZ,Orange Walk,2026,2026-05-17T19:48:45,"cdc,cdround"
6320803320,Incilius valliceps,"Incilius valliceps (Wiegmann, 1833)",-87.393019,20.455913,NA,HUMAN_OBSERVATION,iNaturalist,50c9509d-22c7-4a22-a47d-8c48425ef4a7,MX,Quintana Roo,2026,2026-05-09T20:02:44,"cdc,cdround"
6321152518,Incilius valliceps,"Incilius valliceps (Wiegmann, 1833)",-87.390555,20.448279,NA,HUMAN_OBSERVATION,iNaturalist,50c9509d-22c7-4a22-a47d-8c48425ef4a7,MX,Quintana Roo,2026,2026-05-09T22:02:24,"cdc,cdround"
6333881905,Incilius valliceps,"Incilius valliceps (Wiegmann, 1833)",-88.322906,18.522873,13,HUMAN_OBSERVATION,iNaturalist,50c9509d-22c7-4a22-a47d-8c48425ef4a7,MX,Quintana Roo,2026,2026-05-20T19:55:10,"cdc,cdround"
6334121591,Incilius valliceps,"Incilius valliceps (Wiegmann, 1833)",-90.292931,17.246885,2,HUMAN_OBSERVATION,iNaturalist,50c9509d-22c7-4a22-a47d-8c48425ef4a7,GT,Petén,2026,2026-05-14T19:09:59,"cdc,cdround"
6334444431,Incilius valliceps,"Incilius valliceps (Wiegmann, 1833)",-89.688951,20.943991,13,HUMAN_OBSERVATION,iNaturalist,50c9509d-22c7-4a22-a47d-8c48425ef4a7,MX,Yucatán,2026,2026-05-20T20:43:12,"cdc,cdround"
6334754889,Incilius valliceps,"Incilius valliceps (Wiegmann, 1833)",-88.263606,18.543811,10,HUMAN_OBSERVATION,iNaturalist,50c9509d-22c7-4a22-a47d-8c48425ef4a7,MX,Quintana Roo,2026,2026-05-21T15:04:38,"cdc,cdround"
6352236903,Incilius valliceps,"Incilius valliceps (Wiegmann, 1833)",-89.688865,21.129037,1324,HUMAN_OBSERVATION,iNaturalist,50c9509d-22c7-4a22-a47d-8c48425ef4a7,MX,Yucatán,2026,2026-05-29T07:53:42,"cdc,cdround"
6352240548,Incilius valliceps,"Incilius valliceps (Wiegmann, 1833)",-92.28498,14.87393,4,HUMAN_OBSERVATION,iNaturalist,50c9509d-22c7-4a22-a47d-8c48425ef4a7,MX,Chiapas,2026,2026-05-26T18:54:10,cdc
6352294618,Incilius valliceps,"Incilius valliceps (Wiegmann, 1833)",-88.135139,19.848637,19,HUMAN_OBSERVATION,iNaturalist,50c9509d-22c7-4a22-a47d-8c48425ef4a7,MX,Quintana Roo,2026,2026-05-30T11:05:36,"cdc,cdround"
6352870992,Incilius valliceps,"Incilius valliceps (Wiegmann, 1833)",-90.291655,17.246563,2,HUMAN_OBSERVATION,iNaturalist,50c9509d-22c7-4a22-a47d-8c48425ef4a7,GT,Petén,2026,2026-05-26T07:45:23,"cdc,cdround"
6352983755,Incilius valliceps,"Incilius valliceps (Wiegmann, 1833)",-89.64222,20.940201,100,HUMAN_OBSERVATION,iNaturalist,50c9509d-22c7-4a22-a47d-8c48425ef4a7,MX,Yucatán,2026,2026-05-29T15:56:08,"cdc,cdround"
6353013424,Incilius valliceps,"Incilius valliceps (Wiegmann, 1833)",-89.722091,20.744056,NA,HUMAN_OBSERVATION,iNaturalist,50c9509d-22c7-4a22-a47d-8c48425ef4a7,MX,Yucatán,2026,2026-05-28T09:38:08,"cdc,cdround"
6353117486,Incilius valliceps,"Incilius valliceps (Wiegmann, 1833)",-90.292695,17.246575,39,HUMAN_OBSERVATION,iNaturalist,50c9509d-22c7-4a22-a47d-8c48425ef4a7,GT,Petén,2026,2026-05-26T07:14:36,cdc
6353179512,Incilius valliceps,"Incilius valliceps (Wiegmann, 1833)",-89.642206,20.940204,20,HUMAN_OBSERVATION,iNaturalist,50c9509d-22c7-4a22-a47d-8c48425ef4a7,MX,Yucatán,2026,2026-05-28T09:29:41,"cdc,cdround"
6353204412,Incilius valliceps,"Incilius valliceps (Wiegmann, 1833)",-88.129044,18.339317,4,HUMAN_OBSERVATION,iNaturalist,50c9509d-22c7-4a22-a47d-8c48425ef4a7,BZ,Corozal,2026,2026-05-30T19:45:51,"cdc,cdround"
6353209102,Incilius valliceps,"Incilius valliceps (Wiegmann, 1833)",-88.263396,18.543647,NA,HUMAN_OBSERVATION,iNaturalist,50c9509d-22c7-4a22-a47d-8c48425ef4a7,MX,Quintana Roo,2026,2026-05-31T10:06:10,"cdc,cdround"
6353236721,Incilius valliceps,"Incilius valliceps (Wiegmann, 1833)",-91.992004,17.575659,7813,HUMAN_OBSERVATION,iNaturalist,50c9509d-22c7-4a22-a47d-8c48425ef4a7,MX,Chiapas,2026,2026-05-28T19:44,"cdc,cdround"
6353260637,Incilius valliceps,"Incilius valliceps (Wiegmann, 1833)",-96.941085,18.884355,16,HUMAN_OBSERVATION,iNaturalist,50c9509d-22c7-4a22-a47d-8c48425ef4a7,MX,Veracruz,2026,2026-05-23T20:14:30,"cdc,cdround"
6353306466,Incilius valliceps,"Incilius valliceps (Wiegmann, 1833)",-90.291655,17.246563,2,HUMAN_OBSERVATION,iNaturalist,50c9509d-22c7-4a22-a47d-8c48425ef4a7,GT,Petén,2026,2026-05-26T07:12:54,"cdc,cdround"
6398570304,Incilius valliceps,"Incilius valliceps (Wiegmann, 1833)",-88.601226,15.690343,31,HUMAN_OBSERVATION,iNaturalist,50c9509d-22c7-4a22-a47d-8c48425ef4a7,GT,Izabal,2026,2026-05-05T11:36,"cdc,cdround"
6399235325,Incilius valliceps,"Incilius valliceps (Wiegmann, 1833)",-87.214462,15.54786,1,HUMAN_OBSERVATION,iNaturalist,50c9509d-22c7-4a22-a47d-8c48425ef4a7,HN,Atlántida,2026,2026-05-28T07:48,"cdc,cdround"
6399647947,Incilius valliceps,"Incilius valliceps (Wiegmann, 1833)",-87.633977,20.646745,205,HUMAN_OBSERVATION,iNaturalist,50c9509d-22c7-4a22-a47d-8c48425ef4a7,MX,Quintana Roo,2026,2026-05-31T08:24:17,"cdc,cdround"
6399791326,Incilius valliceps,"Incilius valliceps (Wiegmann, 1833)",-88.565623,17.052513,270,HUMAN_OBSERVATION,iNaturalist,50c9509d-22c7-4a22-a47d-8c48425ef4a7,BZ,Cayo,2026,2026-05-28T16:58,"cdc,cdround"
6400136272,Incilius valliceps,"Incilius valliceps (Wiegmann, 1833)",-87.634737,20.646381,133,HUMAN_OBSERVATION,iNaturalist,50c9509d-22c7-4a22-a47d-8c48425ef4a7,MX,Quintana Roo,2026,2026-05-30T20:39,"cdc,cdround"
6400187568,Incilius valliceps,"Incilius valliceps (Wiegmann, 1833)",-87.634737,20.646381,133,HUMAN_OBSERVATION,iNaturalist,50c9509d-22c7-4a22-a47d-8c48425ef4a7,MX,Quintana Roo,2026,2026-05-30T08:26,"cdc,cdround"
6408829318,Incilius valliceps,"Incilius valliceps (Wiegmann, 1833)",-89.5778,20.9471,NA,HUMAN_OBSERVATION,NA,bcf8d1fc-6bf0-4f57-9076-7d9ae2828ec2,MX,NA,2026,2026-05-21,cdc
6422875355,Incilius valliceps,"Incilius valliceps (Wiegmann, 1833)",-88.278613000000007,18.549573,21,HUMAN_OBSERVATION,iNaturalist,50c9509d-22c7-4a22-a47d-8c48425ef4a7,MX,Quintana Roo,2026,2026-05-29T19:56:05,"cdc,cdround"
6441021352,Incilius valliceps,"Incilius valliceps (Wiegmann, 1833)",-88.38997,16.9379,9,HUMAN_OBSERVATION,iNaturalist,50c9509d-22c7-4a22-a47d-8c48425ef4a7,BZ,Stann Creek,2026,2026-05-28T15:59:48,cdc
6441191880,Incilius valliceps,"Incilius valliceps (Wiegmann, 1833)",-87.811579,17.283431,3,HUMAN_OBSERVATION,iNaturalist,50c9509d-22c7-4a22-a47d-8c48425ef4a7,BZ,Belize,2026,2026-05-07T21:00:32,"cdc,cdround"
6441232939,Incilius valliceps,"Incilius valliceps (Wiegmann, 1833)",-88.565972,17.052022,14,HUMAN_OBSERVATION,iNaturalist,50c9509d-22c7-4a22-a47d-8c48425ef4a7,BZ,Cayo,2026,2026-05-24T19:48:15,"cdc,cdround"
6441242166,Incilius valliceps,"Incilius valliceps (Wiegmann, 1833)",-88.023802,17.742606,2,HUMAN_OBSERVATION,iNaturalist,50c9509d-22c7-4a22-a47d-8c48425ef4a7,BZ,Belize,2026,2026-05-14T22:29,"cdc,cdround"
6441354385,Incilius valliceps,"Incilius valliceps (Wiegmann, 1833)",-88.390038,16.93782,13,HUMAN_OBSERVATION,iNaturalist,50c9509d-22c7-4a22-a47d-8c48425ef4a7,BZ,Stann Creek,2026,2026-05-28T15:59:30,"cdc,cdround"
6441478709,Incilius valliceps,"Incilius valliceps (Wiegmann, 1833)",-89.62564,20.870198,12,HUMAN_OBSERVATION,iNaturalist,50c9509d-22c7-4a22-a47d-8c48425ef4a7,MX,Yucatán,2026,2026-05-26T20:13,"cdc,cdround"
6441566678,Incilius valliceps,"Incilius valliceps (Wiegmann, 1833)",-88.568488,17.051911,4,HUMAN_OBSERVATION,iNaturalist,50c9509d-22c7-4a22-a47d-8c48425ef4a7,BZ,Cayo,2026,2026-05-08T11:52,"cdc,cdround"
6441603654,Incilius valliceps,"Incilius valliceps (Wiegmann, 1833)",-88.65383,17.752272,2,HUMAN_OBSERVATION,iNaturalist,50c9509d-22c7-4a22-a47d-8c48425ef4a7,BZ,Orange Walk,2026,2026-05-17T19:47:50,"cdc,cdround"
6442013606,Incilius valliceps,"Incilius valliceps (Wiegmann, 1833)",-89.008318,16.978027,4,HUMAN_OBSERVATION,iNaturalist,50c9509d-22c7-4a22-a47d-8c48425ef4a7,BZ,Cayo,2026,2026-05-19T08:41:15,"cdc,cdround"
6451893941,Incilius valliceps,"Incilius valliceps (Wiegmann, 1833)",-89.227007,20.616454,31,HUMAN_OBSERVATION,iNaturalist,50c9509d-22c7-4a22-a47d-8c48425ef4a7,MX,Yucatán,2026,2026-05-30T19:13,"cdc,cdround"
6481151390,Incilius valliceps,"Incilius valliceps (Wiegmann, 1833)",-87.392638,20.46233,4,HUMAN_OBSERVATION,iNaturalist,50c9509d-22c7-4a22-a47d-8c48425ef4a7,MX,Quintana Roo,2026,2026-05-05T00:13:06,"cdc,cdround"
6500069360,Incilius valliceps,"Incilius valliceps (Wiegmann, 1833)",-89.235728,20.612458,61,HUMAN_OBSERVATION,iNaturalist,50c9509d-22c7-4a22-a47d-8c48425ef4a7,MX,Yucatán,2026,2026-05-30T19:09,"cdc,cdround"
6519039751,Incilius valliceps,"Incilius valliceps (Wiegmann, 1833)",-89.530584,20.96108,191,HUMAN_OBSERVATION,iNaturalist,50c9509d-22c7-4a22-a47d-8c48425ef4a7,MX,Yucatán,2026,2026-05-22T07:00:56,"cdc,cdround"
6519224404,Incilius valliceps,"Incilius valliceps (Wiegmann, 1833)",-89.619268,20.869257,31,HUMAN_OBSERVATION,iNaturalist,50c9509d-22c7-4a22-a47d-8c48425ef4a7,MX,Yucatán,2026,2026-05-27T20:16,"cdc,cdround"
6519247260,Incilius valliceps,"Incilius valliceps (Wiegmann, 1833)",-89.625062,20.869404,15,HUMAN_OBSERVATION,iNaturalist,50c9509d-22c7-4a22-a47d-8c48425ef4a7,MX,Yucatán,2026,2026-05-27T20:21,"cdc,cdround"
6550905127,Incilius valliceps,"Incilius valliceps (Wiegmann, 1833)",-93.206686,18.280138,NA,HUMAN_OBSERVATION,iNaturalist,50c9509d-22c7-4a22-a47d-8c48425ef4a7,MX,Tabasco,2026,2026-05-06T16:01:21,"cdc,cdround"
6551348018,Incilius valliceps,"Incilius valliceps (Wiegmann, 1833)",-87.392703,20.455931,200,HUMAN_OBSERVATION,iNaturalist,50c9509d-22c7-4a22-a47d-8c48425ef4a7,MX,Quintana Roo,2026,2026-05-20T03:00,"cdc,cdround"
6551357354,Incilius valliceps,"Incilius valliceps (Wiegmann, 1833)",-89.120852,17.090264,NA,HUMAN_OBSERVATION,iNaturalist,50c9509d-22c7-4a22-a47d-8c48425ef4a7,BZ,Cayo,2026,2026-05-28T21:06,"cdc,cdround"
6552265400,Incilius valliceps,"Incilius valliceps (Wiegmann, 1833)",-90.502183,19.77173,14,HUMAN_OBSERVATION,iNaturalist,50c9509d-22c7-4a22-a47d-8c48425ef4a7,MX,Campeche,2026,2026-05-29T06:39:24,"cdc,cdround"
6398668250,Incilius valliceps,"Incilius valliceps (Wiegmann, 1833)",-88.044117,20.76385,NA,HUMAN_OBSERVATION,iNaturalist,50c9509d-22c7-4a22-a47d-8c48425ef4a7,MX,Yucatán,2026,2026-06-04T09:32:54,"cdc,cdround"
6398846859,Incilius valliceps,"Incilius valliceps (Wiegmann, 1833)",-88.572574,19.334196,1650,HUMAN_OBSERVATION,iNaturalist,50c9509d-22c7-4a22-a47d-8c48425ef4a7,MX,Quintana Roo,2026,2026-06-01T15:14:19,"cdc,cdround"
6399098377,Incilius valliceps,"Incilius valliceps (Wiegmann, 1833)",-87.803026,15.389492,167,HUMAN_OBSERVATION,iNaturalist,50c9509d-22c7-4a22-a47d-8c48425ef4a7,HN,Yoro,2026,2026-06-13,"cdc,cdround"
6399185443,Incilius valliceps,"Incilius valliceps (Wiegmann, 1833)",-90.677574,19.355613,93,HUMAN_OBSERVATION,iNaturalist,50c9509d-22c7-4a22-a47d-8c48425ef4a7,MX,Campeche,2026,2026-06-01T22:41:50,"cdc,cdround"
6399329305,Incilius valliceps,"Incilius valliceps (Wiegmann, 1833)",-96.944924,19.491624,31,HUMAN_OBSERVATION,iNaturalist,50c9509d-22c7-4a22-a47d-8c48425ef4a7,MX,Veracruz,2026,2026-06-05T11:18,"cdc,cdround"
6399656368,Incilius valliceps,"Incilius valliceps (Wiegmann, 1833)",-97.198947,18.793588,79,HUMAN_OBSERVATION,iNaturalist,50c9509d-22c7-4a22-a47d-8c48425ef4a7,MX,Veracruz,2026,2026-06-14T08:13:17,"cdc,cdround"
6399663497,Incilius valliceps,"Incilius valliceps (Wiegmann, 1833)",-87.392655,20.462478,3,HUMAN_OBSERVATION,iNaturalist,50c9509d-22c7-4a22-a47d-8c48425ef4a7,MX,Quintana Roo,2026,2026-06-11T00:02:49,"cdc,cdround"
6399710216,Incilius valliceps,"Incilius valliceps (Wiegmann, 1833)",-88.153747,15.409122,11,HUMAN_OBSERVATION,iNaturalist,50c9509d-22c7-4a22-a47d-8c48425ef4a7,HN,Cortés,2026,2026-06-13T21:59:54,"cdc,cdround"
6399831781,Incilius valliceps,"Incilius valliceps (Wiegmann, 1833)",-93.09278,16.722008,4,HUMAN_OBSERVATION,iNaturalist,50c9509d-22c7-4a22-a47d-8c48425ef4a7,MX,Chiapas,2026,2026-06-14T19:02:17,"cdc,cdround"
6399909935,Incilius valliceps,"Incilius valliceps (Wiegmann, 1833)",-90.231942,17.186164,7266,HUMAN_OBSERVATION,iNaturalist,50c9509d-22c7-4a22-a47d-8c48425ef4a7,GT,Petén,2026,2026-06-06T08:52:29,"cdc,cdround"
6399926562,Incilius valliceps,"Incilius valliceps (Wiegmann, 1833)",-86.852808,21.085968,4,HUMAN_OBSERVATION,iNaturalist,50c9509d-22c7-4a22-a47d-8c48425ef4a7,MX,Quintana Roo,2026,2026-06-04T18:57:56,"cdc,cdround"
6400434389,Incilius valliceps,"Incilius valliceps (Wiegmann, 1833)",-88.313795,18.5192,9,HUMAN_OBSERVATION,iNaturalist,50c9509d-22c7-4a22-a47d-8c48425ef4a7,MX,Quintana Roo,2026,2026-06-04T20:08:39,"cdc,cdround"
6400472302,Incilius valliceps,"Incilius valliceps (Wiegmann, 1833)",-89.747595,18.183999,6,HUMAN_OBSERVATION,iNaturalist,50c9509d-22c7-4a22-a47d-8c48425ef4a7,MX,Campeche,2026,2026-06-10T22:22:06,"cdc,cdround"
6400611130,Incilius valliceps,"Incilius valliceps (Wiegmann, 1833)",-85.911362,12.916209,NA,HUMAN_OBSERVATION,iNaturalist,50c9509d-22c7-4a22-a47d-8c48425ef4a7,NI,Matagalpa,2026,2026-06-13T20:47:59,"cdc,cdround"
6400661000,Incilius valliceps,"Incilius valliceps (Wiegmann, 1833)",-88.635456,14.564642,73,HUMAN_OBSERVATION,iNaturalist,50c9509d-22c7-4a22-a47d-8c48425ef4a7,HN,Lempira,2026,2026-06-14T09:45:53,"cdc,cdround"
6400680930,Incilius valliceps,"Incilius valliceps (Wiegmann, 1833)",-89.68036,20.969727,5,HUMAN_OBSERVATION,iNaturalist,50c9509d-22c7-4a22-a47d-8c48425ef4a7,MX,Yucatán,2026,2026-06-01T19:44:54,"cdc,cdround"
6400692654,Incilius valliceps,"Incilius valliceps (Wiegmann, 1833)",-97.218765,18.765591,NA,HUMAN_OBSERVATION,iNaturalist,50c9509d-22c7-4a22-a47d-8c48425ef4a7,MX,Veracruz,2026,2026-06-08T12:15:57,"cdc,cdround"
6400954630,Incilius valliceps,"Incilius valliceps (Wiegmann, 1833)",-87.456872,15.767456,4,HUMAN_OBSERVATION,iNaturalist,50c9509d-22c7-4a22-a47d-8c48425ef4a7,HN,Atlántida,2026,2026-06-13T07:57,"cdc,cdround"
6412969174,Incilius valliceps,"Incilius valliceps (Wiegmann, 1833)",-87.997123,15.371167,6,HUMAN_OBSERVATION,iNaturalist,50c9509d-22c7-4a22-a47d-8c48425ef4a7,HN,Cortés,2026,2026-06-13,"cdc,cdround"
6413012809,Incilius valliceps,"Incilius valliceps (Wiegmann, 1833)",-87.738429,20.491185,584,HUMAN_OBSERVATION,iNaturalist,50c9509d-22c7-4a22-a47d-8c48425ef4a7,MX,Quintana Roo,2026,2026-06-11T06:58,"cdc,cdround"
6413056992,Incilius valliceps,"Incilius valliceps (Wiegmann, 1833)",-88.266792,16.835789,NA,HUMAN_OBSERVATION,iNaturalist,50c9509d-22c7-4a22-a47d-8c48425ef4a7,BZ,Stann Creek,2026,2026-06-17T16:14:46,"cdc,cdround"
6413078118,Incilius valliceps,"Incilius valliceps (Wiegmann, 1833)",-86.901763,15.690087,4,HUMAN_OBSERVATION,iNaturalist,50c9509d-22c7-4a22-a47d-8c48425ef4a7,HN,Atlántida,2026,2026-06-02T08:08:06,"cdc,cdround"
6413154511,Incilius valliceps,"Incilius valliceps (Wiegmann, 1833)",-88.153283,20.598405,331,HUMAN_OBSERVATION,iNaturalist,50c9509d-22c7-4a22-a47d-8c48425ef4a7,MX,Yucatán,2026,2026-06-10T19:35,"cdc,cdround"
6413191123,Incilius valliceps,"Incilius valliceps (Wiegmann, 1833)",-89.669474,20.975769,4,HUMAN_OBSERVATION,iNaturalist,50c9509d-22c7-4a22-a47d-8c48425ef4a7,MX,Yucatán,2026,2026-06-04T04:27,"cdc,cdround"
6413279738,Incilius valliceps,"Incilius valliceps (Wiegmann, 1833)",-86.899972,15.682503,4,HUMAN_OBSERVATION,iNaturalist,50c9509d-22c7-4a22-a47d-8c48425ef4a7,HN,Atlántida,2026,2026-06-11T13:06:11,"cdc,cdround"
6413486789,Incilius valliceps,"Incilius valliceps (Wiegmann, 1833)",-88.153283,20.598405,331,HUMAN_OBSERVATION,iNaturalist,50c9509d-22c7-4a22-a47d-8c48425ef4a7,MX,Yucatán,2026,2026-06-10T19:35,"cdc,cdround"
6413655333,Incilius valliceps,"Incilius valliceps (Wiegmann, 1833)",-88.153283,20.598405,331,HUMAN_OBSERVATION,iNaturalist,50c9509d-22c7-4a22-a47d-8c48425ef4a7,MX,Yucatán,2026,2026-06-10T19:35,"cdc,cdround"
6413838528,Incilius valliceps,"Incilius valliceps (Wiegmann, 1833)",-88.410342,18.644677,5,HUMAN_OBSERVATION,iNaturalist,50c9509d-22c7-4a22-a47d-8c48425ef4a7,MX,Quintana Roo,2026,2026-06-15T17:30,"cdc,cdround"
6413863422,Incilius valliceps,"Incilius valliceps (Wiegmann, 1833)",-88.153283,20.598405,331,HUMAN_OBSERVATION,iNaturalist,50c9509d-22c7-4a22-a47d-8c48425ef4a7,MX,Yucatán,2026,2026-06-10T19:35,"cdc,cdround"
6413868027,Incilius valliceps,"Incilius valliceps (Wiegmann, 1833)",-87.392703,20.455931,201,HUMAN_OBSERVATION,iNaturalist,50c9509d-22c7-4a22-a47d-8c48425ef4a7,MX,Quintana Roo,2026,2026-06-13T18:55:49,"cdc,cdround"
6413942844,Incilius valliceps,"Incilius valliceps (Wiegmann, 1833)",-88.153283,20.598405,331,HUMAN_OBSERVATION,iNaturalist,50c9509d-22c7-4a22-a47d-8c48425ef4a7,MX,Yucatán,2026,2026-06-10T19:35,"cdc,cdround"
6413956726,Incilius valliceps,"Incilius valliceps (Wiegmann, 1833)",-87.392703,20.455931,201,HUMAN_OBSERVATION,iNaturalist,50c9509d-22c7-4a22-a47d-8c48425ef4a7,MX,Quintana Roo,2026,2026-06-13T19:19:11,"cdc,cdround"
6414015417,Incilius valliceps,"Incilius valliceps (Wiegmann, 1833)",-88.153283,20.598405,331,HUMAN_OBSERVATION,iNaturalist,50c9509d-22c7-4a22-a47d-8c48425ef4a7,MX,Yucatán,2026,2026-06-10T19:35,"cdc,cdround"
6422057612,Incilius valliceps,"Incilius valliceps (Wiegmann, 1833)",-88.448139,18.570352,88,HUMAN_OBSERVATION,iNaturalist,50c9509d-22c7-4a22-a47d-8c48425ef4a7,MX,Quintana Roo,2026,2026-06-25T19:50,"cdc,cdround"
6422089751,Incilius valliceps,"Incilius valliceps (Wiegmann, 1833)",-87.344505,20.405476,NA,HUMAN_OBSERVATION,iNaturalist,50c9509d-22c7-4a22-a47d-8c48425ef4a7,MX,Quintana Roo,2026,2026-06-26T21:33:22,"cdc,cdround"
6422232392,Incilius valliceps,"Incilius valliceps (Wiegmann, 1833)",-88.0953,15.704137,8,HUMAN_OBSERVATION,iNaturalist,50c9509d-22c7-4a22-a47d-8c48425ef4a7,HN,Cortés,2026,2026-06-07T07:48,"cdc,cdround"
6422560322,Incilius valliceps,"Incilius valliceps (Wiegmann, 1833)",-96.909226,19.480777,NA,HUMAN_OBSERVATION,iNaturalist,50c9509d-22c7-4a22-a47d-8c48425ef4a7,MX,Veracruz,2026,2026-06-28T07:27:23,"cdc,cdround"
6430782607,Incilius valliceps,"Incilius valliceps (Wiegmann, 1833)",-88.587598,20.693942,NA,HUMAN_OBSERVATION,iNaturalist,50c9509d-22c7-4a22-a47d-8c48425ef4a7,MX,Yucatán,2026,2026-06-19T20:20,"cdc,cdround"
6430859748,Incilius valliceps,"Incilius valliceps (Wiegmann, 1833)",-89.690327,20.98453,1,HUMAN_OBSERVATION,iNaturalist,50c9509d-22c7-4a22-a47d-8c48425ef4a7,MX,Yucatán,2026,2026-06-26T10:55,"cdc,cdround"
6430898003,Incilius valliceps,"Incilius valliceps (Wiegmann, 1833)",-88.589799,20.69432,237,HUMAN_OBSERVATION,iNaturalist,50c9509d-22c7-4a22-a47d-8c48425ef4a7,MX,Yucatán,2026,2026-06-01T22:25,"cdc,cdround"
6431154006,Incilius valliceps,"Incilius valliceps (Wiegmann, 1833)",-89.690361,20.984501,1,HUMAN_OBSERVATION,iNaturalist,50c9509d-22c7-4a22-a47d-8c48425ef4a7,MX,Yucatán,2026,2026-06-29T06:32,"cdc,cdround"
6431185693,Incilius valliceps,"Incilius valliceps (Wiegmann, 1833)",-89.667963,20.980798,242,HUMAN_OBSERVATION,iNaturalist,50c9509d-22c7-4a22-a47d-8c48425ef4a7,MX,Yucatán,2026,2026-06-13T19:43,"cdc,cdround"
6431487425,Incilius valliceps,"Incilius valliceps (Wiegmann, 1833)",-86.763603,15.28789,488,HUMAN_OBSERVATION,iNaturalist,50c9509d-22c7-4a22-a47d-8c48425ef4a7,HN,Yoro,2026,2026-06-17T08:55,"cdc,cdround"
6431551941,Incilius valliceps,"Incilius valliceps (Wiegmann, 1833)",-86.761918,15.332451,15,HUMAN_OBSERVATION,iNaturalist,50c9509d-22c7-4a22-a47d-8c48425ef4a7,HN,Yoro,2026,2026-06-18T07:56,"cdc,cdround"
6431568783,Incilius valliceps,"Incilius valliceps (Wiegmann, 1833)",-90.375278,19.941944,198,HUMAN_OBSERVATION,iNaturalist,50c9509d-22c7-4a22-a47d-8c48425ef4a7,MX,Campeche,2026,2026-06-03T15:20,"cdc,cdround"
6431952577,Incilius valliceps,"Incilius valliceps (Wiegmann, 1833)",-86.750849,15.367405,31,HUMAN_OBSERVATION,iNaturalist,50c9509d-22c7-4a22-a47d-8c48425ef4a7,HN,Yoro,2026,2026-06-16T07:46,"cdc,cdround"
6441123534,Incilius valliceps,"Incilius valliceps (Wiegmann, 1833)",-89.024664,17.054967,974,HUMAN_OBSERVATION,iNaturalist,50c9509d-22c7-4a22-a47d-8c48425ef4a7,BZ,Cayo,2026,2026-06-10T08:47,"cdc,cdround"
6441138831,Incilius valliceps,"Incilius valliceps (Wiegmann, 1833)",-89.059531,17.036238,32,HUMAN_OBSERVATION,iNaturalist,50c9509d-22c7-4a22-a47d-8c48425ef4a7,BZ,Cayo,2026,2026-06-11T10:28,"cdc,cdround"
6441202390,Incilius valliceps,"Incilius valliceps (Wiegmann, 1833)",-88.681625,17.16242,17,HUMAN_OBSERVATION,iNaturalist,50c9509d-22c7-4a22-a47d-8c48425ef4a7,BZ,Cayo,2026,2026-06-11T20:34:37,"cdc,cdround"
6441261601,Incilius valliceps,"Incilius valliceps (Wiegmann, 1833)",-88.555046,17.362967,3,HUMAN_OBSERVATION,iNaturalist,50c9509d-22c7-4a22-a47d-8c48425ef4a7,BZ,Belize,2026,2026-06-22T20:06:27,"cdc,cdround"
6441268503,Incilius valliceps,"Incilius valliceps (Wiegmann, 1833)",-89.168668,17.799537,30716,HUMAN_OBSERVATION,iNaturalist,50c9509d-22c7-4a22-a47d-8c48425ef4a7,BZ,Orange Walk,2026,2026-06-20T08:09:54,"cdc,cdround"
6441365948,Incilius valliceps,"Incilius valliceps (Wiegmann, 1833)",-88.53312,17.557826,131,HUMAN_OBSERVATION,iNaturalist,50c9509d-22c7-4a22-a47d-8c48425ef4a7,BZ,Belize,2026,2026-06-28T12:01:09,"cdc,cdround"
6441434985,Incilius valliceps,"Incilius valliceps (Wiegmann, 1833)",-88.68013,17.161633,4,HUMAN_OBSERVATION,iNaturalist,50c9509d-22c7-4a22-a47d-8c48425ef4a7,BZ,Cayo,2026,2026-06-11T20:43:50,"cdc,cdround"
6441442909,Incilius valliceps,"Incilius valliceps (Wiegmann, 1833)",-88.565358,17.05272,9,HUMAN_OBSERVATION,iNaturalist,50c9509d-22c7-4a22-a47d-8c48425ef4a7,BZ,Cayo,2026,2026-06-02T22:32:37,"cdc,cdround"
6441474608,Incilius valliceps,"Incilius valliceps (Wiegmann, 1833)",-88.534771,17.556049,172,HUMAN_OBSERVATION,iNaturalist,50c9509d-22c7-4a22-a47d-8c48425ef4a7,BZ,Belize,2026,2026-06-28T12:09,"cdc,cdround"
6441524553,Incilius valliceps,"Incilius valliceps (Wiegmann, 1833)",-89.060387,17.047216,211,HUMAN_OBSERVATION,iNaturalist,50c9509d-22c7-4a22-a47d-8c48425ef4a7,BZ,Cayo,2026,2026-06-20T21:13,"cdc,cdround"
6441547672,Incilius valliceps,"Incilius valliceps (Wiegmann, 1833)",-89.66976,20.982761,38,HUMAN_OBSERVATION,iNaturalist,50c9509d-22c7-4a22-a47d-8c48425ef4a7,MX,Yucatán,2026,2026-06-14T19:36,"cdc,cdround"
6441783012,Incilius valliceps,"Incilius valliceps (Wiegmann, 1833)",-88.933521,16.223388,5,HUMAN_OBSERVATION,iNaturalist,50c9509d-22c7-4a22-a47d-8c48425ef4a7,BZ,Toledo,2026,2026-06-03T15:36:56,"cdc,cdround"
6441807813,Incilius valliceps,"Incilius valliceps (Wiegmann, 1833)",-89.669559,20.982747,42,HUMAN_OBSERVATION,iNaturalist,50c9509d-22c7-4a22-a47d-8c48425ef4a7,MX,Yucatán,2026,2026-06-14T19:45,"cdc,cdround"
6441809660,Incilius valliceps,"Incilius valliceps (Wiegmann, 1833)",-87.965483,17.915772,NA,HUMAN_OBSERVATION,iNaturalist,50c9509d-22c7-4a22-a47d-8c48425ef4a7,BZ,Corozal,2026,2026-06-28T20:19:25,"cdc,cdround"
6441885038,Incilius valliceps,"Incilius valliceps (Wiegmann, 1833)",-88.508278,16.369775,4,HUMAN_OBSERVATION,iNaturalist,50c9509d-22c7-4a22-a47d-8c48425ef4a7,BZ,Toledo,2026,2026-06-23T13:17:58,"cdc,cdround"
6441897699,Incilius valliceps,"Incilius valliceps (Wiegmann, 1833)",-89.059114,17.125686,4,HUMAN_OBSERVATION,iNaturalist,50c9509d-22c7-4a22-a47d-8c48425ef4a7,BZ,Cayo,2026,2026-06-30T05:10:01,"cdc,cdround"
6441906782,Incilius valliceps,"Incilius valliceps (Wiegmann, 1833)",-88.533438,17.556575,7,HUMAN_OBSERVATION,iNaturalist,50c9509d-22c7-4a22-a47d-8c48425ef4a7,BZ,Belize,2026,2026-06-28T11:07:59,"cdc,cdround"
6441928377,Incilius valliceps,"Incilius valliceps (Wiegmann, 1833)",-88.555046,17.362453,4,HUMAN_OBSERVATION,iNaturalist,50c9509d-22c7-4a22-a47d-8c48425ef4a7,BZ,Belize,2026,2026-06-22T20:20:36,"cdc,cdround"
6441948840,Incilius valliceps,"Incilius valliceps (Wiegmann, 1833)",-88.575369,17.267919,30748,HUMAN_OBSERVATION,iNaturalist,50c9509d-22c7-4a22-a47d-8c48425ef4a7,BZ,Belize,2026,2026-06-16T19:37:20,"cdc,cdround"
6442081500,Incilius valliceps,"Incilius valliceps (Wiegmann, 1833)",-87.922203,17.984563,13,HUMAN_OBSERVATION,iNaturalist,50c9509d-22c7-4a22-a47d-8c48425ef4a7,BZ,Corozal,2026,2026-06-16T20:12:13,"cdc,cdround"
6452689502,Incilius valliceps,"Incilius valliceps (Wiegmann, 1833)",-88.395853,17.571561,82,HUMAN_OBSERVATION,iNaturalist,50c9509d-22c7-4a22-a47d-8c48425ef4a7,BZ,Belize,2026,2026-06-19T21:12,"cdc,cdround"
6498947647,Incilius valliceps,"Incilius valliceps (Wiegmann, 1833)",-89.618673,20.837197,6774,HUMAN_OBSERVATION,iNaturalist,50c9509d-22c7-4a22-a47d-8c48425ef4a7,MX,Yucatán,2026,2026-06-23T10:11,"cdc,cdround"
6499079612,Incilius valliceps,"Incilius valliceps (Wiegmann, 1833)",-89.618673,20.837197,6774,HUMAN_OBSERVATION,iNaturalist,50c9509d-22c7-4a22-a47d-8c48425ef4a7,MX,Yucatán,2026,2026-06-23T10:25,"cdc,cdround"
6520194844,Incilius valliceps,"Incilius valliceps (Wiegmann, 1833)",-95.89595,18.100229,230,HUMAN_OBSERVATION,iNaturalist,50c9509d-22c7-4a22-a47d-8c48425ef4a7,MX,Oaxaca,2026,2026-06-23T15:09:06,"cdc,cdround"
6567202997,Incilius valliceps,"Incilius valliceps (Wiegmann, 1833)",-88.3041,18.540388,7,HUMAN_OBSERVATION,iNaturalist,50c9509d-22c7-4a22-a47d-8c48425ef4a7,MX,Quintana Roo,2026,2026-06-06T20:01:44,"cdc,cdround"
6430771146,Incilius valliceps,"Incilius valliceps (Wiegmann, 1833)",-89.709647,20.939887,12,HUMAN_OBSERVATION,iNaturalist,50c9509d-22c7-4a22-a47d-8c48425ef4a7,MX,Yucatán,2026,2026-07-05T07:23:19,"cdc,cdround"
6430806455,Incilius valliceps,"Incilius valliceps (Wiegmann, 1833)",-86.960962,20.758761,11,HUMAN_OBSERVATION,iNaturalist,50c9509d-22c7-4a22-a47d-8c48425ef4a7,MX,Quintana Roo,2026,2026-07-04T18:49:02,"cdc,cdround"
6431065342,Incilius valliceps,"Incilius valliceps (Wiegmann, 1833)",-86.69978,14.132288,9,HUMAN_OBSERVATION,iNaturalist,50c9509d-22c7-4a22-a47d-8c48425ef4a7,HN,El Paraíso,2026,2026-07-05T08:44:56,"cdc,cdround"
6431558953,Incilius valliceps,"Incilius valliceps (Wiegmann, 1833)",-92.981445,17.919663,14,HUMAN_OBSERVATION,iNaturalist,50c9509d-22c7-4a22-a47d-8c48425ef4a7,MX,Tabasco,2026,2026-07-03T10:14:59,"cdc,cdround"
6440922175,Incilius valliceps,"Incilius valliceps (Wiegmann, 1833)",-89.059131,17.125403,NA,HUMAN_OBSERVATION,iNaturalist,50c9509d-22c7-4a22-a47d-8c48425ef4a7,BZ,Cayo,2026,2026-07-02T20:59:41,"cdc,cdround"
6440961919,Incilius valliceps,"Incilius valliceps (Wiegmann, 1833)",-89.058983,17.133656,14,HUMAN_OBSERVATION,iNaturalist,50c9509d-22c7-4a22-a47d-8c48425ef4a7,BZ,Cayo,2026,2026-07-10T18:55,"cdc,cdround"
6440970001,Incilius valliceps,"Incilius valliceps (Wiegmann, 1833)",-88.240967,15.622133,5,HUMAN_OBSERVATION,iNaturalist,50c9509d-22c7-4a22-a47d-8c48425ef4a7,HN,Cortés,2026,2026-07-12T20:07:09,"cdc,cdround"
6440998552,Incilius valliceps,"Incilius valliceps (Wiegmann, 1833)",-88.565963,17.051914,8,HUMAN_OBSERVATION,iNaturalist,50c9509d-22c7-4a22-a47d-8c48425ef4a7,BZ,Cayo,2026,2026-07-11T18:50:54,"cdc,cdround"
6441009982,Incilius valliceps,"Incilius valliceps (Wiegmann, 1833)",-88.566018,17.051953,80,HUMAN_OBSERVATION,iNaturalist,50c9509d-22c7-4a22-a47d-8c48425ef4a7,BZ,Cayo,2026,2026-07-11T22:21:35,"cdc,cdround"
6441023645,Incilius valliceps,"Incilius valliceps (Wiegmann, 1833)",-88.674247,16.432221,30810,HUMAN_OBSERVATION,iNaturalist,50c9509d-22c7-4a22-a47d-8c48425ef4a7,BZ,Toledo,2026,2026-07-03T19:53:50,"cdc,cdround"
6441047705,Incilius valliceps,"Incilius valliceps (Wiegmann, 1833)",-88.565983,17.051997,25,HUMAN_OBSERVATION,iNaturalist,50c9509d-22c7-4a22-a47d-8c48425ef4a7,BZ,Cayo,2026,2026-07-11T20:33:55,"cdc,cdround"
6441053473,Incilius valliceps,"Incilius valliceps (Wiegmann, 1833)",-89.059089,17.125531,12,HUMAN_OBSERVATION,iNaturalist,50c9509d-22c7-4a22-a47d-8c48425ef4a7,BZ,Cayo,2026,2026-07-02T21:07:54,"cdc,cdround"
6441107972,Incilius valliceps,"Incilius valliceps (Wiegmann, 1833)",-88.565978,17.052008,19,HUMAN_OBSERVATION,iNaturalist,50c9509d-22c7-4a22-a47d-8c48425ef4a7,BZ,Cayo,2026,2026-07-11T19:15:26,"cdc,cdround"
6441273413,Incilius valliceps,"Incilius valliceps (Wiegmann, 1833)",-87.974547,17.906481,NA,HUMAN_OBSERVATION,iNaturalist,50c9509d-22c7-4a22-a47d-8c48425ef4a7,BZ,Corozal,2026,2026-07-11T20:19:15,"cdc,cdround"
6441424120,Incilius valliceps,"Incilius valliceps (Wiegmann, 1833)",-86.700084,14.132317,32,HUMAN_OBSERVATION,iNaturalist,50c9509d-22c7-4a22-a47d-8c48425ef4a7,HN,El Paraíso,2026,2026-07-05T08:49,"cdc,cdround"
6441497433,Incilius valliceps,"Incilius valliceps (Wiegmann, 1833)",-88.241072,15.622155,113,HUMAN_OBSERVATION,iNaturalist,50c9509d-22c7-4a22-a47d-8c48425ef4a7,HN,Cortés,2026,2026-07-12T20:06:36,"cdc,cdround"
6441538006,Incilius valliceps,"Incilius valliceps (Wiegmann, 1833)",-88.565983,17.051996,25,HUMAN_OBSERVATION,iNaturalist,50c9509d-22c7-4a22-a47d-8c48425ef4a7,BZ,Cayo,2026,2026-07-11T20:14:10,"cdc,cdround"
6441544924,Incilius valliceps,"Incilius valliceps (Wiegmann, 1833)",-96.904881,18.907436,33,HUMAN_OBSERVATION,iNaturalist,50c9509d-22c7-4a22-a47d-8c48425ef4a7,MX,Veracruz,2026,2026-07-10T13:30,"cdc,cdround"
6441717949,Incilius valliceps,"Incilius valliceps (Wiegmann, 1833)",-85.836476,14.824952,63,HUMAN_OBSERVATION,iNaturalist,50c9509d-22c7-4a22-a47d-8c48425ef4a7,HN,Olancho,2026,2026-07-03T18:35:23,"cdc,cdround"
6441782881,Incilius valliceps,"Incilius valliceps (Wiegmann, 1833)",-89.005792,16.978925,21,HUMAN_OBSERVATION,iNaturalist,50c9509d-22c7-4a22-a47d-8c48425ef4a7,BZ,Cayo,2026,2026-07-02T12:58:52,"cdc,cdround"
6441839467,Incilius valliceps,"Incilius valliceps (Wiegmann, 1833)",-87.990753,15.345488,4,HUMAN_OBSERVATION,iNaturalist,50c9509d-22c7-4a22-a47d-8c48425ef4a7,HN,Cortés,2026,2026-07-01T19:45:28,"cdc,cdround"
6441856940,Incilius valliceps,"Incilius valliceps (Wiegmann, 1833)",-87.974528,17.906436,NA,HUMAN_OBSERVATION,iNaturalist,50c9509d-22c7-4a22-a47d-8c48425ef4a7,BZ,Corozal,2026,2026-07-11T20:19:30,"cdc,cdround"
6441883811,Incilius valliceps,"Incilius valliceps (Wiegmann, 1833)",-89.059131,17.125403,NA,HUMAN_OBSERVATION,iNaturalist,50c9509d-22c7-4a22-a47d-8c48425ef4a7,BZ,Cayo,2026,2026-07-02T20:59:53,"cdc,cdround"
6441895045,Incilius valliceps,"Incilius valliceps (Wiegmann, 1833)",-88.542347,17.358772,276,HUMAN_OBSERVATION,iNaturalist,50c9509d-22c7-4a22-a47d-8c48425ef4a7,BZ,Belize,2026,2026-07-11T21:36,"cdc,cdround"
6441916670,Incilius valliceps,"Incilius valliceps (Wiegmann, 1833)",-90.027564,21.165667,10,HUMAN_OBSERVATION,iNaturalist,50c9509d-22c7-4a22-a47d-8c48425ef4a7,MX,Yucatán,2026,2026-07-10T20:19:53,"cdc,cdround"
6442031348,Incilius valliceps,"Incilius valliceps (Wiegmann, 1833)",-86.509522,15.03019,NA,HUMAN_OBSERVATION,iNaturalist,50c9509d-22c7-4a22-a47d-8c48425ef4a7,HN,Olancho,2026,2026-07-09T06:14:38,"cdc,cdround"
6451567531,Incilius valliceps,"Incilius valliceps (Wiegmann, 1833)",-88.566045,17.052022,25,HUMAN_OBSERVATION,iNaturalist,50c9509d-22c7-4a22-a47d-8c48425ef4a7,BZ,Cayo,2026,2026-07-16T20:55:38,"cdc,cdround"
6451888441,Incilius valliceps,"Incilius valliceps (Wiegmann, 1833)",-87.950356,19.625593,NA,HUMAN_OBSERVATION,iNaturalist,50c9509d-22c7-4a22-a47d-8c48425ef4a7,MX,Quintana Roo,2026,2026-07-18T21:18:12,"cdc,cdround"
6451892368,Incilius valliceps,"Incilius valliceps (Wiegmann, 1833)",-87.347168,20.409056,NA,HUMAN_OBSERVATION,iNaturalist,50c9509d-22c7-4a22-a47d-8c48425ef4a7,MX,Quintana Roo,2026,2026-07-19T21:25:09,"cdc,cdround"
6452277446,Incilius valliceps,"Incilius valliceps (Wiegmann, 1833)",-86.584883,15.48023,11,HUMAN_OBSERVATION,iNaturalist,50c9509d-22c7-4a22-a47d-8c48425ef4a7,HN,Yoro,2026,2026-07-14T17:13:19,"cdc,cdround"
6452458341,Incilius valliceps,"Incilius valliceps (Wiegmann, 1833)",-89.67651,21.036528,2180,HUMAN_OBSERVATION,iNaturalist,50c9509d-22c7-4a22-a47d-8c48425ef4a7,MX,Yucatán,2026,2026-07-17T11:45:38,"cdc,cdround"
6452565956,Incilius valliceps,"Incilius valliceps (Wiegmann, 1833)",-88.309124,18.529012,10,HUMAN_OBSERVATION,iNaturalist,50c9509d-22c7-4a22-a47d-8c48425ef4a7,MX,Quintana Roo,2026,2026-07-18T16:07:12,"cdc,cdround"
6469605434,Incilius valliceps,"Incilius valliceps (Wiegmann, 1833)",-89.009058,20.096174,NA,HUMAN_OBSERVATION,iNaturalist,50c9509d-22c7-4a22-a47d-8c48425ef4a7,MX,Yucatán,2026,2026-07-25T21:19:21,"cdc,cdround"
6469666165,Incilius valliceps,"Incilius valliceps (Wiegmann, 1833)",-87.977429,15.503159,67,HUMAN_OBSERVATION,iNaturalist,50c9509d-22c7-4a22-a47d-8c48425ef4a7,HN,Cortés,2026,2026-07-16T15:04:39,"cdc,cdround"
6469686877,Incilius valliceps,"Incilius valliceps (Wiegmann, 1833)",-89.009038,20.096105,NA,HUMAN_OBSERVATION,iNaturalist,50c9509d-22c7-4a22-a47d-8c48425ef4a7,MX,Yucatán,2026,2026-07-25T21:22:24,"cdc,cdround"
6469747965,Incilius valliceps,"Incilius valliceps (Wiegmann, 1833)",-94.575501,18.062021,NA,HUMAN_OBSERVATION,iNaturalist,50c9509d-22c7-4a22-a47d-8c48425ef4a7,MX,Veracruz,2026,2026-07-26T10:48:38,cdc
6469774940,Incilius valliceps,"Incilius valliceps (Wiegmann, 1833)",-89.008965,20.096071,NA,HUMAN_OBSERVATION,iNaturalist,50c9509d-22c7-4a22-a47d-8c48425ef4a7,MX,Yucatán,2026,2026-07-25T21:18:19,"cdc,cdround"
6469788486,Incilius valliceps,"Incilius valliceps (Wiegmann, 1833)",-91.578178,16.974676,NA,HUMAN_OBSERVATION,iNaturalist,50c9509d-22c7-4a22-a47d-8c48425ef4a7,MX,Chiapas,2026,2026-07-25T21:12:16,"cdc,cdround"
6469792485,Incilius valliceps,"Incilius valliceps (Wiegmann, 1833)",-87.328592,20.406755,5,HUMAN_OBSERVATION,iNaturalist,50c9509d-22c7-4a22-a47d-8c48425ef4a7,MX,Quintana Roo,2026,2026-07-20T19:52:10,"cdc,cdround"
6469804920,Incilius valliceps,"Incilius valliceps (Wiegmann, 1833)",-88.060014,15.505908,8,HUMAN_OBSERVATION,iNaturalist,50c9509d-22c7-4a22-a47d-8c48425ef4a7,HN,Cortés,2026,2026-07-22T18:43:07,"cdc,cdround"
6469892462,Incilius valliceps,"Incilius valliceps (Wiegmann, 1833)",-89.060387,17.047216,211,HUMAN_OBSERVATION,iNaturalist,50c9509d-22c7-4a22-a47d-8c48425ef4a7,BZ,Cayo,2026,2026-07-22T19:18:55,"cdc,cdround"
6470137553,Incilius valliceps,"Incilius valliceps (Wiegmann, 1833)",-88.045836,14.948122,4,HUMAN_OBSERVATION,iNaturalist,50c9509d-22c7-4a22-a47d-8c48425ef4a7,HN,Cortés,2026,2026-07-24T20:18:06,"cdc,cdround"
6470223573,Incilius valliceps,"Incilius valliceps (Wiegmann, 1833)",-88.047439,14.946725,4,HUMAN_OBSERVATION,iNaturalist,50c9509d-22c7-4a22-a47d-8c48425ef4a7,HN,Santa Bárbara,2026,2026-07-24T19:11:08,"cdc,cdround"
6470260356,Incilius valliceps,"Incilius valliceps (Wiegmann, 1833)",-89.008993,20.09617,NA,HUMAN_OBSERVATION,iNaturalist,50c9509d-22c7-4a22-a47d-8c48425ef4a7,MX,Yucatán,2026,2026-07-25T21:22:48,"cdc,cdround"
6470306107,Incilius valliceps,"Incilius valliceps (Wiegmann, 1833)",-87.904933,14.871989,122,HUMAN_OBSERVATION,iNaturalist,50c9509d-22c7-4a22-a47d-8c48425ef4a7,HN,Cortés,2026,2026-07-18T18:22,"cdc,cdround"
6470314964,Incilius valliceps,"Incilius valliceps (Wiegmann, 1833)",-88.148396,14.896302,30927,HUMAN_OBSERVATION,iNaturalist,50c9509d-22c7-4a22-a47d-8c48425ef4a7,HN,Santa Bárbara,2026,2026-07-20T17:39:34,"cdc,cdround"
6470421571,Incilius valliceps,"Incilius valliceps (Wiegmann, 1833)",-89.611299,20.912799,NA,HUMAN_OBSERVATION,iNaturalist,50c9509d-22c7-4a22-a47d-8c48425ef4a7,MX,Yucatán,2026,2026-07-26T19:14:11,"cdc,cdround"
6470493674,Incilius valliceps,"Incilius valliceps (Wiegmann, 1833)",-89.009017,20.096161,4,HUMAN_OBSERVATION,iNaturalist,50c9509d-22c7-4a22-a47d-8c48425ef4a7,MX,Yucatán,2026,2026-07-26T06:25:13,"cdc,cdround"
6470498345,Incilius valliceps,"Incilius valliceps (Wiegmann, 1833)",-89.008908,20.096319,NA,HUMAN_OBSERVATION,iNaturalist,50c9509d-22c7-4a22-a47d-8c48425ef4a7,MX,Yucatán,2026,2026-07-25T21:14:39,"cdc,cdround"
6470507309,Incilius valliceps,"Incilius valliceps (Wiegmann, 1833)",-88.04695,14.948463,14,HUMAN_OBSERVATION,iNaturalist,50c9509d-22c7-4a22-a47d-8c48425ef4a7,HN,Santa Bárbara,2026,2026-07-22T20:16:53,"cdc,cdround"
6470545027,Incilius valliceps,"Incilius valliceps (Wiegmann, 1833)",-88.044063,14.950653,NA,HUMAN_OBSERVATION,iNaturalist,50c9509d-22c7-4a22-a47d-8c48425ef4a7,HN,Cortés,2026,2026-07-23T17:00:43,"cdc,cdround"
6470580497,Incilius valliceps,"Incilius valliceps (Wiegmann, 1833)",-89.016656,16.799425,187,HUMAN_OBSERVATION,iNaturalist,50c9509d-22c7-4a22-a47d-8c48425ef4a7,BZ,Cayo,2026,2026-07-24T09:37:19,"cdc,cdround"
6470636052,Incilius valliceps,"Incilius valliceps (Wiegmann, 1833)",-88.045273,14.947732,214,HUMAN_OBSERVATION,iNaturalist,50c9509d-22c7-4a22-a47d-8c48425ef4a7,HN,Cortés,2026,2026-07-22T12:40:48,"cdc,cdround"
6479148521,Incilius valliceps,"Incilius valliceps (Wiegmann, 1833)",-92.913174,18.00203,4,HUMAN_OBSERVATION,iNaturalist,50c9509d-22c7-4a22-a47d-8c48425ef4a7,MX,Tabasco,2026,2026-07-18T20:11,"cdc,cdround"
6479207048,Incilius valliceps,"Incilius valliceps (Wiegmann, 1833)",-96.987687,18.868175,11,HUMAN_OBSERVATION,iNaturalist,50c9509d-22c7-4a22-a47d-8c48425ef4a7,MX,Veracruz,2026,2026-07-30T19:18:23,"cdc,cdround"
6479241653,Incilius valliceps,"Incilius valliceps (Wiegmann, 1833)",-87.187967,14.055233,79,HUMAN_OBSERVATION,iNaturalist,50c9509d-22c7-4a22-a47d-8c48425ef4a7,HN,Francisco Morazán,2026,2026-07-14T18:19:59,"cdc,cdround"
6479271621,Incilius valliceps,"Incilius valliceps (Wiegmann, 1833)",-94.647367,18.007827,80,HUMAN_OBSERVATION,iNaturalist,50c9509d-22c7-4a22-a47d-8c48425ef4a7,MX,Veracruz,2026,2026-07-11T22:38:34,"cdc,cdround"
6479287611,Incilius valliceps,"Incilius valliceps (Wiegmann, 1833)",-87.170692,20.845175,4,HUMAN_OBSERVATION,iNaturalist,50c9509d-22c7-4a22-a47d-8c48425ef4a7,MX,Quintana Roo,2026,2026-07-28T21:25:21,"cdc,cdround"
6479777558,Incilius valliceps,"Incilius valliceps (Wiegmann, 1833)",-88.045273,14.947732,214,HUMAN_OBSERVATION,iNaturalist,50c9509d-22c7-4a22-a47d-8c48425ef4a7,HN,Cortés,2026,2026-07-26T13:02:49,"cdc,cdround"
6479810061,Incilius valliceps,"Incilius valliceps (Wiegmann, 1833)",-89.008351,20.096502,66,HUMAN_OBSERVATION,iNaturalist,50c9509d-22c7-4a22-a47d-8c48425ef4a7,MX,Yucatán,2026,2026-07-25T21:15:10,"cdc,cdround"
6479916913,Incilius valliceps,"Incilius valliceps (Wiegmann, 1833)",-88.04483,14.947845,634,HUMAN_OBSERVATION,iNaturalist,50c9509d-22c7-4a22-a47d-8c48425ef4a7,HN,Cortés,2026,2026-07-26T20:40:04,"cdc,cdround"
6479944707,Incilius valliceps,"Incilius valliceps (Wiegmann, 1833)",-88.263447,18.54394,10,HUMAN_OBSERVATION,iNaturalist,50c9509d-22c7-4a22-a47d-8c48425ef4a7,MX,Quintana Roo,2026,2026-07-29T10:38:17,"cdc,cdround"
6480018793,Incilius valliceps,"Incilius valliceps (Wiegmann, 1833)",-89.587681,20.865113,229,HUMAN_OBSERVATION,iNaturalist,50c9509d-22c7-4a22-a47d-8c48425ef4a7,MX,Yucatán,2026,2026-07-31T20:00:14,"cdc,cdround"
6480162550,Incilius valliceps,"Incilius valliceps (Wiegmann, 1833)",-89.008916,20.096202,5,HUMAN_OBSERVATION,iNaturalist,50c9509d-22c7-4a22-a47d-8c48425ef4a7,MX,Yucatán,2026,2026-07-25T21:28:09,"cdc,cdround"
6480282725,Incilius valliceps,"Incilius valliceps (Wiegmann, 1833)",-89.705848,20.985502,173,HUMAN_OBSERVATION,iNaturalist,50c9509d-22c7-4a22-a47d-8c48425ef4a7,MX,Yucatán,2026,2026-07-15,"cdc,cdround"
6480313567,Incilius valliceps,"Incilius valliceps (Wiegmann, 1833)",-88.045972,14.948091,31,HUMAN_OBSERVATION,iNaturalist,50c9509d-22c7-4a22-a47d-8c48425ef4a7,HN,Cortés,2026,2026-07-22T18:37:24,"cdc,cdround"
6480569827,Incilius valliceps,"Incilius valliceps (Wiegmann, 1833)",-88.50245,21.40601,NA,HUMAN_OBSERVATION,iNaturalist,50c9509d-22c7-4a22-a47d-8c48425ef4a7,MX,Yucatán,2026,2026-07-22T23:19:38,"cdc,cdround"
6480817255,Incilius valliceps,"Incilius valliceps (Wiegmann, 1833)",-90.966865,16.898715,1194,HUMAN_OBSERVATION,iNaturalist,50c9509d-22c7-4a22-a47d-8c48425ef4a7,MX,Chiapas,2026,2026-07-27T10:28:34,"cdc,cdround"
6481311742,Incilius valliceps,"Incilius valliceps (Wiegmann, 1833)",-89.316132,21.138493,46,HUMAN_OBSERVATION,iNaturalist,50c9509d-22c7-4a22-a47d-8c48425ef4a7,MX,Yucatán,2026,2026-07-27T19:13,"cdc,cdround"
6498128775,Incilius valliceps,"Incilius valliceps (Wiegmann, 1833)",-87.385987,21.51757,13,HUMAN_OBSERVATION,iNaturalist,50c9509d-22c7-4a22-a47d-8c48425ef4a7,MX,Quintana Roo,2026,2026-07-31T12:27:55,"cdc,cdround"
6498412592,Incilius valliceps,"Incilius valliceps (Wiegmann, 1833)",-89.618673,20.837197,6774,HUMAN_OBSERVATION,iNaturalist,50c9509d-22c7-4a22-a47d-8c48425ef4a7,MX,Yucatán,2026,2026-07-02T12:10,"cdc,cdround"
6498872656,Incilius valliceps,"Incilius valliceps (Wiegmann, 1833)",-87.380832,21.522911,NA,HUMAN_OBSERVATION,iNaturalist,50c9509d-22c7-4a22-a47d-8c48425ef4a7,MX,Quintana Roo,2026,2026-07-13T23:43:57,"cdc,cdround"
6499222743,Incilius valliceps,"Incilius valliceps (Wiegmann, 1833)",-89.618673,20.837197,6774,HUMAN_OBSERVATION,iNaturalist,50c9509d-22c7-4a22-a47d-8c48425ef4a7,MX,Yucatán,2026,2026-07-02T12:27,"cdc,cdround"
6499563261,Incilius valliceps,"Incilius valliceps (Wiegmann, 1833)",-89.618673,20.837197,6774,HUMAN_OBSERVATION,iNaturalist,50c9509d-22c7-4a22-a47d-8c48425ef4a7,MX,Yucatán,2026,2026-07-02T12:45,"cdc,cdround"
6499700084,Incilius valliceps,"Incilius valliceps (Wiegmann, 1833)",-89.618673,20.837197,6774,HUMAN_OBSERVATION,iNaturalist,50c9509d-22c7-4a22-a47d-8c48425ef4a7,MX,Yucatán,2026,2026-07-02T12:40,"cdc,cdround"
6499722253,Incilius valliceps,"Incilius valliceps (Wiegmann, 1833)",-89.618673,20.837197,6774,HUMAN_OBSERVATION,iNaturalist,50c9509d-22c7-4a22-a47d-8c48425ef4a7,MX,Yucatán,2026,2026-07-02T12:45,"cdc,cdround"
6499799639,Incilius valliceps,"Incilius valliceps (Wiegmann, 1833)",-89.618673,20.837197,6774,HUMAN_OBSERVATION,iNaturalist,50c9509d-22c7-4a22-a47d-8c48425ef4a7,MX,Yucatán,2026,2026-07-02T13:03,"cdc,cdround"
6499981461,Incilius valliceps,"Incilius valliceps (Wiegmann, 1833)",-88.535975,17.791376,2,HUMAN_OBSERVATION,iNaturalist,50c9509d-22c7-4a22-a47d-8c48425ef4a7,BZ,Belize,2026,2026-07-07T09:15,"cdc,cdround"
6500246719,Incilius valliceps,"Incilius valliceps (Wiegmann, 1833)",-89.618673,20.837197,6774,HUMAN_OBSERVATION,iNaturalist,50c9509d-22c7-4a22-a47d-8c48425ef4a7,MX,Yucatán,2026,2026-07-02T12:04,"cdc,cdround"
6518481211,Incilius valliceps,"Incilius valliceps (Wiegmann, 1833)",-89.717041,21.012357,NA,HUMAN_OBSERVATION,iNaturalist,50c9509d-22c7-4a22-a47d-8c48425ef4a7,MX,Yucatán,2026,2026-07-14T19:39:43,"cdc,cdround"
6519429726,Incilius valliceps,"Incilius valliceps (Wiegmann, 1833)",-89.622948,20.863718,31,HUMAN_OBSERVATION,iNaturalist,50c9509d-22c7-4a22-a47d-8c48425ef4a7,MX,Yucatán,2026,2026-07-03,"cdc,cdround"
6520680313,Incilius valliceps,"Incilius valliceps (Wiegmann, 1833)",-93.201099,18.290847,573,HUMAN_OBSERVATION,iNaturalist,50c9509d-22c7-4a22-a47d-8c48425ef4a7,MX,Tabasco,2026,2026-07-15T17:23,"cdc,cdround"
6552808200,Incilius valliceps,"Incilius valliceps (Wiegmann, 1833)",-96.917059,18.862778,20,HUMAN_OBSERVATION,iNaturalist,50c9509d-22c7-4a22-a47d-8c48425ef4a7,MX,Veracruz,2026,2026-07-31T09:12,"cdc,cdround"
6566405367,Incilius valliceps,"Incilius valliceps (Wiegmann, 1833)",-93.199683,18.290295,628,HUMAN_OBSERVATION,iNaturalist,50c9509d-22c7-4a22-a47d-8c48425ef4a7,MX,Tabasco,2026,2026-07-19T13:09,"cdc,cdround"
6480917967,Incilius valliceps,"Incilius valliceps (Wiegmann, 1833)",-89.649435,21.030732,2283,HUMAN_OBSERVATION,iNaturalist,50c9509d-22c7-4a22-a47d-8c48425ef4a7,MX,Yucatán,2026,2026-08-01T09:10,"cdc,cdround"
6481182890,Incilius valliceps,"Incilius valliceps (Wiegmann, 1833)",-89.974915,21.18919,NA,HUMAN_OBSERVATION,iNaturalist,50c9509d-22c7-4a22-a47d-8c48425ef4a7,MX,Yucatán,2026,2026-08-02T20:14:13,"cdc,cdround"
6498216864,Incilius valliceps,"Incilius valliceps (Wiegmann, 1833)",-96.962122,19.174004,28,HUMAN_OBSERVATION,iNaturalist,50c9509d-22c7-4a22-a47d-8c48425ef4a7,MX,Veracruz,2026,2026-08-12T13:47:21,"cdc,cdround"
6498560788,Incilius valliceps,"Incilius valliceps (Wiegmann, 1833)",-90.370583,20.94404,NA,HUMAN_OBSERVATION,iNaturalist,50c9509d-22c7-4a22-a47d-8c48425ef4a7,MX,Yucatán,2026,2026-08-19T19:03:18,"cdc,cdround"
6498742085,Incilius valliceps,"Incilius valliceps (Wiegmann, 1833)",-92.883271,18.064071,24,HUMAN_OBSERVATION,iNaturalist,50c9509d-22c7-4a22-a47d-8c48425ef4a7,MX,Tabasco,2026,2026-08-14T10:11:13,"cdc,cdround"
6498782832,Incilius valliceps,"Incilius valliceps (Wiegmann, 1833)",-91.038875,18.588569,NA,HUMAN_OBSERVATION,iNaturalist,50c9509d-22c7-4a22-a47d-8c48425ef4a7,MX,Campeche,2026,2026-08-12T19:05:37,"cdc,cdround"
6499132028,Incilius valliceps,"Incilius valliceps (Wiegmann, 1833)",-96.945125,19.491464,31,HUMAN_OBSERVATION,iNaturalist,50c9509d-22c7-4a22-a47d-8c48425ef4a7,MX,Veracruz,2026,2026-08-12T12:07,"cdc,cdround"
6499156411,Incilius valliceps,"Incilius valliceps (Wiegmann, 1833)",-88.668093,18.686167,5,HUMAN_OBSERVATION,iNaturalist,50c9509d-22c7-4a22-a47d-8c48425ef4a7,MX,Quintana Roo,2026,2026-08-12T09:36:54,"cdc,cdround"
6499180601,Incilius valliceps,"Incilius valliceps (Wiegmann, 1833)",-96.902608,18.860614,NA,HUMAN_OBSERVATION,iNaturalist,50c9509d-22c7-4a22-a47d-8c48425ef4a7,MX,Veracruz,2026,2026-08-20T10:45:24,"cdc,cdround"
6499233607,Incilius valliceps,"Incilius valliceps (Wiegmann, 1833)",-89.605558,20.540386,17,HUMAN_OBSERVATION,iNaturalist,50c9509d-22c7-4a22-a47d-8c48425ef4a7,MX,Yucatán,2026,2026-08-22T22:28:15,"cdc,cdround"
6499304283,Incilius valliceps,"Incilius valliceps (Wiegmann, 1833)",-85.848428,14.82638,16,HUMAN_OBSERVATION,iNaturalist,50c9509d-22c7-4a22-a47d-8c48425ef4a7,HN,Olancho,2026,2026-08-04T15:29:08,"cdc,cdround"
6499316725,Incilius valliceps,"Incilius valliceps (Wiegmann, 1833)",-96.903526,18.862774,NA,HUMAN_OBSERVATION,iNaturalist,50c9509d-22c7-4a22-a47d-8c48425ef4a7,MX,Veracruz,2026,2026-08-20T14:34:50,"cdc,cdround"
6499514071,Incilius valliceps,"Incilius valliceps (Wiegmann, 1833)",-87.964766,15.044428,408,HUMAN_OBSERVATION,iNaturalist,50c9509d-22c7-4a22-a47d-8c48425ef4a7,HN,Cortés,2026,2026-08-11T20:47,"cdc,cdround"
6499585607,Incilius valliceps,"Incilius valliceps (Wiegmann, 1833)",-89.623908,20.867919,128,HUMAN_OBSERVATION,iNaturalist,50c9509d-22c7-4a22-a47d-8c48425ef4a7,MX,Yucatán,2026,2026-08-13T14:10:33,"cdc,cdround"
6499633507,Incilius valliceps,"Incilius valliceps (Wiegmann, 1833)",-88.028127,14.935008,1220,HUMAN_OBSERVATION,iNaturalist,50c9509d-22c7-4a22-a47d-8c48425ef4a7,HN,Cortés,2026,2026-08-15T07:51,"cdc,cdround"
6499670346,Incilius valliceps,"Incilius valliceps (Wiegmann, 1833)",-96.952566,19.464296,55,HUMAN_OBSERVATION,iNaturalist,50c9509d-22c7-4a22-a47d-8c48425ef4a7,MX,Veracruz,2026,2026-08-09T19:22:39,"cdc,cdround"
6499848846,Incilius valliceps,"Incilius valliceps (Wiegmann, 1833)",-86.887122,20.879975,7,HUMAN_OBSERVATION,iNaturalist,50c9509d-22c7-4a22-a47d-8c48425ef4a7,MX,Quintana Roo,2026,2026-08-08T22:14:25,"cdc,cdround"
6500085372,Incilius valliceps,"Incilius valliceps (Wiegmann, 1833)",-89.198222,20.827769,NA,HUMAN_OBSERVATION,iNaturalist,50c9509d-22c7-4a22-a47d-8c48425ef4a7,MX,Yucatán,2026,2026-08-09T20:47:04,"cdc,cdround"
6500179663,Incilius valliceps,"Incilius valliceps (Wiegmann, 1833)",-96.903932,18.862848,NA,HUMAN_OBSERVATION,iNaturalist,50c9509d-22c7-4a22-a47d-8c48425ef4a7,MX,Veracruz,2026,2026-08-20T14:51:26,"cdc,cdround"
6500236414,Incilius valliceps,"Incilius valliceps (Wiegmann, 1833)",-89.469415,20.822397,6,HUMAN_OBSERVATION,iNaturalist,50c9509d-22c7-4a22-a47d-8c48425ef4a7,MX,Yucatán,2026,2026-08-12T13:43:58,"cdc,cdround"
6500349374,Incilius valliceps,"Incilius valliceps (Wiegmann, 1833)",-96.903559,18.862746,NA,HUMAN_OBSERVATION,iNaturalist,50c9509d-22c7-4a22-a47d-8c48425ef4a7,MX,Veracruz,2026,2026-08-20T14:36:01,"cdc,cdround"
6500362368,Incilius valliceps,"Incilius valliceps (Wiegmann, 1833)",-89.312522,21.204642,8,HUMAN_OBSERVATION,iNaturalist,50c9509d-22c7-4a22-a47d-8c48425ef4a7,MX,Yucatán,2026,2026-08-23T13:02:05,"cdc,cdround"
6518416353,Incilius valliceps,"Incilius valliceps (Wiegmann, 1833)",-96.903981,18.862678,NA,HUMAN_OBSERVATION,iNaturalist,50c9509d-22c7-4a22-a47d-8c48425ef4a7,MX,Veracruz,2026,2026-08-20T14:48:39,"cdc,cdround"
6518550866,Incilius valliceps,"Incilius valliceps (Wiegmann, 1833)",-96.922872,18.925353,NA,HUMAN_OBSERVATION,iNaturalist,50c9509d-22c7-4a22-a47d-8c48425ef4a7,MX,Veracruz,2026,2026-08-30T16:56:46,"cdc,cdround"
6518797590,Incilius valliceps,"Incilius valliceps (Wiegmann, 1833)",-92.045441,17.486569,244,HUMAN_OBSERVATION,iNaturalist,50c9509d-22c7-4a22-a47d-8c48425ef4a7,MX,Chiapas,2026,2026-08-21T07:51,"cdc,cdround"
6518808850,Incilius valliceps,"Incilius valliceps (Wiegmann, 1833)",-90.023333,21.167111,NA,HUMAN_OBSERVATION,iNaturalist,50c9509d-22c7-4a22-a47d-8c48425ef4a7,MX,Yucatán,2026,2026-08-16T10:17:53,"cdc,cdround"
6519008661,Incilius valliceps,"Incilius valliceps (Wiegmann, 1833)",-96.892883,18.864641,1695,HUMAN_OBSERVATION,iNaturalist,50c9509d-22c7-4a22-a47d-8c48425ef4a7,MX,Veracruz,2026,2026-08-20T14:42:15,"cdc,cdround"
6519066565,Incilius valliceps,"Incilius valliceps (Wiegmann, 1833)",-96.88737,18.850386,NA,HUMAN_OBSERVATION,iNaturalist,50c9509d-22c7-4a22-a47d-8c48425ef4a7,MX,Veracruz,2026,2026-08-26T17:37,"cdc,cdround"
6519083797,Incilius valliceps,"Incilius valliceps (Wiegmann, 1833)",-89.498112,19.917806,359,HUMAN_OBSERVATION,iNaturalist,50c9509d-22c7-4a22-a47d-8c48425ef4a7,MX,Yucatán,2026,2026-08-20T19:00,"cdc,cdround"
6519193647,Incilius valliceps,"Incilius valliceps (Wiegmann, 1833)",-96.903305,18.860771,NA,HUMAN_OBSERVATION,iNaturalist,50c9509d-22c7-4a22-a47d-8c48425ef4a7,MX,Veracruz,2026,2026-08-20T14:45:24,"cdc,cdround"
6519382586,Incilius valliceps,"Incilius valliceps (Wiegmann, 1833)",-96.904114,18.863419,90,HUMAN_OBSERVATION,iNaturalist,50c9509d-22c7-4a22-a47d-8c48425ef4a7,MX,Veracruz,2026,2026-08-20T14:51:27,"cdc,cdround"
6519575569,Incilius valliceps,"Incilius valliceps (Wiegmann, 1833)",-96.903035,18.860877,196,HUMAN_OBSERVATION,iNaturalist,50c9509d-22c7-4a22-a47d-8c48425ef4a7,MX,Veracruz,2026,2026-08-20T14:36:05,"cdc,cdround"
6519670740,Incilius valliceps,"Incilius valliceps (Wiegmann, 1833)",-89.545805,21.048731,4,HUMAN_OBSERVATION,iNaturalist,50c9509d-22c7-4a22-a47d-8c48425ef4a7,MX,Yucatán,2026,2026-08-31T20:30,"cdc,cdround"
6519800804,Incilius valliceps,"Incilius valliceps (Wiegmann, 1833)",-85.761847,11.217597,3,HUMAN_OBSERVATION,iNaturalist,50c9509d-22c7-4a22-a47d-8c48425ef4a7,NI,Rivas,2026,2026-08-25T07:20:49,"cdc,cdround"
6519883418,Incilius valliceps,"Incilius valliceps (Wiegmann, 1833)",-96.892883,18.864641,1695,HUMAN_OBSERVATION,iNaturalist,50c9509d-22c7-4a22-a47d-8c48425ef4a7,MX,Veracruz,2026,2026-08-20T14:51:54,"cdc,cdround"
6519943587,Incilius valliceps,"Incilius valliceps (Wiegmann, 1833)",-96.903066,18.861022,15,HUMAN_OBSERVATION,iNaturalist,50c9509d-22c7-4a22-a47d-8c48425ef4a7,MX,Veracruz,2026,2026-08-19T13:46,"cdc,cdround"
6519952622,Incilius valliceps,"Incilius valliceps (Wiegmann, 1833)",-90.356308,20.960178,38,HUMAN_OBSERVATION,iNaturalist,50c9509d-22c7-4a22-a47d-8c48425ef4a7,MX,Yucatán,2026,2026-08-27T19:45:07,"cdc,cdround"
6520080604,Incilius valliceps,"Incilius valliceps (Wiegmann, 1833)",-96.902468,18.860407,5,HUMAN_OBSERVATION,iNaturalist,50c9509d-22c7-4a22-a47d-8c48425ef4a7,MX,Veracruz,2026,2026-08-28T06:59:06,"cdc,cdround"
6520134509,Incilius valliceps,"Incilius valliceps (Wiegmann, 1833)",-96.903855,18.863225,3,HUMAN_OBSERVATION,iNaturalist,50c9509d-22c7-4a22-a47d-8c48425ef4a7,MX,Veracruz,2026,2026-08-20T15:13:01,cdc
6520156376,Incilius valliceps,"Incilius valliceps (Wiegmann, 1833)",-89.657958,20.8977,11,HUMAN_OBSERVATION,iNaturalist,50c9509d-22c7-4a22-a47d-8c48425ef4a7,MX,Yucatán,2026,2026-08-29T09:49:25,"cdc,cdround"
6520281743,Incilius valliceps,"Incilius valliceps (Wiegmann, 1833)",-96.903305,18.860771,NA,HUMAN_OBSERVATION,iNaturalist,50c9509d-22c7-4a22-a47d-8c48425ef4a7,MX,Veracruz,2026,2026-08-20T14:48:52,"cdc,cdround"
6520441752,Incilius valliceps,"Incilius valliceps (Wiegmann, 1833)",-89.737849,20.988278,NA,HUMAN_OBSERVATION,iNaturalist,50c9509d-22c7-4a22-a47d-8c48425ef4a7,MX,Yucatán,2026,2026-08-31T19:38:52,"cdc,cdround"
6520586030,Incilius valliceps,"Incilius valliceps (Wiegmann, 1833)",-96.903572,18.862801,24,HUMAN_OBSERVATION,iNaturalist,50c9509d-22c7-4a22-a47d-8c48425ef4a7,MX,Veracruz,2026,2026-08-20T14:37:53,"cdc,cdround"
6520711513,Incilius valliceps,"Incilius valliceps (Wiegmann, 1833)",-87.507146,20.954324,NA,HUMAN_OBSERVATION,iNaturalist,50c9509d-22c7-4a22-a47d-8c48425ef4a7,MX,Quintana Roo,2026,2026-08-15T22:13:17,"cdc,cdround"
6550794008,Incilius valliceps,"Incilius valliceps (Wiegmann, 1833)",-86.334063,15.479805,15,HUMAN_OBSERVATION,iNaturalist,50c9509d-22c7-4a22-a47d-8c48425ef4a7,HN,Yoro,2026,2026-08-22T08:54,"cdc,cdround"
6550956333,Incilius valliceps,"Incilius valliceps (Wiegmann, 1833)",-88.049533,14.925233,558,HUMAN_OBSERVATION,iNaturalist,50c9509d-22c7-4a22-a47d-8c48425ef4a7,HN,Cortés,2026,2026-08-30T14:45,"cdc,cdround"
6551001757,Incilius valliceps,"Incilius valliceps (Wiegmann, 1833)",-96.902726,18.860853,27,HUMAN_OBSERVATION,iNaturalist,50c9509d-22c7-4a22-a47d-8c48425ef4a7,MX,Veracruz,2026,2026-08-27T16:31,"cdc,cdround"
6551663726,Incilius valliceps,"Incilius valliceps (Wiegmann, 1833)",-86.901401,15.687917,2936,HUMAN_OBSERVATION,iNaturalist,50c9509d-22c7-4a22-a47d-8c48425ef4a7,HN,Atlántida,2026,2026-08-24T12:30,"cdc,cdround"
6551669599,Incilius valliceps,"Incilius valliceps (Wiegmann, 1833)",-96.95375,18.838484,6,HUMAN_OBSERVATION,iNaturalist,50c9509d-22c7-4a22-a47d-8c48425ef4a7,MX,Veracruz,2026,2026-08-19,"cdc,cdround"
6551691728,Incilius valliceps,"Incilius valliceps (Wiegmann, 1833)",-96.904103,18.862768,587,HUMAN_OBSERVATION,iNaturalist,50c9509d-22c7-4a22-a47d-8c48425ef4a7,MX,Veracruz,2026,2026-08-20T14:49:52,"cdc,cdround"
6551765291,Incilius valliceps,"Incilius valliceps (Wiegmann, 1833)",-90.370367,20.943915,31,HUMAN_OBSERVATION,iNaturalist,50c9509d-22c7-4a22-a47d-8c48425ef4a7,MX,Yucatán,2026,2026-08-29T21:02,"cdc,cdround"
6552049545,Incilius valliceps,"Incilius valliceps (Wiegmann, 1833)",-89.589008,20.865732,9,HUMAN_OBSERVATION,iNaturalist,50c9509d-22c7-4a22-a47d-8c48425ef4a7,MX,Yucatán,2026,2026-08-01T09:14,"cdc,cdround"
6552612005,Incilius valliceps,"Incilius valliceps (Wiegmann, 1833)",-87.8891,14.935311,77,HUMAN_OBSERVATION,iNaturalist,50c9509d-22c7-4a22-a47d-8c48425ef4a7,HN,Cortés,2026,2026-08-19T20:09,"cdc,cdround"
6552847554,Incilius valliceps,"Incilius valliceps (Wiegmann, 1833)",-89.249789,20.742345,8,HUMAN_OBSERVATION,iNaturalist,50c9509d-22c7-4a22-a47d-8c48425ef4a7,MX,Yucatán,2026,2026-08-28T23:04,"cdc,cdround"
6552893755,Incilius valliceps,"Incilius valliceps (Wiegmann, 1833)",-89.618673,20.837197,6774,HUMAN_OBSERVATION,iNaturalist,50c9509d-22c7-4a22-a47d-8c48425ef4a7,MX,Yucatán,2026,2026-08-31T20:18,"cdc,cdround"
6566439680,Incilius valliceps,"Incilius valliceps (Wiegmann, 1833)",-96.903228,18.861722,NA,HUMAN_OBSERVATION,iNaturalist,50c9509d-22c7-4a22-a47d-8c48425ef4a7,MX,Veracruz,2026,2026-08-20T14:36:12,"cdc,cdround"
6566825728,Incilius valliceps,"Incilius valliceps (Wiegmann, 1833)",-96.900791,18.868435,587,HUMAN_OBSERVATION,iNaturalist,50c9509d-22c7-4a22-a47d-8c48425ef4a7,MX,Veracruz,2026,2026-08-20T10:44:44,"cdc,cdround"
6567248900,Incilius valliceps,"Incilius valliceps (Wiegmann, 1833)",-87.142517,21.160232,15,HUMAN_OBSERVATION,iNaturalist,50c9509d-22c7-4a22-a47d-8c48425ef4a7,MX,Quintana Roo,2026,2026-08-22T10:51:02,"cdc,cdround"
6567542937,Incilius valliceps,"Incilius valliceps (Wiegmann, 1833)",-96.936099,19.564953,390,HUMAN_OBSERVATION,iNaturalist,50c9509d-22c7-4a22-a47d-8c48425ef4a7,MX,Veracruz,2026,2026-08-28T10:40:54,"cdc,cdround"
6518618794,Incilius valliceps,"Incilius valliceps (Wiegmann, 1833)",-89.66755,21.07165,NA,HUMAN_OBSERVATION,iNaturalist,50c9509d-22c7-4a22-a47d-8c48425ef4a7,MX,Yucatán,2026,2026-09-01T09:22:36,cdc
6518827244,Incilius valliceps,"Incilius valliceps (Wiegmann, 1833)",-89.561189,21.026445,5,HUMAN_OBSERVATION,iNaturalist,50c9509d-22c7-4a22-a47d-8c48425ef4a7,MX,Yucatán,2026,2026-09-03T22:01:06,"cdc,cdround"
6519043787,Incilius valliceps,"Incilius valliceps (Wiegmann, 1833)",-89.561252,21.026426,40,HUMAN_OBSERVATION,iNaturalist,50c9509d-22c7-4a22-a47d-8c48425ef4a7,MX,Yucatán,2026,2026-09-03T22:03:27,"cdc,cdround"
6519079390,Incilius valliceps,"Incilius valliceps (Wiegmann, 1833)",-89.8747,21.010243,1953,HUMAN_OBSERVATION,iNaturalist,50c9509d-22c7-4a22-a47d-8c48425ef4a7,MX,Yucatán,2026,2026-09-02T18:59,"cdc,cdround"
6519269491,Incilius valliceps,"Incilius valliceps (Wiegmann, 1833)",-89.767598,20.399369,30,HUMAN_OBSERVATION,iNaturalist,50c9509d-22c7-4a22-a47d-8c48425ef4a7,MX,Yucatán,2026,2026-09-04T11:24:03,"cdc,cdround"
6519272790,Incilius valliceps,"Incilius valliceps (Wiegmann, 1833)",-89.62461,20.866589,NA,HUMAN_OBSERVATION,iNaturalist,50c9509d-22c7-4a22-a47d-8c48425ef4a7,MX,Yucatán,2026,2026-09-03T12:33:17,"cdc,cdround"
6519955353,Incilius valliceps,"Incilius valliceps (Wiegmann, 1833)",-89.623533,20.869366,29,HUMAN_OBSERVATION,iNaturalist,50c9509d-22c7-4a22-a47d-8c48425ef4a7,MX,Yucatán,2026,2026-09-03T00:18:47,"cdc,cdround"
6550878317,Incilius valliceps,"Incilius valliceps (Wiegmann, 1833)",-89.631983,21.05316,8,HUMAN_OBSERVATION,iNaturalist,50c9509d-22c7-4a22-a47d-8c48425ef4a7,MX,Yucatán,2026,2026-09-08T19:24:22,"cdc,cdround"
6550904055,Incilius valliceps,"Incilius valliceps (Wiegmann, 1833)",-89.684662,21.122945,3,HUMAN_OBSERVATION,iNaturalist,50c9509d-22c7-4a22-a47d-8c48425ef4a7,MX,Yucatán,2026,2026-09-08T13:22:08,"cdc,cdround"
6551055787,Incilius valliceps,"Incilius valliceps (Wiegmann, 1833)",-86.814072,21.261525,4,HUMAN_OBSERVATION,iNaturalist,50c9509d-22c7-4a22-a47d-8c48425ef4a7,MX,Quintana Roo,2026,2026-09-15T22:21:26,"cdc,cdround"
6551378791,Incilius valliceps,"Incilius valliceps (Wiegmann, 1833)",-89.632249,21.053175,17,HUMAN_OBSERVATION,iNaturalist,50c9509d-22c7-4a22-a47d-8c48425ef4a7,MX,Yucatán,2026,2026-09-08T18:48:34,"cdc,cdround"
6551534570,Incilius valliceps,"Incilius valliceps (Wiegmann, 1833)",-89.615027,20.867417,15,HUMAN_OBSERVATION,iNaturalist,50c9509d-22c7-4a22-a47d-8c48425ef4a7,MX,Yucatán,2026,2026-09-11T06:30,"cdc,cdround"
6551625657,Incilius valliceps,"Incilius valliceps (Wiegmann, 1833)",-89.615038,20.867686,26,HUMAN_OBSERVATION,iNaturalist,50c9509d-22c7-4a22-a47d-8c48425ef4a7,MX,Yucatán,2026,2026-09-10T19:59,"cdc,cdround"
6551730753,Incilius valliceps,"Incilius valliceps (Wiegmann, 1833)",-92.024086,17.491208,18,HUMAN_OBSERVATION,iNaturalist,50c9509d-22c7-4a22-a47d-8c48425ef4a7,MX,Chiapas,2026,2026-09-09T19:06:51,"cdc,cdround"
6551892879,Incilius valliceps,"Incilius valliceps (Wiegmann, 1833)",-89.632182,21.053158,5,HUMAN_OBSERVATION,iNaturalist,50c9509d-22c7-4a22-a47d-8c48425ef4a7,MX,Yucatán,2026,2026-09-08T18:38:42,"cdc,cdround"
6551913016,Incilius valliceps,"Incilius valliceps (Wiegmann, 1833)",-89.632179,21.053164,3,HUMAN_OBSERVATION,iNaturalist,50c9509d-22c7-4a22-a47d-8c48425ef4a7,MX,Yucatán,2026,2026-09-08T18:39:17,"cdc,cdround"
6551920881,Incilius valliceps,"Incilius valliceps (Wiegmann, 1833)",-96.900911,18.863319,7,HUMAN_OBSERVATION,iNaturalist,50c9509d-22c7-4a22-a47d-8c48425ef4a7,MX,Veracruz,2026,2026-09-09T20:08,"cdc,cdround"
6551931936,Incilius valliceps,"Incilius valliceps (Wiegmann, 1833)",-89.525606,20.998983,5,HUMAN_OBSERVATION,iNaturalist,50c9509d-22c7-4a22-a47d-8c48425ef4a7,MX,Yucatán,2026,2026-09-18T21:28:36,"cdc,cdround"
6552187843,Incilius valliceps,"Incilius valliceps (Wiegmann, 1833)",-88.195458,20.678258,62,HUMAN_OBSERVATION,iNaturalist,50c9509d-22c7-4a22-a47d-8c48425ef4a7,MX,Yucatán,2026,2026-09-07T19:37:29,"cdc,cdround"
6552203557,Incilius valliceps,"Incilius valliceps (Wiegmann, 1833)",-89.632152,21.053211,4,HUMAN_OBSERVATION,iNaturalist,50c9509d-22c7-4a22-a47d-8c48425ef4a7,MX,Yucatán,2026,2026-09-08T18:39:34,"cdc,cdround"
6552280118,Incilius valliceps,"Incilius valliceps (Wiegmann, 1833)",-89.536211,20.998001,30434,HUMAN_OBSERVATION,iNaturalist,50c9509d-22c7-4a22-a47d-8c48425ef4a7,MX,Yucatán,2026,2026-09-14T22:58:47,"cdc,cdround"
6552302767,Incilius valliceps,"Incilius valliceps (Wiegmann, 1833)",-96.917714,18.836161,42,HUMAN_OBSERVATION,iNaturalist,50c9509d-22c7-4a22-a47d-8c48425ef4a7,MX,Veracruz,2026,2026-09-08T21:01,"cdc,cdround"
6552365776,Incilius valliceps,"Incilius valliceps (Wiegmann, 1833)",-90.008697,21.132406,3,HUMAN_OBSERVATION,iNaturalist,50c9509d-22c7-4a22-a47d-8c48425ef4a7,MX,Yucatán,2026,2026-09-16T08:32:13,"cdc,cdround"
6552388148,Incilius valliceps,"Incilius valliceps (Wiegmann, 1833)",-89.631982,21.05316,16,HUMAN_OBSERVATION,iNaturalist,50c9509d-22c7-4a22-a47d-8c48425ef4a7,MX,Yucatán,2026,2026-09-08T18:48:53,"cdc,cdround"
6552428355,Incilius valliceps,"Incilius valliceps (Wiegmann, 1833)",-89.617563,20.86926,40,HUMAN_OBSERVATION,iNaturalist,50c9509d-22c7-4a22-a47d-8c48425ef4a7,MX,Yucatán,2026,2026-09-10T21:07,"cdc,cdround"
6552472560,Incilius valliceps,"Incilius valliceps (Wiegmann, 1833)",-89.13492,21.141574,11,HUMAN_OBSERVATION,iNaturalist,50c9509d-22c7-4a22-a47d-8c48425ef4a7,MX,Yucatán,2026,2026-09-15T08:10,"cdc,cdround"
6552569357,Incilius valliceps,"Incilius valliceps (Wiegmann, 1833)",-89.134866,21.141557,4,HUMAN_OBSERVATION,iNaturalist,50c9509d-22c7-4a22-a47d-8c48425ef4a7,MX,Yucatán,2026,2026-09-15T07:46,"cdc,cdround"
6552582770,Incilius valliceps,"Incilius valliceps (Wiegmann, 1833)",-89.632132,21.053176,21,HUMAN_OBSERVATION,iNaturalist,50c9509d-22c7-4a22-a47d-8c48425ef4a7,MX,Yucatán,2026,2026-09-08T18:49:34,"cdc,cdround"
6552648568,Incilius valliceps,"Incilius valliceps (Wiegmann, 1833)",-89.6675,21.071558,NA,HUMAN_OBSERVATION,iNaturalist,50c9509d-22c7-4a22-a47d-8c48425ef4a7,MX,Yucatán,2026,2026-09-08T22:11:22,"cdc,cdround"
6552764401,Incilius valliceps,"Incilius valliceps (Wiegmann, 1833)",-89.625713,20.870052,NA,HUMAN_OBSERVATION,iNaturalist,50c9509d-22c7-4a22-a47d-8c48425ef4a7,MX,Yucatán,2026,2026-09-08T20:59:10,"cdc,cdround"
6552772427,Incilius valliceps,"Incilius valliceps (Wiegmann, 1833)",-89.614974,20.866457,25,HUMAN_OBSERVATION,iNaturalist,50c9509d-22c7-4a22-a47d-8c48425ef4a7,MX,Yucatán,2026,2026-09-11T06:32,"cdc,cdround"
6552874919,Incilius valliceps,"Incilius valliceps (Wiegmann, 1833)",-89.676857,21.040387,170,HUMAN_OBSERVATION,iNaturalist,50c9509d-22c7-4a22-a47d-8c48425ef4a7,MX,Yucatán,2026,2026-09-12T22:37:30,"cdc,cdround"
6553020733,Incilius valliceps,"Incilius valliceps (Wiegmann, 1833)",-89.686875,21.12827,6,HUMAN_OBSERVATION,iNaturalist,50c9509d-22c7-4a22-a47d-8c48425ef4a7,MX,Yucatán,2026,2026-09-09T21:31:42,"cdc,cdround"
6566407354,Incilius valliceps,"Incilius valliceps (Wiegmann, 1833)",-88.229833,21.157064,NA,HUMAN_OBSERVATION,iNaturalist,50c9509d-22c7-4a22-a47d-8c48425ef4a7,MX,Yucatán,2026,2026-09-25T19:06:30,"cdc,cdround"
6566435942,Incilius valliceps,"Incilius valliceps (Wiegmann, 1833)",-90.948333,18.583793,4,HUMAN_OBSERVATION,iNaturalist,50c9509d-22c7-4a22-a47d-8c48425ef4a7,MX,Campeche,2026,2026-09-28T13:13:27,"cdc,cdround"
6566490989,Incilius valliceps,"Incilius valliceps (Wiegmann, 1833)",-87.171564,20.758499,30453,HUMAN_OBSERVATION,iNaturalist,50c9509d-22c7-4a22-a47d-8c48425ef4a7,MX,Quintana Roo,2026,2026-09-26T07:08:35,"cdc,cdround"
6566530099,Incilius valliceps,"Incilius valliceps (Wiegmann, 1833)",-96.91671,19.516343,18,HUMAN_OBSERVATION,iNaturalist,50c9509d-22c7-4a22-a47d-8c48425ef4a7,MX,Veracruz,2026,2026-09-23T19:24,"cdc,cdround"
6566573194,Incilius valliceps,"Incilius valliceps (Wiegmann, 1833)",-90.728363,18.599187,3,HUMAN_OBSERVATION,iNaturalist,50c9509d-22c7-4a22-a47d-8c48425ef4a7,MX,Campeche,2026,2026-09-25T04:45:07,"cdc,cdround"
6566694564,Incilius valliceps,"Incilius valliceps (Wiegmann, 1833)",-96.161899,19.167811,4,HUMAN_OBSERVATION,iNaturalist,50c9509d-22c7-4a22-a47d-8c48425ef4a7,MX,Veracruz,2026,2026-09-20T19:08,"cdc,cdround"
6566698179,Incilius valliceps,"Incilius valliceps (Wiegmann, 1833)",-97.000918,18.842104,441,HUMAN_OBSERVATION,iNaturalist,50c9509d-22c7-4a22-a47d-8c48425ef4a7,MX,Veracruz,2026,2026-09-20T11:42:11,"cdc,cdround"
6566977436,Incilius valliceps,"Incilius valliceps (Wiegmann, 1833)",-96.964133,19.176362,4,HUMAN_OBSERVATION,iNaturalist,50c9509d-22c7-4a22-a47d-8c48425ef4a7,MX,Veracruz,2026,2026-09-06T07:52:43,"cdc,cdround"
6567007417,Incilius valliceps,"Incilius valliceps (Wiegmann, 1833)",-90.947975,18.606505,4,HUMAN_OBSERVATION,iNaturalist,50c9509d-22c7-4a22-a47d-8c48425ef4a7,MX,Campeche,2026,2026-09-22T13:19:18,cdc
6567156404,Incilius valliceps,"Incilius valliceps (Wiegmann, 1833)",-96.902262,18.860655,10,HUMAN_OBSERVATION,iNaturalist,50c9509d-22c7-4a22-a47d-8c48425ef4a7,MX,Veracruz,2026,2026-09-22T15:18:57,"cdc,cdround"
6567253404,Incilius valliceps,"Incilius valliceps (Wiegmann, 1833)",-90.947412,18.618153,48,HUMAN_OBSERVATION,iNaturalist,50c9509d-22c7-4a22-a47d-8c48425ef4a7,MX,Campeche,2026,2026-09-22T13:59:39,"cdc,cdround"
6567260510,Incilius valliceps,"Incilius valliceps (Wiegmann, 1833)",-87.435188,20.216183,10,HUMAN_OBSERVATION,iNaturalist,50c9509d-22c7-4a22-a47d-8c48425ef4a7,MX,Quintana Roo,2026,2026-09-25T08:23:47,"cdc,cdround"
6567295764,Incilius valliceps,"Incilius valliceps (Wiegmann, 1833)",-87.086852,20.628125,110,HUMAN_OBSERVATION,iNaturalist,50c9509d-22c7-4a22-a47d-8c48425ef4a7,MX,Quintana Roo,2026,2026-09-27T18:15,"cdc,cdround"
6567309358,Incilius valliceps,"Incilius valliceps (Wiegmann, 1833)",-89.668612,20.615742,NA,HUMAN_OBSERVATION,iNaturalist,50c9509d-22c7-4a22-a47d-8c48425ef4a7,MX,Yucatán,2026,2026-09-24T18:43:21,"cdc,cdround"
6567361694,Incilius valliceps,"Incilius valliceps (Wiegmann, 1833)",-90.952951,18.62537,NA,HUMAN_OBSERVATION,iNaturalist,50c9509d-22c7-4a22-a47d-8c48425ef4a7,MX,Campeche,2026,2026-09-22T12:14:53,"cdc,cdround"
6567371937,Incilius valliceps,"Incilius valliceps (Wiegmann, 1833)",-88.309137,18.52904,10,HUMAN_OBSERVATION,iNaturalist,50c9509d-22c7-4a22-a47d-8c48425ef4a7,MX,Quintana Roo,2026,2026-09-29T22:25:06,"cdc,cdround"
6567372651,Incilius valliceps,"Incilius valliceps (Wiegmann, 1833)",-96.955975,18.902023,208,HUMAN_OBSERVATION,iNaturalist,50c9509d-22c7-4a22-a47d-8c48425ef4a7,MX,Veracruz,2026,2026-09-12T18:58:37,"cdc,cdround"
6567427115,Incilius valliceps,"Incilius valliceps (Wiegmann, 1833)",-88.263283,18.543897,64,HUMAN_OBSERVATION,iNaturalist,50c9509d-22c7-4a22-a47d-8c48425ef4a7,MX,Quintana Roo,2026,2026-09-28,"cdc,cdround"
5007167137,Incilius valliceps,"Incilius valliceps (Wiegmann, 1833)",-88.242318,18.247335,15,HUMAN_OBSERVATION,iNaturalist,50c9509d-22c7-4a22-a47d-8c48425ef4a7,BZ,Corozal,2025,2025-01-04T13:09,"cdc,cdround"
5007671693,Incilius valliceps,"Incilius valliceps (Wiegmann, 1833)",-88.227659,18.226811,50,HUMAN_OBSERVATION,iNaturalist,50c9509d-22c7-4a22-a47d-8c48425ef4a7,BZ,Corozal,2025,2025-01-04T13:12,"cdc,cdround"
5007845469,Incilius valliceps,"Incilius valliceps (Wiegmann, 1833)",-88.558953,18.028683,15,HUMAN_OBSERVATION,iNaturalist,50c9509d-22c7-4a22-a47d-8c48425ef4a7,BZ,Orange Walk,2025,2025-01-01T17:54:47,"cdc,cdround"
5036706485,Incilius valliceps,"Incilius valliceps (Wiegmann, 1833)",-88.758188,17.419512,NA,HUMAN_OBSERVATION,iNaturalist,50c9509d-22c7-4a22-a47d-8c48425ef4a7,BZ,Cayo,2025,2025-01-04T11:03,"cdc,cdround"
5036828307,Incilius valliceps,"Incilius valliceps (Wiegmann, 1833)",-89.693059,21.023607,NA,HUMAN_OBSERVATION,iNaturalist,50c9509d-22c7-4a22-a47d-8c48425ef4a7,MX,Yucatán,2025,2025-01-13T20:23:34,"cdc,cdround"
5036942072,Incilius valliceps,"Incilius valliceps (Wiegmann, 1833)",-87.928091,20.646166,5281,HUMAN_OBSERVATION,iNaturalist,50c9509d-22c7-4a22-a47d-8c48425ef4a7,MX,Yucatán,2025,2025-01-09T09:07,"cdc,cdround"
5037111930,Incilius valliceps,"Incilius valliceps (Wiegmann, 1833)",-87.456397,20.202725,16,HUMAN_OBSERVATION,iNaturalist,50c9509d-22c7-4a22-a47d-8c48425ef4a7,MX,Quintana Roo,2025,2025-01-02T18:49:05,"cdc,cdround"
5037280604,Incilius valliceps,"Incilius valliceps (Wiegmann, 1833)",-89.894988,18.535520000000002,4,HUMAN_OBSERVATION,iNaturalist,50c9509d-22c7-4a22-a47d-8c48425ef4a7,MX,Campeche,2025,2025-01-06T18:12:46,"cdc,cdround"
5063029589,Incilius valliceps,"Incilius valliceps (Wiegmann, 1833)",-86.28205,15.611467,NA,HUMAN_OBSERVATION,iNaturalist,50c9509d-22c7-4a22-a47d-8c48425ef4a7,HN,Colón,2025,2025-01-12T17:41,"cdc,cdround"
5063070128,Incilius valliceps,"Incilius valliceps (Wiegmann, 1833)",-89.778511,20.376439,NA,HUMAN_OBSERVATION,iNaturalist,50c9509d-22c7-4a22-a47d-8c48425ef4a7,MX,Yucatán,2025,2025-01-13T09:01:55,"cdc,cdround"
5063197046,Incilius valliceps,"Incilius valliceps (Wiegmann, 1833)",-89.445366,18.520137,218,HUMAN_OBSERVATION,iNaturalist,50c9509d-22c7-4a22-a47d-8c48425ef4a7,MX,Campeche,2025,2025-01-03T19:31,"cdc,cdround"
5063224251,Incilius valliceps,"Incilius valliceps (Wiegmann, 1833)",-87.666985,21.513742,NA,HUMAN_OBSERVATION,iNaturalist,50c9509d-22c7-4a22-a47d-8c48425ef4a7,MX,Yucatán,2025,2025-01-21T23:36:24,"cdc,cdround"
5063274046,Incilius valliceps,"Incilius valliceps (Wiegmann, 1833)",-87.889338,14.981747,4251,HUMAN_OBSERVATION,iNaturalist,50c9509d-22c7-4a22-a47d-8c48425ef4a7,HN,Cortés,2025,2025-01-13T21:21,"cdc,cdround"
5063289216,Incilius valliceps,"Incilius valliceps (Wiegmann, 1833)",-89.299958,20.73777,26,HUMAN_OBSERVATION,iNaturalist,50c9509d-22c7-4a22-a47d-8c48425ef4a7,MX,Yucatán,2025,2025-01-23T13:33:08,"cdc,cdround"
5063299315,Incilius valliceps,"Incilius valliceps (Wiegmann, 1833)",-89.554192,21.046278,17,HUMAN_OBSERVATION,iNaturalist,50c9509d-22c7-4a22-a47d-8c48425ef4a7,MX,Yucatán,2025,2025-01-21T21:49:13,"cdc,cdround"
5063405738,Incilius valliceps,"Incilius valliceps (Wiegmann, 1833)",-88.047043,14.950071,31,HUMAN_OBSERVATION,iNaturalist,50c9509d-22c7-4a22-a47d-8c48425ef4a7,HN,Santa Bárbara,2025,2025-01-14T09:14,"cdc,cdround"
5063593658,Incilius valliceps,"Incilius valliceps (Wiegmann, 1833)",-88.149609,21.145466,4514,HUMAN_OBSERVATION,iNaturalist,50c9509d-22c7-4a22-a47d-8c48425ef4a7,MX,Yucatán,2025,2025-01-26T20:55,"cdc,cdround"
5063607823,Incilius valliceps,"Incilius valliceps (Wiegmann, 1833)",-88.567718,17.319204,15,HUMAN_OBSERVATION,iNaturalist,50c9509d-22c7-4a22-a47d-8c48425ef4a7,BZ,Cayo,2025,2025-01-22T16:30,"cdc,cdround"
5063624189,Incilius valliceps,"Incilius valliceps (Wiegmann, 1833)",-88.135961,21.135993,323,HUMAN_OBSERVATION,iNaturalist,50c9509d-22c7-4a22-a47d-8c48425ef4a7,MX,Yucatán,2025,2025-01-29T20:13:36,"cdc,cdround"
5063694804,Incilius valliceps,"Incilius valliceps (Wiegmann, 1833)",-89.542511,21.05517,NA,HUMAN_OBSERVATION,iNaturalist,50c9509d-22c7-4a22-a47d-8c48425ef4a7,MX,Yucatán,2025,2025-01-31T19:04:16,"cdc,cdround"
5069912334,Incilius valliceps,"Incilius valliceps (Wiegmann, 1833)",-89.135487,20.976585,16956,HUMAN_OBSERVATION,iNaturalist,50c9509d-22c7-4a22-a47d-8c48425ef4a7,MX,Yucatán,2025,2025-01-11T21:02:44,"cdc,cdround"
5076805181,Incilius valliceps,"Incilius valliceps (Wiegmann, 1833)",-84.46894,10.845833,51,HUMAN_OBSERVATION,iNaturalist,50c9509d-22c7-4a22-a47d-8c48425ef4a7,CR,Alajuela,2025,2025-01-20T21:22,"cdc,cdround"
5076894372,Incilius valliceps,"Incilius valliceps (Wiegmann, 1833)",-94.378344,18.142205,488,HUMAN_OBSERVATION,iNaturalist,50c9509d-22c7-4a22-a47d-8c48425ef4a7,MX,Veracruz,2025,2025-01-28T17:58,"cdc,cdround"
5133764778,Incilius valliceps,"Incilius valliceps (Wiegmann, 1833)",-84.407895,11.019142,150,HUMAN_OBSERVATION,iNaturalist,50c9509d-22c7-4a22-a47d-8c48425ef4a7,NI,Río San Juan,2025,2025-01-28T20:05:20,cdc
5167522527,Incilius valliceps,"Incilius valliceps (Wiegmann, 1833)",-87.956633,21.457256,78,HUMAN_OBSERVATION,iNaturalist,50c9509d-22c7-4a22-a47d-8c48425ef4a7,MX,Yucatán,2025,2025-01-31T19:25,"cdc,cdround"
5291936512,Incilius valliceps,"Incilius valliceps (Wiegmann, 1833)",-89.55737,21.119967,30415,HUMAN_OBSERVATION,iNaturalist,50c9509d-22c7-4a22-a47d-8c48425ef4a7,MX,Yucatán,2025,2025-01-29T22:33:39,"cdc,cdround"
5892653774,Incilius valliceps,"Incilius valliceps (Wiegmann, 1833)",-87.465359,20.221005,4628,HUMAN_OBSERVATION,iNaturalist,50c9509d-22c7-4a22-a47d-8c48425ef4a7,MX,Quintana Roo,2025,2025-01-06T18:13:26,"cdc,cdround"
6552778775,Incilius valliceps,"Incilius valliceps (Wiegmann, 1833)",-87.721846,20.48361,NA,HUMAN_OBSERVATION,iNaturalist,50c9509d-22c7-4a22-a47d-8c48425ef4a7,MX,Quintana Roo,2025,2025-01-08T15:23:13,"cdc,cdround"
5069915306,Incilius valliceps,"Incilius valliceps (Wiegmann, 1833)",-88.147812,21.133658,52,HUMAN_OBSERVATION,iNaturalist,50c9509d-22c7-4a22-a47d-8c48425ef4a7,MX,Yucatán,2025,2025-02-09T10:53:06,"cdc,cdround"
5077053065,Incilius valliceps,"Incilius valliceps (Wiegmann, 1833)",-89.065795,17.008287,30764,HUMAN_OBSERVATION,iNaturalist,50c9509d-22c7-4a22-a47d-8c48425ef4a7,BZ,Cayo,2025,2025-02-21T12:42,"cdc,cdround"
5087119039,Incilius valliceps,"Incilius valliceps (Wiegmann, 1833)",-85.152764,10.815467,9,HUMAN_OBSERVATION,iNaturalist,50c9509d-22c7-4a22-a47d-8c48425ef4a7,CR,Alajuela,2025,2025-02-08T19:04:42,"cdc,cdround"
5087125225,Incilius valliceps,"Incilius valliceps (Wiegmann, 1833)",-89.794987,19.689362,4,HUMAN_OBSERVATION,iNaturalist,50c9509d-22c7-4a22-a47d-8c48425ef4a7,MX,Campeche,2025,2025-02-06T21:23:30,"cdc,cdround"
5087244575,Incilius valliceps,"Incilius valliceps (Wiegmann, 1833)",-89.779605,19.736337,4,HUMAN_OBSERVATION,iNaturalist,50c9509d-22c7-4a22-a47d-8c48425ef4a7,MX,Campeche,2025,2025-02-19T19:39,"cdc,cdround"
5087274520,Incilius valliceps,"Incilius valliceps (Wiegmann, 1833)",-89.792114,19.68872,329,HUMAN_OBSERVATION,iNaturalist,50c9509d-22c7-4a22-a47d-8c48425ef4a7,MX,Campeche,2025,2025-02-10T18:44,"cdc,cdround"
5292430485,Incilius valliceps,"Incilius valliceps (Wiegmann, 1833)",-89.634099,21.147396,30415,HUMAN_OBSERVATION,iNaturalist,50c9509d-22c7-4a22-a47d-8c48425ef4a7,MX,Yucatán,2025,2025-02-28T22:11:39,"cdc,cdround"
5292875903,Incilius valliceps,"Incilius valliceps (Wiegmann, 1833)",-89.578839,20.948917,14,HUMAN_OBSERVATION,iNaturalist,50c9509d-22c7-4a22-a47d-8c48425ef4a7,MX,Yucatán,2025,2025-02-24T18:28:19,"cdc,cdround"
5760758366,Incilius valliceps,"Incilius valliceps (Wiegmann, 1833)",-93.203384,18.278802,NA,HUMAN_OBSERVATION,iNaturalist,50c9509d-22c7-4a22-a47d-8c48425ef4a7,MX,Tabasco,2025,2025-02-09T09:11:03,"cdc,cdround"
5932699206,Incilius valliceps,"Incilius valliceps (Wiegmann, 1833)",-89.998402,17.585183,1559,HUMAN_OBSERVATION,iNaturalist,50c9509d-22c7-4a22-a47d-8c48425ef4a7,GT,Petén,2025,2025-02-16T20:14,"cdc,cdround"
6137483788,Incilius valliceps,"Incilius valliceps (Wiegmann, 1833)",-84.202621,10.680936,250,HUMAN_OBSERVATION,NABU|naturgucker,6ac3f774-d9fb-4796-b3e9-92bf6c81c084,CR,NA,2025,2025-02-24T00:00,"cdc,cdround,gass84"
6441186942,Incilius valliceps,"Incilius valliceps (Wiegmann, 1833)",-88.679008,17.046683,14,HUMAN_OBSERVATION,iNaturalist,50c9509d-22c7-4a22-a47d-8c48425ef4a7,BZ,Cayo,2025,2025-02-16T19:03:41,"cdc,cdround"
6441600606,Incilius valliceps,"Incilius valliceps (Wiegmann, 1833)",-88.672967,17.021089,78,HUMAN_OBSERVATION,iNaturalist,50c9509d-22c7-4a22-a47d-8c48425ef4a7,BZ,Cayo,2025,2025-02-16T08:59:20,"cdc,cdround"
5087461287,Incilius valliceps,"Incilius valliceps (Wiegmann, 1833)",-86.820297,21.197767,4,HUMAN_OBSERVATION,iNaturalist,50c9509d-22c7-4a22-a47d-8c48425ef4a7,MX,Quintana Roo,2025,2025-03-02T21:51:22,"cdc,cdround"
5087466247,Incilius valliceps,"Incilius valliceps (Wiegmann, 1833)",-87.375563,21.526283,4,HUMAN_OBSERVATION,iNaturalist,50c9509d-22c7-4a22-a47d-8c48425ef4a7,MX,Quintana Roo,2025,2025-03-03T21:32:24,"cdc,cdround"
5087703978,Incilius valliceps,"Incilius valliceps (Wiegmann, 1833)",-84.977481,10.704032,4,HUMAN_OBSERVATION,iNaturalist,50c9509d-22c7-4a22-a47d-8c48425ef4a7,CR,Alajuela,2025,2025-03-10T20:34:04,"cdc,cdround"
5087905822,Incilius valliceps,"Incilius valliceps (Wiegmann, 1833)",-89.059975,17.04682,NA,HUMAN_OBSERVATION,iNaturalist,50c9509d-22c7-4a22-a47d-8c48425ef4a7,BZ,Cayo,2025,2025-03-09T20:56:23,"cdc,cdround"
5104491122,Incilius valliceps,"Incilius valliceps (Wiegmann, 1833)",-86.539953,16.33951,3237,HUMAN_OBSERVATION,iNaturalist,50c9509d-22c7-4a22-a47d-8c48425ef4a7,HN,Islas de la Bahía,2025,2025-03-21T11:03:53,"cdc,cdround"
5104562082,Incilius valliceps,"Incilius valliceps (Wiegmann, 1833)",-89.415475,18.354325,4,HUMAN_OBSERVATION,iNaturalist,50c9509d-22c7-4a22-a47d-8c48425ef4a7,MX,Campeche,2025,2025-03-17T15:00,cdc
5108441694,Incilius valliceps,"Incilius valliceps (Wiegmann, 1833)",-88.26992,16.838445,16,HUMAN_OBSERVATION,iNaturalist,50c9509d-22c7-4a22-a47d-8c48425ef4a7,BZ,Stann Creek,2025,2025-03-29T20:27:52,cdc
5133669738,Incilius valliceps,"Incilius valliceps (Wiegmann, 1833)",-85.85037,13.002256,60,HUMAN_OBSERVATION,iNaturalist,50c9509d-22c7-4a22-a47d-8c48425ef4a7,NI,Matagalpa,2025,2025-03-12T18:23:53,"cdc,cdround"
5134012229,Incilius valliceps,"Incilius valliceps (Wiegmann, 1833)",-85.850285,13.002751,104,HUMAN_OBSERVATION,iNaturalist,50c9509d-22c7-4a22-a47d-8c48425ef4a7,NI,Matagalpa,2025,2025-03-17T18:35,"cdc,cdround"
5134538968,Incilius valliceps,"Incilius valliceps (Wiegmann, 1833)",-89.67765,21.125282,NA,HUMAN_OBSERVATION,iNaturalist,50c9509d-22c7-4a22-a47d-8c48425ef4a7,MX,Yucatán,2025,2025-03-26T07:17:16,"cdc,cdround"
5215756006,Incilius valliceps,"Incilius valliceps (Wiegmann, 1833)",-89.327646,21.213786,NA,HUMAN_OBSERVATION,iNaturalist,50c9509d-22c7-4a22-a47d-8c48425ef4a7,MX,Yucatán,2025,2025-03-18T20:48:43,"cdc,cdround"
5759806543,Incilius valliceps,"Incilius valliceps (Wiegmann, 1833)",-93.20542,18.27733,NA,HUMAN_OBSERVATION,iNaturalist,50c9509d-22c7-4a22-a47d-8c48425ef4a7,MX,Tabasco,2025,2025-03-09T09:13:33,"cdc,cdround"
5840136225,Incilius valliceps,"Incilius valliceps (Wiegmann, 1833)",-89.32673,21.213335,NA,HUMAN_OBSERVATION,iNaturalist,50c9509d-22c7-4a22-a47d-8c48425ef4a7,MX,Yucatán,2025,2025-03-28T20:50:18,"cdc,cdround"
6133330467,Incilius valliceps,"Incilius valliceps (Wiegmann, 1833)",-93.254478,18.300103,48,HUMAN_OBSERVATION,iNaturalist,50c9509d-22c7-4a22-a47d-8c48425ef4a7,MX,Tabasco,2025,2025-03-01T10:19,"cdc,cdround"
6147179382,Incilius valliceps,"Incilius valliceps (Wiegmann, 1833)",-89.667679,21.075053,NA,HUMAN_OBSERVATION,iNaturalist,50c9509d-22c7-4a22-a47d-8c48425ef4a7,MX,Yucatán,2025,2025-03-09T18:40:25,"cdc,cdround"
6159584616,Incilius valliceps,"Incilius valliceps (Wiegmann, 1833)",-89.656476,20.977461,NA,HUMAN_OBSERVATION,iNaturalist,50c9509d-22c7-4a22-a47d-8c48425ef4a7,MX,Yucatán,2025,2025-03-02T18:35:55,"cdc,cdround"
6179352485,Incilius valliceps,"Incilius valliceps (Wiegmann, 1833)",-93.228999,18.249764,250,HUMAN_OBSERVATION,iNaturalist,50c9509d-22c7-4a22-a47d-8c48425ef4a7,MX,Tabasco,2025,2025-03-18T09:51:24,"cdc,cdround"
6253328523,Incilius valliceps,"Incilius valliceps (Wiegmann, 1833)",-87.993449,15.023255,36,HUMAN_OBSERVATION,iNaturalist,50c9509d-22c7-4a22-a47d-8c48425ef4a7,HN,Cortés,2025,2025-03-27T17:52:46,"cdc,cdround"
6422926709,Incilius valliceps,"Incilius valliceps (Wiegmann, 1833)",-87.445251,15.201524,16,HUMAN_OBSERVATION,iNaturalist,50c9509d-22c7-4a22-a47d-8c48425ef4a7,HN,Yoro,2025,2025-03-06,"cdc,cdround"
6441636913,Incilius valliceps,"Incilius valliceps (Wiegmann, 1833)",-87.97621,17.897597,122,HUMAN_OBSERVATION,iNaturalist,50c9509d-22c7-4a22-a47d-8c48425ef4a7,BZ,Corozal,2025,2025-03-07T23:12,"cdc,cdround"
6441864505,Incilius valliceps,"Incilius valliceps (Wiegmann, 1833)",-88.386918,16.93014,255,HUMAN_OBSERVATION,iNaturalist,50c9509d-22c7-4a22-a47d-8c48425ef4a7,BZ,Stann Creek,2025,2025-03-13T08:21,cdc
5133954442,Incilius valliceps,"Incilius valliceps (Wiegmann, 1833)",-89.438592,20.831353,21,HUMAN_OBSERVATION,iNaturalist,50c9509d-22c7-4a22-a47d-8c48425ef4a7,MX,Yucatán,2025,2025-04-03T09:20:51,"cdc,cdround"
5134139603,Incilius valliceps,"Incilius valliceps (Wiegmann, 1833)",-89.438592,20.831403,12,HUMAN_OBSERVATION,iNaturalist,50c9509d-22c7-4a22-a47d-8c48425ef4a7,MX,Yucatán,2025,2025-04-02T18:33,"cdc,cdround"
5134697616,Incilius valliceps,"Incilius valliceps (Wiegmann, 1833)",-87.330344,20.402375,5,HUMAN_OBSERVATION,iNaturalist,50c9509d-22c7-4a22-a47d-8c48425ef4a7,MX,Quintana Roo,2025,2025-04-15T08:49:41,"cdc,cdround"
5134919595,Incilius valliceps,"Incilius valliceps (Wiegmann, 1833)",-96.961081,18.907783,NA,HUMAN_OBSERVATION,iNaturalist,50c9509d-22c7-4a22-a47d-8c48425ef4a7,MX,Veracruz,2025,2025-04-22T06:56:05,"cdc,cdround"
5140023020,Incilius valliceps,"Incilius valliceps (Wiegmann, 1833)",-88.109589,14.774038,4,HUMAN_OBSERVATION,iNaturalist,50c9509d-22c7-4a22-a47d-8c48425ef4a7,HN,Santa Bárbara,2025,2025-04-17T19:09:29,"cdc,cdround"
5140351868,Incilius valliceps,"Incilius valliceps (Wiegmann, 1833)",-89.67118,21.074567,15,HUMAN_OBSERVATION,iNaturalist,50c9509d-22c7-4a22-a47d-8c48425ef4a7,MX,Yucatán,2025,2025-04-25T21:45,"cdc,cdround"
5140549609,Incilius valliceps,"Incilius valliceps (Wiegmann, 1833)",-87.956633,21.457256,78,HUMAN_OBSERVATION,iNaturalist,50c9509d-22c7-4a22-a47d-8c48425ef4a7,MX,Yucatán,2025,2025-04-25T20:35,"cdc,cdround"
5140556422,Incilius valliceps,"Incilius valliceps (Wiegmann, 1833)",-88.135828,21.140566,20,HUMAN_OBSERVATION,iNaturalist,50c9509d-22c7-4a22-a47d-8c48425ef4a7,MX,Yucatán,2025,2025-04-26T19:46:08,"cdc,cdround"
5140687609,Incilius valliceps,"Incilius valliceps (Wiegmann, 1833)",-87.956633,21.457256,78,HUMAN_OBSERVATION,iNaturalist,50c9509d-22c7-4a22-a47d-8c48425ef4a7,MX,Yucatán,2025,2025-04-25T20:38,"cdc,cdround"
5140713090,Incilius valliceps,"Incilius valliceps (Wiegmann, 1833)",-89.604719,20.898386,NA,HUMAN_OBSERVATION,iNaturalist,50c9509d-22c7-4a22-a47d-8c48425ef4a7,MX,Yucatán,2025,2025-04-26T20:14,"cdc,cdround"
5140746803,Incilius valliceps,"Incilius valliceps (Wiegmann, 1833)",-87.901297,21.007217,12,HUMAN_OBSERVATION,iNaturalist,50c9509d-22c7-4a22-a47d-8c48425ef4a7,MX,Yucatán,2025,2025-04-26T21:15,"cdc,cdround"
5140747036,Incilius valliceps,"Incilius valliceps (Wiegmann, 1833)",-90.472005,19.872695,85,HUMAN_OBSERVATION,iNaturalist,50c9509d-22c7-4a22-a47d-8c48425ef4a7,MX,Campeche,2025,2025-04-26T20:52:54,"cdc,cdround"
5153021004,Incilius valliceps,"Incilius valliceps (Wiegmann, 1833)",-88.44437,15.129559,751,HUMAN_OBSERVATION,iNaturalist,50c9509d-22c7-4a22-a47d-8c48425ef4a7,HN,Santa Bárbara,2025,2025-04-19T20:04:47,"cdc,cdround"
5153099754,Incilius valliceps,"Incilius valliceps (Wiegmann, 1833)",-89.91195,16.969633,4,HUMAN_OBSERVATION,iNaturalist,50c9509d-22c7-4a22-a47d-8c48425ef4a7,GT,Petén,2025,2025-04-27T19:06,"cdc,cdround"
5153338622,Incilius valliceps,"Incilius valliceps (Wiegmann, 1833)",-88.170022,21.157608,NA,HUMAN_OBSERVATION,iNaturalist,50c9509d-22c7-4a22-a47d-8c48425ef4a7,MX,Yucatán,2025,2025-04-29T23:15:49,"cdc,cdround"
5153583459,Incilius valliceps,"Incilius valliceps (Wiegmann, 1833)",-88.173522,21.158728,5,HUMAN_OBSERVATION,iNaturalist,50c9509d-22c7-4a22-a47d-8c48425ef4a7,MX,Yucatán,2025,2025-04-28T08:49:38,"cdc,cdround"
5154110765,Incilius valliceps,"Incilius valliceps (Wiegmann, 1833)",-88.172719,21.157709,202,HUMAN_OBSERVATION,iNaturalist,50c9509d-22c7-4a22-a47d-8c48425ef4a7,MX,Yucatán,2025,2025-04-28T07:01,"cdc,cdround"
5154242464,Incilius valliceps,"Incilius valliceps (Wiegmann, 1833)",-88.172719,21.157709,202,HUMAN_OBSERVATION,iNaturalist,50c9509d-22c7-4a22-a47d-8c48425ef4a7,MX,Yucatán,2025,2025-04-28T07:00,"cdc,cdround"
5154352185,Incilius valliceps,"Incilius valliceps (Wiegmann, 1833)",-88.172719,21.157709,202,HUMAN_OBSERVATION,iNaturalist,50c9509d-22c7-4a22-a47d-8c48425ef4a7,MX,Yucatán,2025,2025-04-28T08:35,"cdc,cdround"
5154471726,Incilius valliceps,"Incilius valliceps (Wiegmann, 1833)",-88.172719,21.157709,202,HUMAN_OBSERVATION,iNaturalist,50c9509d-22c7-4a22-a47d-8c48425ef4a7,MX,Yucatán,2025,2025-04-28T06:59,"cdc,cdround"
5167155101,Incilius valliceps,"Incilius valliceps (Wiegmann, 1833)",-88.173622,21.158828,32,HUMAN_OBSERVATION,iNaturalist,50c9509d-22c7-4a22-a47d-8c48425ef4a7,MX,Yucatán,2025,2025-04-28T16:33:58,"cdc,cdround"
5167290783,Incilius valliceps,"Incilius valliceps (Wiegmann, 1833)",-87.900787,21.0072,26,HUMAN_OBSERVATION,iNaturalist,50c9509d-22c7-4a22-a47d-8c48425ef4a7,MX,Yucatán,2025,2025-04-26T21:16:25,"cdc,cdround"
5176976619,Incilius valliceps,"Incilius valliceps (Wiegmann, 1833)",-95.074496,18.584889,21,HUMAN_OBSERVATION,iNaturalist,50c9509d-22c7-4a22-a47d-8c48425ef4a7,MX,Veracruz,2025,2025-04-25T07:42:58,"cdc,cdround"
5291944749,Incilius valliceps,"Incilius valliceps (Wiegmann, 1833)",-89.663377,21.042936,515,HUMAN_OBSERVATION,iNaturalist,50c9509d-22c7-4a22-a47d-8c48425ef4a7,MX,Yucatán,2025,2025-04-04T11:40:47,"cdc,cdround"
5839817219,Incilius valliceps,"Incilius valliceps (Wiegmann, 1833)",-88.173508,21.158731,3,HUMAN_OBSERVATION,iNaturalist,50c9509d-22c7-4a22-a47d-8c48425ef4a7,MX,Yucatán,2025,2025-04-28T09:47:16,"cdc,cdround"
5839841594,Incilius valliceps,"Incilius valliceps (Wiegmann, 1833)",-87.699952,20.752818,NA,HUMAN_OBSERVATION,iNaturalist,50c9509d-22c7-4a22-a47d-8c48425ef4a7,MX,Yucatán,2025,2025-04-07T22:13,"cdc,cdround"
5839873000,Incilius valliceps,"Incilius valliceps (Wiegmann, 1833)",-88.17353,21.158767,13,HUMAN_OBSERVATION,iNaturalist,50c9509d-22c7-4a22-a47d-8c48425ef4a7,MX,Yucatán,2025,2025-04-28T09:31:15,"cdc,cdround"
5839961158,Incilius valliceps,"Incilius valliceps (Wiegmann, 1833)",-87.700413,20.752447,NA,HUMAN_OBSERVATION,iNaturalist,50c9509d-22c7-4a22-a47d-8c48425ef4a7,MX,Yucatán,2025,2025-04-07T21:00,"cdc,cdround"
5840287339,Incilius valliceps,"Incilius valliceps (Wiegmann, 1833)",-88.149609,21.145469,4507,HUMAN_OBSERVATION,iNaturalist,50c9509d-22c7-4a22-a47d-8c48425ef4a7,MX,Yucatán,2025,2025-04-28T21:19,"cdc,cdround"
5892532642,Incilius valliceps,"Incilius valliceps (Wiegmann, 1833)",-88.149609,21.145469,4507,HUMAN_OBSERVATION,iNaturalist,50c9509d-22c7-4a22-a47d-8c48425ef4a7,MX,Yucatán,2025,2025-04-28T21:00,"cdc,cdround"
5892583600,Incilius valliceps,"Incilius valliceps (Wiegmann, 1833)",-88.172912,21.158335,31,HUMAN_OBSERVATION,iNaturalist,50c9509d-22c7-4a22-a47d-8c48425ef4a7,MX,Yucatán,2025,2025-04-28T10:13,"cdc,cdround"
5892690809,Incilius valliceps,"Incilius valliceps (Wiegmann, 1833)",-88.172934,21.158335,31,HUMAN_OBSERVATION,iNaturalist,50c9509d-22c7-4a22-a47d-8c48425ef4a7,MX,Yucatán,2025,2025-04-28T10:13,"cdc,cdround"
5892815301,Incilius valliceps,"Incilius valliceps (Wiegmann, 1833)",-88.172891,21.158315,31,HUMAN_OBSERVATION,iNaturalist,50c9509d-22c7-4a22-a47d-8c48425ef4a7,MX,Yucatán,2025,2025-04-28T10:16,"cdc,cdround"
5892947036,Incilius valliceps,"Incilius valliceps (Wiegmann, 1833)",-88.173547,21.15872,4,HUMAN_OBSERVATION,iNaturalist,50c9509d-22c7-4a22-a47d-8c48425ef4a7,MX,Yucatán,2025,2025-04-28T10:32,"cdc,cdround"
5892947037,Incilius valliceps,"Incilius valliceps (Wiegmann, 1833)",-88.173084,21.158175,31,HUMAN_OBSERVATION,iNaturalist,50c9509d-22c7-4a22-a47d-8c48425ef4a7,MX,Yucatán,2025,2025-04-28T10:12,"cdc,cdround"
6185277156,Incilius valliceps,"Incilius valliceps (Wiegmann, 1833)",-96.689097,19.347003,NA,HUMAN_OBSERVATION,iNaturalist,50c9509d-22c7-4a22-a47d-8c48425ef4a7,MX,Veracruz,2025,2025-04-18T17:34:55,"cdc,cdround"
6422627040,Incilius valliceps,"Incilius valliceps (Wiegmann, 1833)",-88.346572,15.492342,8,HUMAN_OBSERVATION,iNaturalist,50c9509d-22c7-4a22-a47d-8c48425ef4a7,HN,Santa Bárbara,2025,2025-04-25T00:38,"cdc,cdround"
6440933994,Incilius valliceps,"Incilius valliceps (Wiegmann, 1833)",-89.005447,17.018249,30764,HUMAN_OBSERVATION,iNaturalist,50c9509d-22c7-4a22-a47d-8c48425ef4a7,BZ,Cayo,2025,2025-04-03T21:03:29,"cdc,cdround"
6441050362,Incilius valliceps,"Incilius valliceps (Wiegmann, 1833)",-88.654823,17.752158,NA,HUMAN_OBSERVATION,iNaturalist,50c9509d-22c7-4a22-a47d-8c48425ef4a7,BZ,Orange Walk,2025,2025-04-24T19:24,"cdc,cdround"
5154180520,Incilius valliceps,"Incilius valliceps (Wiegmann, 1833)",-87.679653,20.436506,NA,HUMAN_OBSERVATION,iNaturalist,50c9509d-22c7-4a22-a47d-8c48425ef4a7,MX,Quintana Roo,2025,2025-05-10T14:39:54,"cdc,cdround"
5154678933,Incilius valliceps,"Incilius valliceps (Wiegmann, 1833)",-89.693141,21.023668,NA,HUMAN_OBSERVATION,iNaturalist,50c9509d-22c7-4a22-a47d-8c48425ef4a7,MX,Yucatán,2025,2025-05-10T21:36:41,"cdc,cdround"
5154738354,Incilius valliceps,"Incilius valliceps (Wiegmann, 1833)",-89.690788,20.982872,NA,HUMAN_OBSERVATION,iNaturalist,50c9509d-22c7-4a22-a47d-8c48425ef4a7,MX,Yucatán,2025,2025-05-05T09:12,"cdc,cdround"
5167726780,Incilius valliceps,"Incilius valliceps (Wiegmann, 1833)",-87.524907,20.303666,NA,HUMAN_OBSERVATION,iNaturalist,50c9509d-22c7-4a22-a47d-8c48425ef4a7,MX,Quintana Roo,2025,2025-05-13T19:03:17,"cdc,cdround"
5168396615,Incilius valliceps,"Incilius valliceps (Wiegmann, 1833)",-87.330088,20.403677,79,HUMAN_OBSERVATION,iNaturalist,50c9509d-22c7-4a22-a47d-8c48425ef4a7,MX,Quintana Roo,2025,2025-05-12T10:46:31,"cdc,cdround"
5187518590,Incilius valliceps,"Incilius valliceps (Wiegmann, 1833)",-87.633293,20.647638,61,HUMAN_OBSERVATION,iNaturalist,50c9509d-22c7-4a22-a47d-8c48425ef4a7,MX,Quintana Roo,2025,2025-05-29T15:16,"cdc,cdround"
5206602526,Incilius valliceps,"Incilius valliceps (Wiegmann, 1833)",-93.310749,18.254018,77,HUMAN_OBSERVATION,iNaturalist,50c9509d-22c7-4a22-a47d-8c48425ef4a7,MX,Tabasco,2025,2025-05-26T17:18:28,"cdc,cdround"
5217012708,Incilius valliceps,"Incilius valliceps (Wiegmann, 1833)",-88.20287,20.692651,30453,HUMAN_OBSERVATION,iNaturalist,50c9509d-22c7-4a22-a47d-8c48425ef4a7,MX,Yucatán,2025,2025-05-31T22:09:42,"cdc,cdround"
5229971749,Incilius valliceps,"Incilius valliceps (Wiegmann, 1833)",-97.091327,18.842146,40,HUMAN_OBSERVATION,iNaturalist,50c9509d-22c7-4a22-a47d-8c48425ef4a7,MX,Veracruz,2025,2025-05-31T22:38:49,"cdc,cdround"
5230904707,Incilius valliceps,"Incilius valliceps (Wiegmann, 1833)",-97.065567,18.881342,15,HUMAN_OBSERVATION,iNaturalist,50c9509d-22c7-4a22-a47d-8c48425ef4a7,MX,Veracruz,2025,2025-05-29T21:08:14,"cdc,cdround"
5230986694,Incilius valliceps,"Incilius valliceps (Wiegmann, 1833)",-88.147811,21.133631,NA,HUMAN_OBSERVATION,iNaturalist,50c9509d-22c7-4a22-a47d-8c48425ef4a7,MX,Yucatán,2025,2025-05-20T21:18:32,"cdc,cdround"
5237858316,Incilius valliceps,"Incilius valliceps (Wiegmann, 1833)",-89.109785,21.164839,725,HUMAN_OBSERVATION,iNaturalist,50c9509d-22c7-4a22-a47d-8c48425ef4a7,MX,Yucatán,2025,2025-05-04T08:28,"cdc,cdround"
5291752104,Incilius valliceps,"Incilius valliceps (Wiegmann, 1833)",-89.629813,20.981269,5,HUMAN_OBSERVATION,iNaturalist,50c9509d-22c7-4a22-a47d-8c48425ef4a7,MX,Yucatán,2025,2025-05-12T21:16:53,"cdc,cdround"
5839804291,Incilius valliceps,"Incilius valliceps (Wiegmann, 1833)",-89.653591,20.686524,35,HUMAN_OBSERVATION,iNaturalist,50c9509d-22c7-4a22-a47d-8c48425ef4a7,MX,Yucatán,2025,2025-05-06T19:01:17,"cdc,cdround"
5932305048,Incilius valliceps,"Incilius valliceps (Wiegmann, 1833)",-86.242671,13.234309,NA,HUMAN_OBSERVATION,iNaturalist,50c9509d-22c7-4a22-a47d-8c48425ef4a7,NI,Estelí,2025,2025-05-26T20:51:12,"cdc,cdround"
6185977192,Incilius valliceps,"Incilius valliceps (Wiegmann, 1833)",-96.945064,19.572242,30562,HUMAN_OBSERVATION,iNaturalist,50c9509d-22c7-4a22-a47d-8c48425ef4a7,MX,Veracruz,2025,2025-05-26T19:36:27,"cdc,cdround"
6422387572,Incilius valliceps,"Incilius valliceps (Wiegmann, 1833)",-87.913158,15.463435,4,HUMAN_OBSERVATION,iNaturalist,50c9509d-22c7-4a22-a47d-8c48425ef4a7,HN,Cortés,2025,2025-05-08T19:55,"cdc,cdround"
6431270707,Incilius valliceps,"Incilius valliceps (Wiegmann, 1833)",-86.760236,15.286364,8,HUMAN_OBSERVATION,iNaturalist,50c9509d-22c7-4a22-a47d-8c48425ef4a7,HN,Yoro,2025,2025-05-25T19:34,"cdc,cdround"
6431425691,Incilius valliceps,"Incilius valliceps (Wiegmann, 1833)",-86.760228,15.286114,4,HUMAN_OBSERVATION,iNaturalist,50c9509d-22c7-4a22-a47d-8c48425ef4a7,HN,Yoro,2025,2025-05-25T19:33,"cdc,cdround"
6431479439,Incilius valliceps,"Incilius valliceps (Wiegmann, 1833)",-86.759027,15.337465,31,HUMAN_OBSERVATION,iNaturalist,50c9509d-22c7-4a22-a47d-8c48425ef4a7,HN,Yoro,2025,2025-05-24T20:58,"cdc,cdround"
6431702019,Incilius valliceps,"Incilius valliceps (Wiegmann, 1833)",-86.760119,15.286016,31,HUMAN_OBSERVATION,iNaturalist,50c9509d-22c7-4a22-a47d-8c48425ef4a7,HN,Yoro,2025,2025-05-25T20:20,"cdc,cdround"
6431891537,Incilius valliceps,"Incilius valliceps (Wiegmann, 1833)",-86.765243,15.289955,15,HUMAN_OBSERVATION,iNaturalist,50c9509d-22c7-4a22-a47d-8c48425ef4a7,HN,Yoro,2025,2025-05-24T20:57,"cdc,cdround"
6499737891,Incilius valliceps,"Incilius valliceps (Wiegmann, 1833)",-89.656042,20.977239,14,HUMAN_OBSERVATION,iNaturalist,50c9509d-22c7-4a22-a47d-8c48425ef4a7,MX,Yucatán,2025,2025-05-23T19:54:08,"cdc,cdround"
6499824743,Incilius valliceps,"Incilius valliceps (Wiegmann, 1833)",-94.7052,17.979552,15,HUMAN_OBSERVATION,iNaturalist,50c9509d-22c7-4a22-a47d-8c48425ef4a7,MX,Veracruz,2025,2025-05-14T20:19,"cdc,cdround"
5187746564,Incilius valliceps,"Incilius valliceps (Wiegmann, 1833)",-86.99287,20.993759,23738,HUMAN_OBSERVATION,iNaturalist,50c9509d-22c7-4a22-a47d-8c48425ef4a7,MX,Quintana Roo,2025,2025-06-04T11:30,"cdc,cdround"
5187788741,Incilius valliceps,"Incilius valliceps (Wiegmann, 1833)",-87.950964,15.852648,40,HUMAN_OBSERVATION,iNaturalist,50c9509d-22c7-4a22-a47d-8c48425ef4a7,HN,Cortés,2025,2025-06-09T18:52:21,"cdc,cdround"
5198791876,Incilius valliceps,"Incilius valliceps (Wiegmann, 1833)",-87.613695,18.768088,30632,HUMAN_OBSERVATION,iNaturalist,50c9509d-22c7-4a22-a47d-8c48425ef4a7,MX,Quintana Roo,2025,2025-06-16T01:06:53,"cdc,cdround"
5199248895,Incilius valliceps,"Incilius valliceps (Wiegmann, 1833)",-87.674855,18.781798,30632,HUMAN_OBSERVATION,iNaturalist,50c9509d-22c7-4a22-a47d-8c48425ef4a7,MX,Quintana Roo,2025,2025-06-16T01:09:22,"cdc,cdround"
5205819680,Incilius valliceps,"Incilius valliceps (Wiegmann, 1833)",-88.354355,18.330245,4,HUMAN_OBSERVATION,iNaturalist,50c9509d-22c7-4a22-a47d-8c48425ef4a7,BZ,Corozal,2025,2025-06-15T20:07:49,cdc
5205966088,Incilius valliceps,"Incilius valliceps (Wiegmann, 1833)",-88.186645,18.3159,11,HUMAN_OBSERVATION,iNaturalist,50c9509d-22c7-4a22-a47d-8c48425ef4a7,BZ,Corozal,2025,2025-06-19T21:39:42,cdc
5206157683,Incilius valliceps,"Incilius valliceps (Wiegmann, 1833)",-88.152503,18.345317,2,HUMAN_OBSERVATION,iNaturalist,50c9509d-22c7-4a22-a47d-8c48425ef4a7,BZ,Corozal,2025,2025-06-14T20:39:43,"cdc,cdround"
5206286721,Incilius valliceps,"Incilius valliceps (Wiegmann, 1833)",-87.577513,20.346408,5,HUMAN_OBSERVATION,iNaturalist,50c9509d-22c7-4a22-a47d-8c48425ef4a7,MX,Quintana Roo,2025,2025-06-17T20:33:36,"cdc,cdround"
5206352048,Incilius valliceps,"Incilius valliceps (Wiegmann, 1833)",-88.216513,18.304833,83,HUMAN_OBSERVATION,iNaturalist,50c9509d-22c7-4a22-a47d-8c48425ef4a7,BZ,Corozal,2025,2025-06-19T21:23:20,"cdc,cdround"
5206377671,Incilius valliceps,"Incilius valliceps (Wiegmann, 1833)",-88.35443,18.330288,36,HUMAN_OBSERVATION,iNaturalist,50c9509d-22c7-4a22-a47d-8c48425ef4a7,BZ,Corozal,2025,2025-06-15T20:05:56,"cdc,cdround"
5206386267,Incilius valliceps,"Incilius valliceps (Wiegmann, 1833)",-93.169899,16.752074,NA,HUMAN_OBSERVATION,iNaturalist,50c9509d-22c7-4a22-a47d-8c48425ef4a7,MX,Chiapas,2025,2025-06-20T23:06:31,cdc
5206429213,Incilius valliceps,"Incilius valliceps (Wiegmann, 1833)",-88.453508,13.513282,243,HUMAN_OBSERVATION,iNaturalist,50c9509d-22c7-4a22-a47d-8c48425ef4a7,SV,Usulután,2025,2025-06-20,"cdc,cdround"
5206469656,Incilius valliceps,"Incilius valliceps (Wiegmann, 1833)",-88.338753,18.322242,18,HUMAN_OBSERVATION,iNaturalist,50c9509d-22c7-4a22-a47d-8c48425ef4a7,BZ,Corozal,2025,2025-06-15T20:15:14,"cdc,cdround"
5215682910,Incilius valliceps,"Incilius valliceps (Wiegmann, 1833)",-88.309032,18.529066,10,HUMAN_OBSERVATION,iNaturalist,50c9509d-22c7-4a22-a47d-8c48425ef4a7,MX,Quintana Roo,2025,2025-06-23T18:02:09,"cdc,cdround"
5215689858,Incilius valliceps,"Incilius valliceps (Wiegmann, 1833)",-89.4777,18.465025,30649,HUMAN_OBSERVATION,iNaturalist,50c9509d-22c7-4a22-a47d-8c48425ef4a7,MX,Campeche,2025,2025-06-20T21:02:02,"cdc,cdround"
5215734010,Incilius valliceps,"Incilius valliceps (Wiegmann, 1833)",-89.68882,20.981861,NA,HUMAN_OBSERVATION,iNaturalist,50c9509d-22c7-4a22-a47d-8c48425ef4a7,MX,Yucatán,2025,2025-06-24T12:49,"cdc,cdround"
5215795967,Incilius valliceps,"Incilius valliceps (Wiegmann, 1833)",-89.326662,21.212808,100,HUMAN_OBSERVATION,iNaturalist,50c9509d-22c7-4a22-a47d-8c48425ef4a7,MX,Yucatán,2025,2025-06-28T23:40,"cdc,cdround"
5215832076,Incilius valliceps,"Incilius valliceps (Wiegmann, 1833)",-89.618673,20.837197,6774,HUMAN_OBSERVATION,iNaturalist,50c9509d-22c7-4a22-a47d-8c48425ef4a7,MX,Yucatán,2025,2025-06-17T10:05,"cdc,cdround"
5216107048,Incilius valliceps,"Incilius valliceps (Wiegmann, 1833)",-89.618673,20.837197,6774,HUMAN_OBSERVATION,iNaturalist,50c9509d-22c7-4a22-a47d-8c48425ef4a7,MX,Yucatán,2025,2025-06-17T10:02,"cdc,cdround"
5216154072,Incilius valliceps,"Incilius valliceps (Wiegmann, 1833)",-89.618673,20.837197,6774,HUMAN_OBSERVATION,iNaturalist,50c9509d-22c7-4a22-a47d-8c48425ef4a7,MX,Yucatán,2025,2025-06-17T10:07,"cdc,cdround"
5216540007,Incilius valliceps,"Incilius valliceps (Wiegmann, 1833)",-89.618673,20.837197,6774,HUMAN_OBSERVATION,iNaturalist,50c9509d-22c7-4a22-a47d-8c48425ef4a7,MX,Yucatán,2025,2025-06-17T10:04,"cdc,cdround"
5216619089,Incilius valliceps,"Incilius valliceps (Wiegmann, 1833)",-87.632764,20.646906,9,HUMAN_OBSERVATION,iNaturalist,50c9509d-22c7-4a22-a47d-8c48425ef4a7,MX,Quintana Roo,2025,2025-06-24T16:05:58,"cdc,cdround"
5216752418,Incilius valliceps,"Incilius valliceps (Wiegmann, 1833)",-87.698308,20.754285,6,HUMAN_OBSERVATION,iNaturalist,50c9509d-22c7-4a22-a47d-8c48425ef4a7,MX,Yucatán,2025,2025-06-27T14:18,"cdc,cdround"
5216918843,Incilius valliceps,"Incilius valliceps (Wiegmann, 1833)",-87.577767,20.348555,16,HUMAN_OBSERVATION,iNaturalist,50c9509d-22c7-4a22-a47d-8c48425ef4a7,MX,Quintana Roo,2025,2025-06-17T23:29:11,"cdc,cdround"
5216983035,Incilius valliceps,"Incilius valliceps (Wiegmann, 1833)",-89.618673,20.837197,6774,HUMAN_OBSERVATION,iNaturalist,50c9509d-22c7-4a22-a47d-8c48425ef4a7,MX,Yucatán,2025,2025-06-17T10:01,"cdc,cdround"
5217210171,Incilius valliceps,"Incilius valliceps (Wiegmann, 1833)",-87.265192,20.481378,4,HUMAN_OBSERVATION,iNaturalist,50c9509d-22c7-4a22-a47d-8c48425ef4a7,MX,Quintana Roo,2025,2025-06-25T23:23:59,"cdc,cdround"
5217226414,Incilius valliceps,"Incilius valliceps (Wiegmann, 1833)",-87.324023,20.417792,2152,HUMAN_OBSERVATION,iNaturalist,50c9509d-22c7-4a22-a47d-8c48425ef4a7,MX,Quintana Roo,2025,2025-06-29T13:26,"cdc,cdround"
5217229260,Incilius valliceps,"Incilius valliceps (Wiegmann, 1833)",-87.032989,20.690861,74,HUMAN_OBSERVATION,iNaturalist,50c9509d-22c7-4a22-a47d-8c48425ef4a7,MX,Quintana Roo,2025,2025-06-30T16:47:20,"cdc,cdround"
5217292036,Incilius valliceps,"Incilius valliceps (Wiegmann, 1833)",-89.618673,20.837197,6774,HUMAN_OBSERVATION,iNaturalist,50c9509d-22c7-4a22-a47d-8c48425ef4a7,MX,Yucatán,2025,2025-06-17T09:51,"cdc,cdround"
5217381721,Incilius valliceps,"Incilius valliceps (Wiegmann, 1833)",-89.531528,18.436638,30649,HUMAN_OBSERVATION,iNaturalist,50c9509d-22c7-4a22-a47d-8c48425ef4a7,MX,Campeche,2025,2025-06-03T15:27:31,"cdc,cdround"
5217406025,Incilius valliceps,"Incilius valliceps (Wiegmann, 1833)",-89.618673,20.837197,6774,HUMAN_OBSERVATION,iNaturalist,50c9509d-22c7-4a22-a47d-8c48425ef4a7,MX,Yucatán,2025,2025-06-17T09:53,"cdc,cdround"
5230024730,Incilius valliceps,"Incilius valliceps (Wiegmann, 1833)",-87.703117,20.749667,4,HUMAN_OBSERVATION,iNaturalist,50c9509d-22c7-4a22-a47d-8c48425ef4a7,MX,Yucatán,2025,2025-06-04T13:25:12,"cdc,cdround"
5230319587,Incilius valliceps,"Incilius valliceps (Wiegmann, 1833)",-89.895714,18.370091,979,HUMAN_OBSERVATION,iNaturalist,50c9509d-22c7-4a22-a47d-8c48425ef4a7,MX,Campeche,2025,2025-06-23T18:10,"cdc,cdround"
5230538118,Incilius valliceps,"Incilius valliceps (Wiegmann, 1833)",-88.569748,20.68354,40,HUMAN_OBSERVATION,iNaturalist,50c9509d-22c7-4a22-a47d-8c48425ef4a7,MX,Yucatán,2025,2025-06-28T20:33:11,"cdc,cdround"
5230651813,Incilius valliceps,"Incilius valliceps (Wiegmann, 1833)",-88.942955,17.379857,NA,HUMAN_OBSERVATION,iNaturalist,50c9509d-22c7-4a22-a47d-8c48425ef4a7,BZ,Cayo,2025,2025-06-20T09:23:08,"cdc,cdround"
5231419743,Incilius valliceps,"Incilius valliceps (Wiegmann, 1833)",-89.710331,18.190394,6068,HUMAN_OBSERVATION,iNaturalist,50c9509d-22c7-4a22-a47d-8c48425ef4a7,MX,Campeche,2025,2025-06-27T19:57:05,"cdc,cdround"
5231778657,Incilius valliceps,"Incilius valliceps (Wiegmann, 1833)",-89.789466,18.190461,9489,HUMAN_OBSERVATION,iNaturalist,50c9509d-22c7-4a22-a47d-8c48425ef4a7,MX,Campeche,2025,2025-06-26T10:03:05,"cdc,cdround"
5837719580,Incilius valliceps,"Incilius valliceps (Wiegmann, 1833)",-89.291358,20.737275,3,HUMAN_OBSERVATION,iNaturalist,50c9509d-22c7-4a22-a47d-8c48425ef4a7,MX,Yucatán,2025,2025-06-18T10:14:12,"cdc,cdround"
5838328892,Incilius valliceps,"Incilius valliceps (Wiegmann, 1833)",-87.315901,20.395973,2155,HUMAN_OBSERVATION,iNaturalist,50c9509d-22c7-4a22-a47d-8c48425ef4a7,MX,Quintana Roo,2025,2025-06-29T11:15:28,"cdc,cdround"
5889341957,Incilius valliceps,"Incilius valliceps (Wiegmann, 1833)",-96.913497,19.51904,NA,HUMAN_OBSERVATION,iNaturalist,50c9509d-22c7-4a22-a47d-8c48425ef4a7,MX,Veracruz,2025,2025-06-13T18:46:05,"cdc,cdround"
5889559131,Incilius valliceps,"Incilius valliceps (Wiegmann, 1833)",-89.629852,20.9534,122,HUMAN_OBSERVATION,iNaturalist,50c9509d-22c7-4a22-a47d-8c48425ef4a7,MX,Yucatán,2025,2025-06-28T20:01,"cdc,cdround"
5889899045,Incilius valliceps,"Incilius valliceps (Wiegmann, 1833)",-89.629083,20.953618,1392,HUMAN_OBSERVATION,iNaturalist,50c9509d-22c7-4a22-a47d-8c48425ef4a7,MX,Yucatán,2025,2025-06-28T20:01,"cdc,cdround"
5935406175,Incilius valliceps,"Incilius valliceps (Wiegmann, 1833)",-89.895714,18.370091,979,HUMAN_OBSERVATION,iNaturalist,50c9509d-22c7-4a22-a47d-8c48425ef4a7,MX,Campeche,2025,2025-06-27T19:57,"cdc,cdround"
5936143127,Incilius valliceps,"Incilius valliceps (Wiegmann, 1833)",-86.955222,20.769805,4,HUMAN_OBSERVATION,iNaturalist,50c9509d-22c7-4a22-a47d-8c48425ef4a7,MX,Quintana Roo,2025,2025-06-28T16:12,"cdc,cdround"
6131198110,Incilius valliceps,"Incilius valliceps (Wiegmann, 1833)",-88.775535,17.289004,17,HUMAN_OBSERVATION,iNaturalist,50c9509d-22c7-4a22-a47d-8c48425ef4a7,BZ,Cayo,2025,2025-06-23T21:05:32,"cdc,cdround"
6133026995,Incilius valliceps,"Incilius valliceps (Wiegmann, 1833)",-89.452202,18.247911,NA,HUMAN_OBSERVATION,iNaturalist,50c9509d-22c7-4a22-a47d-8c48425ef4a7,MX,Campeche,2025,2025-06-09T06:54,cdc
6133112125,Incilius valliceps,"Incilius valliceps (Wiegmann, 1833)",-89.452328,18.211694,50,HUMAN_OBSERVATION,iNaturalist,50c9509d-22c7-4a22-a47d-8c48425ef4a7,MX,Campeche,2025,2025-06-16T06:58,cdc
6133406402,Incilius valliceps,"Incilius valliceps (Wiegmann, 1833)",-89.425003,18.071239,50,HUMAN_OBSERVATION,iNaturalist,50c9509d-22c7-4a22-a47d-8c48425ef4a7,MX,Campeche,2025,2025-06-16T06:22,"cdc,cdround"
6133422301,Incilius valliceps,"Incilius valliceps (Wiegmann, 1833)",-89.418616,18.107622,NA,HUMAN_OBSERVATION,iNaturalist,50c9509d-22c7-4a22-a47d-8c48425ef4a7,MX,Campeche,2025,2025-06-09T06:18,cdc
6133476808,Incilius valliceps,"Incilius valliceps (Wiegmann, 1833)",-89.455208,18.14665,NA,HUMAN_OBSERVATION,iNaturalist,50c9509d-22c7-4a22-a47d-8c48425ef4a7,MX,Campeche,2025,2025-06-16T06:46,"cdc,cdround"
6159303458,Incilius valliceps,"Incilius valliceps (Wiegmann, 1833)",-89.624029,20.867314,122,HUMAN_OBSERVATION,iNaturalist,50c9509d-22c7-4a22-a47d-8c48425ef4a7,MX,Yucatán,2025,2025-06-20T21:16,"cdc,cdround"
6163305142,Incilius valliceps,"Incilius valliceps (Wiegmann, 1833)",-92.883291,18.063997,5,HUMAN_OBSERVATION,iNaturalist,50c9509d-22c7-4a22-a47d-8c48425ef4a7,MX,Tabasco,2025,2025-06-18T23:08:40,"cdc,cdround"
6185824465,Incilius valliceps,"Incilius valliceps (Wiegmann, 1833)",-89.667856,21.032366,13,HUMAN_OBSERVATION,iNaturalist,50c9509d-22c7-4a22-a47d-8c48425ef4a7,MX,Yucatán,2025,2025-06-19T13:22,"cdc,cdround"
6195630209,Incilius valliceps,"Incilius valliceps (Wiegmann, 1833)",-89.452301,18.211678,NA,HUMAN_OBSERVATION,iNaturalist,50c9509d-22c7-4a22-a47d-8c48425ef4a7,MX,Campeche,2025,2025-06-16T07:06,"cdc,cdround"
6195900754,Incilius valliceps,"Incilius valliceps (Wiegmann, 1833)",-89.452301,18.211678,NA,HUMAN_OBSERVATION,iNaturalist,50c9509d-22c7-4a22-a47d-8c48425ef4a7,MX,Campeche,2025,2025-06-16T07:03,"cdc,cdround"
6333924665,Incilius valliceps,"Incilius valliceps (Wiegmann, 1833)",-89.784764,18.131716,5639,HUMAN_OBSERVATION,iNaturalist,50c9509d-22c7-4a22-a47d-8c48425ef4a7,MX,Campeche,2025,2025-06-24T16:53:28,"cdc,cdround"
6399439552,Incilius valliceps,"Incilius valliceps (Wiegmann, 1833)",-86.84482,21.081436,4,HUMAN_OBSERVATION,iNaturalist,50c9509d-22c7-4a22-a47d-8c48425ef4a7,MX,Quintana Roo,2025,2025-06-27T20:38:29,"cdc,cdround"
6422066371,Incilius valliceps,"Incilius valliceps (Wiegmann, 1833)",-88.18643,18.31533,10,HUMAN_OBSERVATION,iNaturalist,50c9509d-22c7-4a22-a47d-8c48425ef4a7,BZ,Corozal,2025,2025-06-19T21:31:33,cdc
6441213870,Incilius valliceps,"Incilius valliceps (Wiegmann, 1833)",-87.859275,15.762382,9,HUMAN_OBSERVATION,iNaturalist,50c9509d-22c7-4a22-a47d-8c48425ef4a7,HN,Cortés,2025,2025-06-10T10:04:30,"cdc,cdround"
6441459735,Incilius valliceps,"Incilius valliceps (Wiegmann, 1833)",-88.706279,16.553577,1059,HUMAN_OBSERVATION,iNaturalist,50c9509d-22c7-4a22-a47d-8c48425ef4a7,BZ,Toledo,2025,2025-06-29T11:16:38,"cdc,cdround"
6451992690,Incilius valliceps,"Incilius valliceps (Wiegmann, 1833)",-88.587965,20.693853,NA,HUMAN_OBSERVATION,iNaturalist,50c9509d-22c7-4a22-a47d-8c48425ef4a7,MX,Yucatán,2025,2025-06-03,"cdc,cdround"
6480750905,Incilius valliceps,"Incilius valliceps (Wiegmann, 1833)",-96.912869,19.519257,368,HUMAN_OBSERVATION,iNaturalist,50c9509d-22c7-4a22-a47d-8c48425ef4a7,MX,Veracruz,2025,2025-06-02T20:17:25,"cdc,cdround"
6480761852,Incilius valliceps,"Incilius valliceps (Wiegmann, 1833)",-96.984567,19.325063,13,HUMAN_OBSERVATION,iNaturalist,50c9509d-22c7-4a22-a47d-8c48425ef4a7,MX,Veracruz,2025,2025-06-28T14:00:23,"cdc,cdround"
5216133764,Incilius valliceps,"Incilius valliceps (Wiegmann, 1833)",-89.624839,21.052146,NA,HUMAN_OBSERVATION,iNaturalist,50c9509d-22c7-4a22-a47d-8c48425ef4a7,MX,Yucatán,2025,2025-07-04T08:02:50,"cdc,cdround"
5216373498,Incilius valliceps,"Incilius valliceps (Wiegmann, 1833)",-89.678086,21.189277,22,HUMAN_OBSERVATION,iNaturalist,50c9509d-22c7-4a22-a47d-8c48425ef4a7,MX,Yucatán,2025,2025-07-03T08:15:49,"cdc,cdround"
5217401067,Incilius valliceps,"Incilius valliceps (Wiegmann, 1833)",-87.63562,20.649484,4,HUMAN_OBSERVATION,iNaturalist,50c9509d-22c7-4a22-a47d-8c48425ef4a7,MX,Quintana Roo,2025,2025-07-06T15:15:32,"cdc,cdround"
5217460298,Incilius valliceps,"Incilius valliceps (Wiegmann, 1833)",-87.525066,20.303833,NA,HUMAN_OBSERVATION,iNaturalist,50c9509d-22c7-4a22-a47d-8c48425ef4a7,MX,Quintana Roo,2025,2025-07-02T06:29:39,"cdc,cdround"
5230699335,Incilius valliceps,"Incilius valliceps (Wiegmann, 1833)",-89.077711,17.142572,7,HUMAN_OBSERVATION,iNaturalist,50c9509d-22c7-4a22-a47d-8c48425ef4a7,BZ,Cayo,2025,2025-07-21T18:20:08,"cdc,cdround"
5230726299,Incilius valliceps,"Incilius valliceps (Wiegmann, 1833)",-93.237575,16.831741,728,HUMAN_OBSERVATION,iNaturalist,50c9509d-22c7-4a22-a47d-8c48425ef4a7,MX,Chiapas,2025,2025-07-19T18:14,"cdc,cdround"
5231029986,Incilius valliceps,"Incilius valliceps (Wiegmann, 1833)",-85.012275,10.720019,198,HUMAN_OBSERVATION,iNaturalist,50c9509d-22c7-4a22-a47d-8c48425ef4a7,CR,Alajuela,2025,2025-07-18T19:48:08,"cdc,cdround"
5231153369,Incilius valliceps,"Incilius valliceps (Wiegmann, 1833)",-87.392703,20.455931,200,HUMAN_OBSERVATION,iNaturalist,50c9509d-22c7-4a22-a47d-8c48425ef4a7,MX,Quintana Roo,2025,2025-07-03T00:00,"cdc,cdround"
5231226129,Incilius valliceps,"Incilius valliceps (Wiegmann, 1833)",-88.26353,18.544318,11,HUMAN_OBSERVATION,iNaturalist,50c9509d-22c7-4a22-a47d-8c48425ef4a7,MX,Quintana Roo,2025,2025-07-09T09:27:29,"cdc,cdround"
5231537246,Incilius valliceps,"Incilius valliceps (Wiegmann, 1833)",-87.397575,20.298542,4,HUMAN_OBSERVATION,iNaturalist,50c9509d-22c7-4a22-a47d-8c48425ef4a7,MX,Quintana Roo,2025,2025-07-09T21:08:07,"cdc,cdround"
5238000058,Incilius valliceps,"Incilius valliceps (Wiegmann, 1833)",-88.80845,16.103982,45,HUMAN_OBSERVATION,iNaturalist,50c9509d-22c7-4a22-a47d-8c48425ef4a7,BZ,Toledo,2025,2025-07-24T19:13:31,"cdc,cdround"
5238066653,Incilius valliceps,"Incilius valliceps (Wiegmann, 1833)",-89.543403,21.019531,7,HUMAN_OBSERVATION,iNaturalist,50c9509d-22c7-4a22-a47d-8c48425ef4a7,MX,Yucatán,2025,2025-07-18T20:36,"cdc,cdround"
5238093682,Incilius valliceps,"Incilius valliceps (Wiegmann, 1833)",-89.623086,20.864244,NA,HUMAN_OBSERVATION,iNaturalist,50c9509d-22c7-4a22-a47d-8c48425ef4a7,MX,Yucatán,2025,2025-07-22T11:31:21,"cdc,cdround"
5238386377,Incilius valliceps,"Incilius valliceps (Wiegmann, 1833)",-88.404116,16.919756,928,HUMAN_OBSERVATION,iNaturalist,50c9509d-22c7-4a22-a47d-8c48425ef4a7,BZ,Stann Creek,2025,2025-07-24T15:04:58,"cdc,cdround"
5281882311,Incilius valliceps,"Incilius valliceps (Wiegmann, 1833)",-87.6981,20.75451,1286,HUMAN_OBSERVATION,iNaturalist,50c9509d-22c7-4a22-a47d-8c48425ef4a7,MX,Yucatán,2025,2025-07-25T16:22,cdc
5282102117,Incilius valliceps,"Incilius valliceps (Wiegmann, 1833)",-87.633133,20.644993,212,HUMAN_OBSERVATION,iNaturalist,50c9509d-22c7-4a22-a47d-8c48425ef4a7,MX,Quintana Roo,2025,2025-07-27T19:09,"cdc,cdround"
5282143257,Incilius valliceps,"Incilius valliceps (Wiegmann, 1833)",-87.633133,20.644993,212,HUMAN_OBSERVATION,iNaturalist,50c9509d-22c7-4a22-a47d-8c48425ef4a7,MX,Quintana Roo,2025,2025-07-27T07:55,"cdc,cdround"
5282145831,Incilius valliceps,"Incilius valliceps (Wiegmann, 1833)",-87.6981,20.75451,1286,HUMAN_OBSERVATION,iNaturalist,50c9509d-22c7-4a22-a47d-8c48425ef4a7,MX,Yucatán,2025,2025-07-25T20:21,cdc
5282507700,Incilius valliceps,"Incilius valliceps (Wiegmann, 1833)",-83.378958,14.032778,3,HUMAN_OBSERVATION,iNaturalist,50c9509d-22c7-4a22-a47d-8c48425ef4a7,NI,Atlántico Norte,2025,2025-07-26T21:37:04,"cdc,cdround"
5291747304,Incilius valliceps,"Incilius valliceps (Wiegmann, 1833)",-87.315901,20.395974,2152,HUMAN_OBSERVATION,iNaturalist,50c9509d-22c7-4a22-a47d-8c48425ef4a7,MX,Quintana Roo,2025,2025-07-22T23:19,"cdc,cdround"
5760078701,Incilius valliceps,"Incilius valliceps (Wiegmann, 1833)",-96.10548,18.185903,6,HUMAN_OBSERVATION,iNaturalist,50c9509d-22c7-4a22-a47d-8c48425ef4a7,MX,Veracruz,2025,2025-07-30T10:51:06,"cdc,cdround"
5760322683,Incilius valliceps,"Incilius valliceps (Wiegmann, 1833)",-96.106629,18.185368,6,HUMAN_OBSERVATION,iNaturalist,50c9509d-22c7-4a22-a47d-8c48425ef4a7,MX,Veracruz,2025,2025-07-28T14:43:06,"cdc,cdround"
5760390669,Incilius valliceps,"Incilius valliceps (Wiegmann, 1833)",-91.22978,17.288043,61,HUMAN_OBSERVATION,iNaturalist,50c9509d-22c7-4a22-a47d-8c48425ef4a7,MX,Tabasco,2025,2025-07-04T10:34,"cdc,cdround"
5830537470,Incilius valliceps,"Incilius valliceps (Wiegmann, 1833)",-96.889547,19.091555,27,HUMAN_OBSERVATION,iNaturalist,50c9509d-22c7-4a22-a47d-8c48425ef4a7,MX,Veracruz,2025,2025-07-13T00:07:26,"cdc,cdround"
5830653038,Incilius valliceps,"Incilius valliceps (Wiegmann, 1833)",-96.106202,18.185261,11,HUMAN_OBSERVATION,iNaturalist,50c9509d-22c7-4a22-a47d-8c48425ef4a7,MX,Veracruz,2025,2025-07-29T00:30:49,"cdc,cdround"
6130217859,Incilius valliceps,"Incilius valliceps (Wiegmann, 1833)",-89.853758,21.156162,150,HUMAN_OBSERVATION,iNaturalist,50c9509d-22c7-4a22-a47d-8c48425ef4a7,MX,Yucatán,2025,2025-07-23T22:39,"cdc,cdround"
6159325700,Incilius valliceps,"Incilius valliceps (Wiegmann, 1833)",-87.698053,20.754523,NA,HUMAN_OBSERVATION,iNaturalist,50c9509d-22c7-4a22-a47d-8c48425ef4a7,MX,Yucatán,2025,2025-07-27T06:33:32,"cdc,cdround"
6159463021,Incilius valliceps,"Incilius valliceps (Wiegmann, 1833)",-96.539086,19.183458,206,HUMAN_OBSERVATION,iNaturalist,50c9509d-22c7-4a22-a47d-8c48425ef4a7,MX,Veracruz,2025,2025-07-13T08:41,"cdc,cdround"
6235045611,Incilius valliceps,"Incilius valliceps (Wiegmann, 1833)",-89.137008,14.829828,NA,HUMAN_OBSERVATION,iNaturalist,50c9509d-22c7-4a22-a47d-8c48425ef4a7,HN,Copán,2025,2025-07-09T11:41:08,"cdc,cdround"
6253204409,Incilius valliceps,"Incilius valliceps (Wiegmann, 1833)",-88.363997,16.55328,4,HUMAN_OBSERVATION,iNaturalist,50c9509d-22c7-4a22-a47d-8c48425ef4a7,BZ,Stann Creek,2025,2025-07-03T20:31:30,"cdc,cdround"
6320711643,Incilius valliceps,"Incilius valliceps (Wiegmann, 1833)",-94.69618,17.99726,977,HUMAN_OBSERVATION,iNaturalist,50c9509d-22c7-4a22-a47d-8c48425ef4a7,MX,Veracruz,2025,2025-07-29T23:48,"cdc,cdround"
6430754508,Incilius valliceps,"Incilius valliceps (Wiegmann, 1833)",-86.5624,15.50378,4,HUMAN_OBSERVATION,iNaturalist,50c9509d-22c7-4a22-a47d-8c48425ef4a7,HN,Yoro,2025,2025-07-10T16:16:21,cdc
6441194945,Incilius valliceps,"Incilius valliceps (Wiegmann, 1833)",-89.023847,17.288576,NA,HUMAN_OBSERVATION,iNaturalist,50c9509d-22c7-4a22-a47d-8c48425ef4a7,BZ,Cayo,2025,2025-07-19T20:12:47,"cdc,cdround"
6441499656,Incilius valliceps,"Incilius valliceps (Wiegmann, 1833)",-87.850729,15.778779,NA,HUMAN_OBSERVATION,iNaturalist,50c9509d-22c7-4a22-a47d-8c48425ef4a7,HN,Cortés,2025,2025-07-05T18:51:33,cdc
6441875341,Incilius valliceps,"Incilius valliceps (Wiegmann, 1833)",-89.670768,16.91088,30780,HUMAN_OBSERVATION,iNaturalist,50c9509d-22c7-4a22-a47d-8c48425ef4a7,GT,Petén,2025,2025-07-19T20:46,"cdc,cdround"
6479210972,Incilius valliceps,"Incilius valliceps (Wiegmann, 1833)",-96.877388,19.473885,NA,HUMAN_OBSERVATION,iNaturalist,50c9509d-22c7-4a22-a47d-8c48425ef4a7,MX,Veracruz,2025,2025-07-05T20:03:24,"cdc,cdround"
5291903357,Incilius valliceps,"Incilius valliceps (Wiegmann, 1833)",-88.409648,18.643871,227,HUMAN_OBSERVATION,iNaturalist,50c9509d-22c7-4a22-a47d-8c48425ef4a7,MX,Quintana Roo,2025,2025-08-09T19:46:36,"cdc,cdround"
5292060537,Incilius valliceps,"Incilius valliceps (Wiegmann, 1833)",-89.577955,20.949254,1,HUMAN_OBSERVATION,iNaturalist,50c9509d-22c7-4a22-a47d-8c48425ef4a7,MX,Yucatán,2025,2025-08-07T17:38,"cdc,cdround"
5292388505,Incilius valliceps,"Incilius valliceps (Wiegmann, 1833)",-89.664208,20.968803,4,HUMAN_OBSERVATION,iNaturalist,50c9509d-22c7-4a22-a47d-8c48425ef4a7,MX,Yucatán,2025,2025-08-14T08:04,"cdc,cdround"
5292495970,Incilius valliceps,"Incilius valliceps (Wiegmann, 1833)",-89.678735,21.080706,6767,HUMAN_OBSERVATION,iNaturalist,50c9509d-22c7-4a22-a47d-8c48425ef4a7,MX,Yucatán,2025,2025-08-18T14:46:42,"cdc,cdround"
5292525459,Incilius valliceps,"Incilius valliceps (Wiegmann, 1833)",-96.380937,19.594288,54,HUMAN_OBSERVATION,iNaturalist,50c9509d-22c7-4a22-a47d-8c48425ef4a7,MX,Veracruz,2025,2025-08-11T19:39:47,"cdc,cdround"
5292608003,Incilius valliceps,"Incilius valliceps (Wiegmann, 1833)",-90.476363,19.799805,4,HUMAN_OBSERVATION,iNaturalist,50c9509d-22c7-4a22-a47d-8c48425ef4a7,MX,Campeche,2025,2025-08-01T11:29:53,"cdc,cdround"
5292685181,Incilius valliceps,"Incilius valliceps (Wiegmann, 1833)",-87.075294,20.681263,2,HUMAN_OBSERVATION,iNaturalist,50c9509d-22c7-4a22-a47d-8c48425ef4a7,MX,Quintana Roo,2025,2025-08-08T19:33:04,"cdc,cdround"
5292732790,Incilius valliceps,"Incilius valliceps (Wiegmann, 1833)",-96.962119,19.549533,20,HUMAN_OBSERVATION,iNaturalist,50c9509d-22c7-4a22-a47d-8c48425ef4a7,MX,Veracruz,2025,2025-08-02T10:33:37,"cdc,cdround"
5292877108,Incilius valliceps,"Incilius valliceps (Wiegmann, 1833)",-95.013507,18.35977,NA,HUMAN_OBSERVATION,iNaturalist,50c9509d-22c7-4a22-a47d-8c48425ef4a7,MX,Veracruz,2025,2025-08-10T11:36,"cdc,cdround"
5759520312,Incilius valliceps,"Incilius valliceps (Wiegmann, 1833)",-89.691078,20.985291,NA,HUMAN_OBSERVATION,iNaturalist,50c9509d-22c7-4a22-a47d-8c48425ef4a7,MX,Yucatán,2025,2025-08-30T09:34,"cdc,cdround"
5759678580,Incilius valliceps,"Incilius valliceps (Wiegmann, 1833)",-88.501108,17.253964,NA,HUMAN_OBSERVATION,iNaturalist,50c9509d-22c7-4a22-a47d-8c48425ef4a7,BZ,Belize,2025,2025-08-29T20:33:20,"cdc,cdround"
5759715778,Incilius valliceps,"Incilius valliceps (Wiegmann, 1833)",-89.735703,20.987928,8,HUMAN_OBSERVATION,iNaturalist,50c9509d-22c7-4a22-a47d-8c48425ef4a7,MX,Yucatán,2025,2025-08-14T20:04:51,"cdc,cdround"
5760036710,Incilius valliceps,"Incilius valliceps (Wiegmann, 1833)",-94.316901,18.124467,5553,HUMAN_OBSERVATION,iNaturalist,50c9509d-22c7-4a22-a47d-8c48425ef4a7,MX,Veracruz,2025,2025-08-13T20:56:09,"cdc,cdround"
5760292561,Incilius valliceps,"Incilius valliceps (Wiegmann, 1833)",-88.506958,17.250395,5,HUMAN_OBSERVATION,iNaturalist,50c9509d-22c7-4a22-a47d-8c48425ef4a7,BZ,Belize,2025,2025-08-29T16:19:59,"cdc,cdround"
5760411532,Incilius valliceps,"Incilius valliceps (Wiegmann, 1833)",-94.323097,18.120835,5553,HUMAN_OBSERVATION,iNaturalist,50c9509d-22c7-4a22-a47d-8c48425ef4a7,MX,Veracruz,2025,2025-08-13T16:56:32,"cdc,cdround"
5760898004,Incilius valliceps,"Incilius valliceps (Wiegmann, 1833)",-88.506859,17.250311,9,HUMAN_OBSERVATION,iNaturalist,50c9509d-22c7-4a22-a47d-8c48425ef4a7,BZ,Belize,2025,2025-08-29T16:19:42,"cdc,cdround"
5760929932,Incilius valliceps,"Incilius valliceps (Wiegmann, 1833)",-89.770786,20.361045,370,HUMAN_OBSERVATION,iNaturalist,50c9509d-22c7-4a22-a47d-8c48425ef4a7,MX,Yucatán,2025,2025-08-17T11:52,"cdc,cdround"
5761029232,Incilius valliceps,"Incilius valliceps (Wiegmann, 1833)",-88.458156,17.264474,NA,HUMAN_OBSERVATION,iNaturalist,50c9509d-22c7-4a22-a47d-8c48425ef4a7,BZ,Belize,2025,2025-08-30T07:47:19,"cdc,cdround"
5761045329,Incilius valliceps,"Incilius valliceps (Wiegmann, 1833)",-88.504708,17.257963,4,HUMAN_OBSERVATION,iNaturalist,50c9509d-22c7-4a22-a47d-8c48425ef4a7,BZ,Belize,2025,2025-08-29T18:03:04,"cdc,cdround"
5761058636,Incilius valliceps,"Incilius valliceps (Wiegmann, 1833)",-93.17181,16.751576,NA,HUMAN_OBSERVATION,iNaturalist,50c9509d-22c7-4a22-a47d-8c48425ef4a7,MX,Chiapas,2025,2025-08-20T14:31:04,"cdc,cdround"
5828021311,Incilius valliceps,"Incilius valliceps (Wiegmann, 1833)",-91.943501,17.537045,7813,HUMAN_OBSERVATION,iNaturalist,50c9509d-22c7-4a22-a47d-8c48425ef4a7,MX,Chiapas,2025,2025-08-07T08:26,"cdc,cdround"
5830311076,Incilius valliceps,"Incilius valliceps (Wiegmann, 1833)",-88.503922,17.253828,13,HUMAN_OBSERVATION,iNaturalist,50c9509d-22c7-4a22-a47d-8c48425ef4a7,BZ,Belize,2025,2025-08-29T17:06,"cdc,cdround"
5830328853,Incilius valliceps,"Incilius valliceps (Wiegmann, 1833)",-88.506997,17.250298,2,HUMAN_OBSERVATION,iNaturalist,50c9509d-22c7-4a22-a47d-8c48425ef4a7,BZ,Belize,2025,2025-08-29T20:22,"cdc,cdround"
5830461284,Incilius valliceps,"Incilius valliceps (Wiegmann, 1833)",-88.503927,17.2539,NA,HUMAN_OBSERVATION,iNaturalist,50c9509d-22c7-4a22-a47d-8c48425ef4a7,BZ,Belize,2025,2025-08-29T17:06:45,"cdc,cdround"
5830466306,Incilius valliceps,"Incilius valliceps (Wiegmann, 1833)",-88.506998,17.250282,2,HUMAN_OBSERVATION,iNaturalist,50c9509d-22c7-4a22-a47d-8c48425ef4a7,BZ,Belize,2025,2025-08-29T16:20:05,"cdc,cdround"
5830584566,Incilius valliceps,"Incilius valliceps (Wiegmann, 1833)",-88.507085,17.250539,2,HUMAN_OBSERVATION,iNaturalist,50c9509d-22c7-4a22-a47d-8c48425ef4a7,BZ,Belize,2025,2025-08-29T22:07,"cdc,cdround"
5830785183,Incilius valliceps,"Incilius valliceps (Wiegmann, 1833)",-88.506917,17.250374,NA,HUMAN_OBSERVATION,iNaturalist,50c9509d-22c7-4a22-a47d-8c48425ef4a7,BZ,Belize,2025,2025-08-29T22:26:30,"cdc,cdround"
5830884722,Incilius valliceps,"Incilius valliceps (Wiegmann, 1833)",-88.50656,17.25002,NA,HUMAN_OBSERVATION,iNaturalist,50c9509d-22c7-4a22-a47d-8c48425ef4a7,BZ,Belize,2025,2025-08-30T10:53,cdc
5830997921,Incilius valliceps,"Incilius valliceps (Wiegmann, 1833)",-88.507185,17.250016,4,HUMAN_OBSERVATION,iNaturalist,50c9509d-22c7-4a22-a47d-8c48425ef4a7,BZ,Belize,2025,2025-08-29T21:00,"cdc,cdround"
5831044644,Incilius valliceps,"Incilius valliceps (Wiegmann, 1833)",-88.507078,17.250546,2,HUMAN_OBSERVATION,iNaturalist,50c9509d-22c7-4a22-a47d-8c48425ef4a7,BZ,Belize,2025,2025-08-29T22:12,"cdc,cdround"
5838033836,Incilius valliceps,"Incilius valliceps (Wiegmann, 1833)",-87.635777,20.645053,4,HUMAN_OBSERVATION,iNaturalist,50c9509d-22c7-4a22-a47d-8c48425ef4a7,MX,Quintana Roo,2025,2025-08-11T09:49,"cdc,cdround"
5839895885,Incilius valliceps,"Incilius valliceps (Wiegmann, 1833)",-89.619398,20.916959,8,HUMAN_OBSERVATION,iNaturalist,50c9509d-22c7-4a22-a47d-8c48425ef4a7,MX,Yucatán,2025,2025-08-15T21:59,"cdc,cdround"
5844015399,Incilius valliceps,"Incilius valliceps (Wiegmann, 1833)",-88.263534,18.543741,10,HUMAN_OBSERVATION,iNaturalist,50c9509d-22c7-4a22-a47d-8c48425ef4a7,MX,Quintana Roo,2025,2025-08-20T11:36:20,"cdc,cdround"
5844122543,Incilius valliceps,"Incilius valliceps (Wiegmann, 1833)",-87.338263,20.368353,226,HUMAN_OBSERVATION,iNaturalist,50c9509d-22c7-4a22-a47d-8c48425ef4a7,MX,Quintana Roo,2025,2025-08-14T22:10,"cdc,cdround"
5904073573,Incilius valliceps,"Incilius valliceps (Wiegmann, 1833)",-90.148754,16.517976,61,HUMAN_OBSERVATION,iNaturalist,50c9509d-22c7-4a22-a47d-8c48425ef4a7,GT,Petén,2025,2025-08-17T09:16,"cdc,cdround"
5908816873,Incilius valliceps,"Incilius valliceps (Wiegmann, 1833)",-96.386281,19.579367,728,HUMAN_OBSERVATION,iNaturalist,50c9509d-22c7-4a22-a47d-8c48425ef4a7,MX,Veracruz,2025,2025-08-12T21:30,"cdc,cdround"
6163024234,Incilius valliceps,"Incilius valliceps (Wiegmann, 1833)",-96.902752,18.860991,18,HUMAN_OBSERVATION,iNaturalist,50c9509d-22c7-4a22-a47d-8c48425ef4a7,MX,Veracruz,2025,2025-08-20T14:42:11,"cdc,cdround"
6163031350,Incilius valliceps,"Incilius valliceps (Wiegmann, 1833)",-96.902847,18.860926,NA,HUMAN_OBSERVATION,iNaturalist,50c9509d-22c7-4a22-a47d-8c48425ef4a7,MX,Veracruz,2025,2025-08-26T10:32:50,"cdc,cdround"
6178336549,Incilius valliceps,"Incilius valliceps (Wiegmann, 1833)",-87.038212,20.661745,205,HUMAN_OBSERVATION,iNaturalist,50c9509d-22c7-4a22-a47d-8c48425ef4a7,MX,Quintana Roo,2025,2025-08-07T15:30,"cdc,cdround"
6178569634,Incilius valliceps,"Incilius valliceps (Wiegmann, 1833)",-87.734566,20.494883,4199,HUMAN_OBSERVATION,iNaturalist,50c9509d-22c7-4a22-a47d-8c48425ef4a7,MX,Quintana Roo,2025,2025-08-02T21:04,"cdc,cdround"
6179139047,Incilius valliceps,"Incilius valliceps (Wiegmann, 1833)",-96.902561,18.860838,8,HUMAN_OBSERVATION,iNaturalist,50c9509d-22c7-4a22-a47d-8c48425ef4a7,MX,Veracruz,2025,2025-08-26T10:32:42,"cdc,cdround"
6184972070,Incilius valliceps,"Incilius valliceps (Wiegmann, 1833)",-96.722321,19.333096,NA,HUMAN_OBSERVATION,iNaturalist,50c9509d-22c7-4a22-a47d-8c48425ef4a7,MX,Veracruz,2025,2025-08-13T10:42:19,"cdc,cdround"
6235369320,Incilius valliceps,"Incilius valliceps (Wiegmann, 1833)",-87.463653,20.200017,24,HUMAN_OBSERVATION,iNaturalist,50c9509d-22c7-4a22-a47d-8c48425ef4a7,MX,Quintana Roo,2025,2025-08-14T19:43:23,"cdc,cdround"
6252909697,Incilius valliceps,"Incilius valliceps (Wiegmann, 1833)",-96.901383,18.860346,6,HUMAN_OBSERVATION,iNaturalist,50c9509d-22c7-4a22-a47d-8c48425ef4a7,MX,Veracruz,2025,2025-08-26T11:13:13,"cdc,cdround"
6422050617,Incilius valliceps,"Incilius valliceps (Wiegmann, 1833)",-88.259628,15.180212,5,HUMAN_OBSERVATION,iNaturalist,50c9509d-22c7-4a22-a47d-8c48425ef4a7,HN,Santa Bárbara,2025,2025-08-09T16:20:38,"cdc,cdround"
6422239884,Incilius valliceps,"Incilius valliceps (Wiegmann, 1833)",-87.947052,15.607857,8,HUMAN_OBSERVATION,iNaturalist,50c9509d-22c7-4a22-a47d-8c48425ef4a7,HN,Cortés,2025,2025-08-08T21:00,"cdc,cdround"
6422964563,Incilius valliceps,"Incilius valliceps (Wiegmann, 1833)",-87.974009,15.604373,13,HUMAN_OBSERVATION,iNaturalist,50c9509d-22c7-4a22-a47d-8c48425ef4a7,HN,Cortés,2025,2025-08-16T19:44:04,"cdc,cdround"
6423061931,Incilius valliceps,"Incilius valliceps (Wiegmann, 1833)",-87.792107,15.391419,28,HUMAN_OBSERVATION,iNaturalist,50c9509d-22c7-4a22-a47d-8c48425ef4a7,HN,Yoro,2025,2025-08-09T21:41:33,"cdc,cdround"
6441870540,Incilius valliceps,"Incilius valliceps (Wiegmann, 1833)",-88.566003,17.05207,6,HUMAN_OBSERVATION,iNaturalist,50c9509d-22c7-4a22-a47d-8c48425ef4a7,BZ,Cayo,2025,2025-08-02T21:02:47,"cdc,cdround"
5827427123,Incilius valliceps,"Incilius valliceps (Wiegmann, 1833)",-89.525692,20.99755,NA,HUMAN_OBSERVATION,iNaturalist,50c9509d-22c7-4a22-a47d-8c48425ef4a7,MX,Yucatán,2025,2025-09-07T21:49:24,"cdc,cdround"
5827636707,Incilius valliceps,"Incilius valliceps (Wiegmann, 1833)",-87.535163,20.313213,4,HUMAN_OBSERVATION,iNaturalist,50c9509d-22c7-4a22-a47d-8c48425ef4a7,MX,Quintana Roo,2025,2025-09-08T15:54:50,"cdc,cdround"
5827721049,Incilius valliceps,"Incilius valliceps (Wiegmann, 1833)",-96.902896,18.860708,195,HUMAN_OBSERVATION,iNaturalist,50c9509d-22c7-4a22-a47d-8c48425ef4a7,MX,Veracruz,2025,2025-09-11T10:45:48,"cdc,cdround"
5828097189,Incilius valliceps,"Incilius valliceps (Wiegmann, 1833)",-87.083319,20.875217,1658,HUMAN_OBSERVATION,iNaturalist,50c9509d-22c7-4a22-a47d-8c48425ef4a7,MX,Quintana Roo,2025,2025-09-08T20:38:28,"cdc,cdround"
5828336444,Incilius valliceps,"Incilius valliceps (Wiegmann, 1833)",-88.263665,18.54419,18,HUMAN_OBSERVATION,iNaturalist,50c9509d-22c7-4a22-a47d-8c48425ef4a7,MX,Quintana Roo,2025,2025-09-08T10:10:18,"cdc,cdround"
5828393537,Incilius valliceps,"Incilius valliceps (Wiegmann, 1833)",-87.535072,20.311417,4,HUMAN_OBSERVATION,iNaturalist,50c9509d-22c7-4a22-a47d-8c48425ef4a7,MX,Quintana Roo,2025,2025-09-08T15:19:38,"cdc,cdround"
5828455082,Incilius valliceps,"Incilius valliceps (Wiegmann, 1833)",-89.66275,21.190338,4,HUMAN_OBSERVATION,iNaturalist,50c9509d-22c7-4a22-a47d-8c48425ef4a7,MX,Yucatán,2025,2025-09-07T15:05:14,"cdc,cdround"
5828485588,Incilius valliceps,"Incilius valliceps (Wiegmann, 1833)",-89.817895,20.812699,NA,HUMAN_OBSERVATION,iNaturalist,50c9509d-22c7-4a22-a47d-8c48425ef4a7,MX,Yucatán,2025,2025-09-09T09:23:34,"cdc,cdround"
5830361403,Incilius valliceps,"Incilius valliceps (Wiegmann, 1833)",-93.201185,16.765036,18,HUMAN_OBSERVATION,iNaturalist,50c9509d-22c7-4a22-a47d-8c48425ef4a7,MX,Chiapas,2025,2025-09-20T08:44:30,"cdc,cdround"
5830524516,Incilius valliceps,"Incilius valliceps (Wiegmann, 1833)",-84.397626,11.191512,727,HUMAN_OBSERVATION,iNaturalist,50c9509d-22c7-4a22-a47d-8c48425ef4a7,NI,Río San Juan,2025,2025-09-19T20:23,"cdc,cdround"
5830739474,Incilius valliceps,"Incilius valliceps (Wiegmann, 1833)",-87.723078,20.484173,41,HUMAN_OBSERVATION,iNaturalist,50c9509d-22c7-4a22-a47d-8c48425ef4a7,MX,Quintana Roo,2025,2025-09-11T11:32,"cdc,cdround"
5831012947,Incilius valliceps,"Incilius valliceps (Wiegmann, 1833)",-88.758605,17.246053,17,HUMAN_OBSERVATION,iNaturalist,50c9509d-22c7-4a22-a47d-8c48425ef4a7,BZ,Cayo,2025,2025-09-18T09:55,"cdc,cdround"
5837874935,Incilius valliceps,"Incilius valliceps (Wiegmann, 1833)",-89.811785,20.822981,NA,HUMAN_OBSERVATION,iNaturalist,50c9509d-22c7-4a22-a47d-8c48425ef4a7,MX,Yucatán,2025,2025-09-29T09:54:37,"cdc,cdround"
5837917935,Incilius valliceps,"Incilius valliceps (Wiegmann, 1833)",-87.315901,20.395973,2155,HUMAN_OBSERVATION,iNaturalist,50c9509d-22c7-4a22-a47d-8c48425ef4a7,MX,Quintana Roo,2025,2025-09-19T22:39:32,"cdc,cdround"
5838150765,Incilius valliceps,"Incilius valliceps (Wiegmann, 1833)",-87.737541,20.49412,NA,HUMAN_OBSERVATION,iNaturalist,50c9509d-22c7-4a22-a47d-8c48425ef4a7,MX,Quintana Roo,2025,2025-09-13T23:13:43,"cdc,cdround"
5838322956,Incilius valliceps,"Incilius valliceps (Wiegmann, 1833)",-96.902896,18.860708,195,HUMAN_OBSERVATION,iNaturalist,50c9509d-22c7-4a22-a47d-8c48425ef4a7,MX,Veracruz,2025,2025-09-24,"cdc,cdround"
5839818658,Incilius valliceps,"Incilius valliceps (Wiegmann, 1833)",-97.039897,19.020837,15,HUMAN_OBSERVATION,iNaturalist,50c9509d-22c7-4a22-a47d-8c48425ef4a7,MX,Veracruz,2025,2025-09-30T11:13,"cdc,cdround"
5840095161,Incilius valliceps,"Incilius valliceps (Wiegmann, 1833)",-87.332553,20.417774,2152,HUMAN_OBSERVATION,iNaturalist,50c9509d-22c7-4a22-a47d-8c48425ef4a7,MX,Quintana Roo,2025,2025-09-19T22:56,"cdc,cdround"
5840387032,Incilius valliceps,"Incilius valliceps (Wiegmann, 1833)",-87.116978,20.856752,122,HUMAN_OBSERVATION,iNaturalist,50c9509d-22c7-4a22-a47d-8c48425ef4a7,MX,Quintana Roo,2025,2025-09-30T13:45,"cdc,cdround"
5840478988,Incilius valliceps,"Incilius valliceps (Wiegmann, 1833)",-89.624874,20.867475,84,HUMAN_OBSERVATION,iNaturalist,50c9509d-22c7-4a22-a47d-8c48425ef4a7,MX,Yucatán,2025,2025-09-19T12:39:29,"cdc,cdround"
5843937976,Incilius valliceps,"Incilius valliceps (Wiegmann, 1833)",-87.813115,18.340982,641,HUMAN_OBSERVATION,iNaturalist,50c9509d-22c7-4a22-a47d-8c48425ef4a7,MX,Quintana Roo,2025,2025-09-17T02:42,"cdc,cdround"
5844061447,Incilius valliceps,"Incilius valliceps (Wiegmann, 1833)",-87.077094,20.863389,36,HUMAN_OBSERVATION,iNaturalist,50c9509d-22c7-4a22-a47d-8c48425ef4a7,MX,Quintana Roo,2025,2025-09-08T20:23,"cdc,cdround"
5844068992,Incilius valliceps,"Incilius valliceps (Wiegmann, 1833)",-89.884292,18.456026,8010,HUMAN_OBSERVATION,iNaturalist,50c9509d-22c7-4a22-a47d-8c48425ef4a7,MX,Campeche,2025,2025-09-20T02:30,"cdc,cdround"
5844109184,Incilius valliceps,"Incilius valliceps (Wiegmann, 1833)",-87.464212,20.246483,4,HUMAN_OBSERVATION,iNaturalist,50c9509d-22c7-4a22-a47d-8c48425ef4a7,MX,Quintana Roo,2025,2025-09-24T09:11:04,"cdc,cdround"
5844224058,Incilius valliceps,"Incilius valliceps (Wiegmann, 1833)",-89.624297,20.867358,131,HUMAN_OBSERVATION,iNaturalist,50c9509d-22c7-4a22-a47d-8c48425ef4a7,MX,Yucatán,2025,2025-09-29T23:02,"cdc,cdround"
5844311109,Incilius valliceps,"Incilius valliceps (Wiegmann, 1833)",-89.884292,18.456026,8010,HUMAN_OBSERVATION,iNaturalist,50c9509d-22c7-4a22-a47d-8c48425ef4a7,MX,Campeche,2025,2025-09-20T02:35,"cdc,cdround"
5844402118,Incilius valliceps,"Incilius valliceps (Wiegmann, 1833)",-87.347902,20.362932,NA,HUMAN_OBSERVATION,iNaturalist,50c9509d-22c7-4a22-a47d-8c48425ef4a7,MX,Quintana Roo,2025,2025-09-27T21:01:20,"cdc,cdround"
5844481498,Incilius valliceps,"Incilius valliceps (Wiegmann, 1833)",-86.933338,20.472742,NA,HUMAN_OBSERVATION,iNaturalist,50c9509d-22c7-4a22-a47d-8c48425ef4a7,MX,Quintana Roo,2025,2025-09-11T01:03:03,"cdc,cdround"
5844521120,Incilius valliceps,"Incilius valliceps (Wiegmann, 1833)",-89.884292,18.456026,8010,HUMAN_OBSERVATION,iNaturalist,50c9509d-22c7-4a22-a47d-8c48425ef4a7,MX,Campeche,2025,2025-09-20T02:32,"cdc,cdround"
5844548491,Incilius valliceps,"Incilius valliceps (Wiegmann, 1833)",-89.884292,18.456026,8010,HUMAN_OBSERVATION,iNaturalist,50c9509d-22c7-4a22-a47d-8c48425ef4a7,MX,Campeche,2025,2025-09-20T02:32,"cdc,cdround"
5867714626,Incilius valliceps,"Incilius valliceps (Wiegmann, 1833)",-88.10207,20.566201,NA,HUMAN_OBSERVATION,iNaturalist,50c9509d-22c7-4a22-a47d-8c48425ef4a7,MX,Yucatán,2025,2025-09-25T02:08,"cdc,cdround"
5867778785,Incilius valliceps,"Incilius valliceps (Wiegmann, 1833)",-88.127375,20.579378,NA,HUMAN_OBSERVATION,iNaturalist,50c9509d-22c7-4a22-a47d-8c48425ef4a7,MX,Yucatán,2025,2025-09-25T03:54,"cdc,cdround"
5867913229,Incilius valliceps,"Incilius valliceps (Wiegmann, 1833)",-89.901217,18.40541,NA,HUMAN_OBSERVATION,iNaturalist,50c9509d-22c7-4a22-a47d-8c48425ef4a7,MX,Campeche,2025,2025-09-21T01:35,"cdc,cdround"
5868004907,Incilius valliceps,"Incilius valliceps (Wiegmann, 1833)",-89.889618,18.425895,NA,HUMAN_OBSERVATION,iNaturalist,50c9509d-22c7-4a22-a47d-8c48425ef4a7,MX,Campeche,2025,2025-09-21T01:55,"cdc,cdround"
5868275480,Incilius valliceps,"Incilius valliceps (Wiegmann, 1833)",-88.128594,20.58145,NA,HUMAN_OBSERVATION,iNaturalist,50c9509d-22c7-4a22-a47d-8c48425ef4a7,MX,Yucatán,2025,2025-09-25T03:57,"cdc,cdround"
5889310322,Incilius valliceps,"Incilius valliceps (Wiegmann, 1833)",-88.101543,20.56639,NA,HUMAN_OBSERVATION,iNaturalist,50c9509d-22c7-4a22-a47d-8c48425ef4a7,MX,Yucatán,2025,2025-09-25T01:06,"cdc,cdround"
5889802445,Incilius valliceps,"Incilius valliceps (Wiegmann, 1833)",-86.959403,21.105075,12,HUMAN_OBSERVATION,iNaturalist,50c9509d-22c7-4a22-a47d-8c48425ef4a7,MX,Quintana Roo,2025,2025-09-20T21:43:46,"cdc,cdround"
5889876836,Incilius valliceps,"Incilius valliceps (Wiegmann, 1833)",-97.060231,18.715102,NA,HUMAN_OBSERVATION,iNaturalist,50c9509d-22c7-4a22-a47d-8c48425ef4a7,MX,Veracruz,2025,2025-09-05T15:17:58,"cdc,cdround"
5889887820,Incilius valliceps,"Incilius valliceps (Wiegmann, 1833)",-87.388712,20.32557,8,HUMAN_OBSERVATION,iNaturalist,50c9509d-22c7-4a22-a47d-8c48425ef4a7,MX,Quintana Roo,2025,2025-09-25T10:37,"cdc,cdround"
5889987211,Incilius valliceps,"Incilius valliceps (Wiegmann, 1833)",-88.852906,17.157149,111,HUMAN_OBSERVATION,iNaturalist,50c9509d-22c7-4a22-a47d-8c48425ef4a7,BZ,Cayo,2025,2025-09-24T10:16:46,"cdc,cdround"
5890059542,Incilius valliceps,"Incilius valliceps (Wiegmann, 1833)",-87.830833,18.302994,61,HUMAN_OBSERVATION,iNaturalist,50c9509d-22c7-4a22-a47d-8c48425ef4a7,MX,Quintana Roo,2025,2025-09-17T01:42,"cdc,cdround"
5897216529,Incilius valliceps,"Incilius valliceps (Wiegmann, 1833)",-96.902747,18.860753,11,HUMAN_OBSERVATION,iNaturalist,50c9509d-22c7-4a22-a47d-8c48425ef4a7,MX,Veracruz,2025,2025-09-10T07:38:24,"cdc,cdround"
5897342461,Incilius valliceps,"Incilius valliceps (Wiegmann, 1833)",-89.455687,18.377018,12324,HUMAN_OBSERVATION,iNaturalist,50c9509d-22c7-4a22-a47d-8c48425ef4a7,MX,Campeche,2025,2025-09-15T12:26,"cdc,cdround"
5908898273,Incilius valliceps,"Incilius valliceps (Wiegmann, 1833)",-84.64416,13.992115,NA,HUMAN_OBSERVATION,iNaturalist,50c9509d-22c7-4a22-a47d-8c48425ef4a7,NI,Atlántico Norte,2025,2025-09-15T16:44:06,"cdc,cdround"
5920181763,Incilius valliceps,"Incilius valliceps (Wiegmann, 1833)",-89.472972,18.399809,NA,HUMAN_OBSERVATION,iNaturalist,50c9509d-22c7-4a22-a47d-8c48425ef4a7,MX,Campeche,2025,2025-09-15T01:00,cdc
5932436125,Incilius valliceps,"Incilius valliceps (Wiegmann, 1833)",-95.074692,18.585067,12,HUMAN_OBSERVATION,iNaturalist,50c9509d-22c7-4a22-a47d-8c48425ef4a7,MX,Veracruz,2025,2025-09-17T00:58:07,"cdc,cdround"
5935419178,Incilius valliceps,"Incilius valliceps (Wiegmann, 1833)",-89.900706,18.398925,NA,HUMAN_OBSERVATION,iNaturalist,50c9509d-22c7-4a22-a47d-8c48425ef4a7,MX,Campeche,2025,2025-09-21T02:29,"cdc,cdround"
5935724307,Incilius valliceps,"Incilius valliceps (Wiegmann, 1833)",-89.898353,18.388721,NA,HUMAN_OBSERVATION,iNaturalist,50c9509d-22c7-4a22-a47d-8c48425ef4a7,MX,Campeche,2025,2025-09-21T02:21,"cdc,cdround"
6159460551,Incilius valliceps,"Incilius valliceps (Wiegmann, 1833)",-96.964151,19.179978,233,HUMAN_OBSERVATION,iNaturalist,50c9509d-22c7-4a22-a47d-8c48425ef4a7,MX,Veracruz,2025,2025-09-06T13:18:17,"cdc,cdround"
6179433232,Incilius valliceps,"Incilius valliceps (Wiegmann, 1833)",-96.903237,18.860985,5,HUMAN_OBSERVATION,iNaturalist,50c9509d-22c7-4a22-a47d-8c48425ef4a7,MX,Veracruz,2025,2025-09-22T10:02:24,"cdc,cdround"
6234420817,Incilius valliceps,"Incilius valliceps (Wiegmann, 1833)",-96.915642,19.509989,NA,HUMAN_OBSERVATION,iNaturalist,50c9509d-22c7-4a22-a47d-8c48425ef4a7,MX,Veracruz,2025,2025-09-20T22:04:45,"cdc,cdround"
6440944594,Incilius valliceps,"Incilius valliceps (Wiegmann, 1833)",-88.851888,17.156497,4,HUMAN_OBSERVATION,iNaturalist,50c9509d-22c7-4a22-a47d-8c48425ef4a7,BZ,Cayo,2025,2025-09-24T10:15:44,"cdc,cdround"
6479144204,Incilius valliceps,"Incilius valliceps (Wiegmann, 1833)",-97.002189,18.838812,7,HUMAN_OBSERVATION,iNaturalist,50c9509d-22c7-4a22-a47d-8c48425ef4a7,MX,Veracruz,2025,2025-09-04T08:55:09,"cdc,cdround"
6479212584,Incilius valliceps,"Incilius valliceps (Wiegmann, 1833)",-94.640752,17.996538,52,HUMAN_OBSERVATION,iNaturalist,50c9509d-22c7-4a22-a47d-8c48425ef4a7,MX,Veracruz,2025,2025-09-13T07:25:37,"cdc,cdround"
6479979464,Incilius valliceps,"Incilius valliceps (Wiegmann, 1833)",-97.002308,18.834127,1,HUMAN_OBSERVATION,iNaturalist,50c9509d-22c7-4a22-a47d-8c48425ef4a7,MX,Veracruz,2025,2025-09-05T09:53:25,"cdc,cdround"
6480431903,Incilius valliceps,"Incilius valliceps (Wiegmann, 1833)",-96.991645,18.896063,6,HUMAN_OBSERVATION,iNaturalist,50c9509d-22c7-4a22-a47d-8c48425ef4a7,MX,Veracruz,2025,2025-09-12T21:23:37,"cdc,cdround"
6480883515,Incilius valliceps,"Incilius valliceps (Wiegmann, 1833)",-96.988205,18.894907,NA,HUMAN_OBSERVATION,iNaturalist,50c9509d-22c7-4a22-a47d-8c48425ef4a7,MX,Veracruz,2025,2025-09-06T16:06:16,"cdc,cdround"
6518715489,Incilius valliceps,"Incilius valliceps (Wiegmann, 1833)",-88.319672,18.53063,NA,HUMAN_OBSERVATION,iNaturalist,50c9509d-22c7-4a22-a47d-8c48425ef4a7,MX,Quintana Roo,2025,2025-09-17T19:40,"cdc,cdround"
5839804715,Incilius valliceps,"Incilius valliceps (Wiegmann, 1833)",-87.077745,20.6746,3,HUMAN_OBSERVATION,iNaturalist,50c9509d-22c7-4a22-a47d-8c48425ef4a7,MX,Quintana Roo,2025,2025-10-04T20:52:32,"cdc,cdround"
5839807587,Incilius valliceps,"Incilius valliceps (Wiegmann, 1833)",-89.699193,21.001745,1889,HUMAN_OBSERVATION,iNaturalist,50c9509d-22c7-4a22-a47d-8c48425ef4a7,MX,Yucatán,2025,2025-10-04T16:10,"cdc,cdround"
5839862148,Incilius valliceps,"Incilius valliceps (Wiegmann, 1833)",-86.903162,20.864322,4,HUMAN_OBSERVATION,iNaturalist,50c9509d-22c7-4a22-a47d-8c48425ef4a7,MX,Quintana Roo,2025,2025-10-05T07:36:44,"cdc,cdround"
5839919261,Incilius valliceps,"Incilius valliceps (Wiegmann, 1833)",-87.076393,20.862738,NA,HUMAN_OBSERVATION,iNaturalist,50c9509d-22c7-4a22-a47d-8c48425ef4a7,MX,Quintana Roo,2025,2025-10-05T09:16:34,"cdc,cdround"
5839946700,Incilius valliceps,"Incilius valliceps (Wiegmann, 1833)",-93.228632,18.248347,NA,HUMAN_OBSERVATION,iNaturalist,50c9509d-22c7-4a22-a47d-8c48425ef4a7,MX,Tabasco,2025,2025-10-06T20:43:22,"cdc,cdround"
5840017171,Incilius valliceps,"Incilius valliceps (Wiegmann, 1833)",-86.963783,21.109908,9,HUMAN_OBSERVATION,iNaturalist,50c9509d-22c7-4a22-a47d-8c48425ef4a7,MX,Quintana Roo,2025,2025-10-04T19:40:59,"cdc,cdround"
5840019296,Incilius valliceps,"Incilius valliceps (Wiegmann, 1833)",-89.612503,21.067558,2,HUMAN_OBSERVATION,iNaturalist,50c9509d-22c7-4a22-a47d-8c48425ef4a7,MX,Yucatán,2025,2025-10-03T18:13,"cdc,cdround"
5840072930,Incilius valliceps,"Incilius valliceps (Wiegmann, 1833)",-88.172535,21.158482,NA,HUMAN_OBSERVATION,iNaturalist,50c9509d-22c7-4a22-a47d-8c48425ef4a7,MX,Yucatán,2025,2025-10-03T11:02:28,"cdc,cdround"
5840081931,Incilius valliceps,"Incilius valliceps (Wiegmann, 1833)",-87.043846,20.684973,NA,HUMAN_OBSERVATION,iNaturalist,50c9509d-22c7-4a22-a47d-8c48425ef4a7,MX,Quintana Roo,2025,2025-10-02T18:59:40,"cdc,cdround"
5840236361,Incilius valliceps,"Incilius valliceps (Wiegmann, 1833)",-90.29288,17.247216,209,HUMAN_OBSERVATION,iNaturalist,50c9509d-22c7-4a22-a47d-8c48425ef4a7,GT,Petén,2025,2025-10-05T19:09:03,"cdc,cdround"
5840268538,Incilius valliceps,"Incilius valliceps (Wiegmann, 1833)",-88.173644,21.158358,NA,HUMAN_OBSERVATION,iNaturalist,50c9509d-22c7-4a22-a47d-8c48425ef4a7,MX,Yucatán,2025,2025-10-06T07:39:17,"cdc,cdround"
5840320758,Incilius valliceps,"Incilius valliceps (Wiegmann, 1833)",-88.160808,21.147703,NA,HUMAN_OBSERVATION,iNaturalist,50c9509d-22c7-4a22-a47d-8c48425ef4a7,MX,Yucatán,2025,2025-10-03T17:30:15,"cdc,cdround"
5840326933,Incilius valliceps,"Incilius valliceps (Wiegmann, 1833)",-88.173629,21.158406,NA,HUMAN_OBSERVATION,iNaturalist,50c9509d-22c7-4a22-a47d-8c48425ef4a7,MX,Yucatán,2025,2025-10-06T07:40:45,"cdc,cdround"
5840407221,Incilius valliceps,"Incilius valliceps (Wiegmann, 1833)",-88.233413,21.56376,5,HUMAN_OBSERVATION,iNaturalist,50c9509d-22c7-4a22-a47d-8c48425ef4a7,MX,Yucatán,2025,2025-10-05T17:32:19,"cdc,cdround"
5840513237,Incilius valliceps,"Incilius valliceps (Wiegmann, 1833)",-88.173645,21.15847,15,HUMAN_OBSERVATION,iNaturalist,50c9509d-22c7-4a22-a47d-8c48425ef4a7,MX,Yucatán,2025,2025-10-06T07:41:04,"cdc,cdround"
5840535333,Incilius valliceps,"Incilius valliceps (Wiegmann, 1833)",-87.078094,20.6748,5,HUMAN_OBSERVATION,iNaturalist,50c9509d-22c7-4a22-a47d-8c48425ef4a7,MX,Quintana Roo,2025,2025-10-06T20:02,"cdc,cdround"
5843951480,Incilius valliceps,"Incilius valliceps (Wiegmann, 1833)",-86.904581,20.869802,NA,HUMAN_OBSERVATION,iNaturalist,50c9509d-22c7-4a22-a47d-8c48425ef4a7,MX,Quintana Roo,2025,2025-10-11T09:24:38,"cdc,cdround"
5844052128,Incilius valliceps,"Incilius valliceps (Wiegmann, 1833)",-88.7938,18.420508,2,HUMAN_OBSERVATION,iNaturalist,50c9509d-22c7-4a22-a47d-8c48425ef4a7,MX,Quintana Roo,2025,2025-10-09T13:47,"cdc,cdround"
5844160574,Incilius valliceps,"Incilius valliceps (Wiegmann, 1833)",-97.053917,19.02126,3207,HUMAN_OBSERVATION,iNaturalist,50c9509d-22c7-4a22-a47d-8c48425ef4a7,MX,Veracruz,2025,2025-10-03T14:36:44,"cdc,cdround"
5844183657,Incilius valliceps,"Incilius valliceps (Wiegmann, 1833)",-87.732208,20.490162,2,HUMAN_OBSERVATION,iNaturalist,50c9509d-22c7-4a22-a47d-8c48425ef4a7,MX,Quintana Roo,2025,2025-10-09T11:17:08,"cdc,cdround"
5844398754,Incilius valliceps,"Incilius valliceps (Wiegmann, 1833)",-90.292698,17.246768,8,HUMAN_OBSERVATION,iNaturalist,50c9509d-22c7-4a22-a47d-8c48425ef4a7,GT,Petén,2025,2025-10-11T08:54:58,"cdc,cdround"
5844493035,Incilius valliceps,"Incilius valliceps (Wiegmann, 1833)",-86.832504,21.116411,NA,HUMAN_OBSERVATION,iNaturalist,50c9509d-22c7-4a22-a47d-8c48425ef4a7,MX,Quintana Roo,2025,2025-10-12T09:36:55,"cdc,cdround"
5844515105,Incilius valliceps,"Incilius valliceps (Wiegmann, 1833)",-87.219758,20.506767,20,HUMAN_OBSERVATION,iNaturalist,50c9509d-22c7-4a22-a47d-8c48425ef4a7,MX,Quintana Roo,2025,2025-10-03T07:16:45,"cdc,cdround"
5844616402,Incilius valliceps,"Incilius valliceps (Wiegmann, 1833)",-87.306105,20.410925,3,HUMAN_OBSERVATION,iNaturalist,50c9509d-22c7-4a22-a47d-8c48425ef4a7,MX,Quintana Roo,2025,2025-10-04T23:32:08,cdc
5867732781,Incilius valliceps,"Incilius valliceps (Wiegmann, 1833)",-88.263634,18.544267,NA,HUMAN_OBSERVATION,iNaturalist,50c9509d-22c7-4a22-a47d-8c48425ef4a7,MX,Quintana Roo,2025,2025-10-17,cdc
5867743578,Incilius valliceps,"Incilius valliceps (Wiegmann, 1833)",-88.768644,17.245247,6,HUMAN_OBSERVATION,iNaturalist,50c9509d-22c7-4a22-a47d-8c48425ef4a7,BZ,Cayo,2025,2025-10-15T09:47,"cdc,cdround"
5867954006,Incilius valliceps,"Incilius valliceps (Wiegmann, 1833)",-88.26328,18.544612,10,HUMAN_OBSERVATION,iNaturalist,50c9509d-22c7-4a22-a47d-8c48425ef4a7,MX,Quintana Roo,2025,2025-10-17T19:49:18,"cdc,cdround"
5868060643,Incilius valliceps,"Incilius valliceps (Wiegmann, 1833)",-89.407295,18.54844,30649,HUMAN_OBSERVATION,iNaturalist,50c9509d-22c7-4a22-a47d-8c48425ef4a7,MX,Campeche,2025,2025-10-20T18:03:41,"cdc,cdround"
5868275320,Incilius valliceps,"Incilius valliceps (Wiegmann, 1833)",-87.435109,20.206162,619,HUMAN_OBSERVATION,iNaturalist,50c9509d-22c7-4a22-a47d-8c48425ef4a7,MX,Quintana Roo,2025,2025-10-15T21:00:29,"cdc,cdround"
5889468045,Incilius valliceps,"Incilius valliceps (Wiegmann, 1833)",-89.103089,17.538242,13,HUMAN_OBSERVATION,iNaturalist,50c9509d-22c7-4a22-a47d-8c48425ef4a7,BZ,Orange Walk,2025,2025-10-24T10:10:06,"cdc,cdround"
5889546367,Incilius valliceps,"Incilius valliceps (Wiegmann, 1833)",-86.956875,20.772535,15,HUMAN_OBSERVATION,iNaturalist,50c9509d-22c7-4a22-a47d-8c48425ef4a7,MX,Quintana Roo,2025,2025-10-28T17:06,"cdc,cdround"
5890102283,Incilius valliceps,"Incilius valliceps (Wiegmann, 1833)",-85.558637,13.236547,746,HUMAN_OBSERVATION,iNaturalist,50c9509d-22c7-4a22-a47d-8c48425ef4a7,NI,Matagalpa,2025,2025-10-26T17:50:26,"cdc,cdround"
5890153040,Incilius valliceps,"Incilius valliceps (Wiegmann, 1833)",-87.077919,20.674995,19,HUMAN_OBSERVATION,iNaturalist,50c9509d-22c7-4a22-a47d-8c48425ef4a7,MX,Quintana Roo,2025,2025-10-27T18:35:49,"cdc,cdround"
5890366229,Incilius valliceps,"Incilius valliceps (Wiegmann, 1833)",-89.624233,20.869666,122,HUMAN_OBSERVATION,iNaturalist,50c9509d-22c7-4a22-a47d-8c48425ef4a7,MX,Yucatán,2025,2025-10-21T07:47,"cdc,cdround"
5890372248,Incilius valliceps,"Incilius valliceps (Wiegmann, 1833)",-88.309085,18.529096,10,HUMAN_OBSERVATION,iNaturalist,50c9509d-22c7-4a22-a47d-8c48425ef4a7,MX,Quintana Roo,2025,2025-10-28T14:08:42,"cdc,cdround"
5890374180,Incilius valliceps,"Incilius valliceps (Wiegmann, 1833)",-87.218645,20.506163,15,HUMAN_OBSERVATION,iNaturalist,50c9509d-22c7-4a22-a47d-8c48425ef4a7,MX,Quintana Roo,2025,2025-10-22T20:10:25,"cdc,cdround"
5892421331,Incilius valliceps,"Incilius valliceps (Wiegmann, 1833)",-89.60981,17.22592,36,HUMAN_OBSERVATION,iNaturalist,50c9509d-22c7-4a22-a47d-8c48425ef4a7,GT,Petén,2025,2025-10-17T18:13,cdc
5892695665,Incilius valliceps,"Incilius valliceps (Wiegmann, 1833)",-95.041137,16.892588,41,HUMAN_OBSERVATION,iNaturalist,50c9509d-22c7-4a22-a47d-8c48425ef4a7,MX,Oaxaca,2025,2025-10-20T11:39,"cdc,cdround"
5892734297,Incilius valliceps,"Incilius valliceps (Wiegmann, 1833)",-90.623867,19.272914,73,HUMAN_OBSERVATION,iNaturalist,50c9509d-22c7-4a22-a47d-8c48425ef4a7,MX,Campeche,2025,2025-10-19T19:16:19,"cdc,cdround"
5903772146,Incilius valliceps,"Incilius valliceps (Wiegmann, 1833)",-90.623862,19.272331,43,HUMAN_OBSERVATION,iNaturalist,50c9509d-22c7-4a22-a47d-8c48425ef4a7,MX,Campeche,2025,2025-10-19T19:16:19,"cdc,cdround"
5908852275,Incilius valliceps,"Incilius valliceps (Wiegmann, 1833)",-87.22637,14.097337,5,HUMAN_OBSERVATION,iNaturalist,50c9509d-22c7-4a22-a47d-8c48425ef4a7,HN,Francisco Morazán,2025,2025-10-01T20:37,"cdc,cdround"
5908893867,Incilius valliceps,"Incilius valliceps (Wiegmann, 1833)",-87.077919,20.674995,19,HUMAN_OBSERVATION,iNaturalist,50c9509d-22c7-4a22-a47d-8c48425ef4a7,MX,Quintana Roo,2025,2025-10-27T18:35:49,"cdc,cdround"
5932275003,Incilius valliceps,"Incilius valliceps (Wiegmann, 1833)",-86.831462,20.987136,689,HUMAN_OBSERVATION,iNaturalist,50c9509d-22c7-4a22-a47d-8c48425ef4a7,MX,Quintana Roo,2025,2025-10-27T22:19,"cdc,cdround"
5932744763,Incilius valliceps,"Incilius valliceps (Wiegmann, 1833)",-89.505245,18.516995,367,HUMAN_OBSERVATION,iNaturalist,50c9509d-22c7-4a22-a47d-8c48425ef4a7,MX,Campeche,2025,2025-10-29T03:08,"cdc,cdround"
5935171101,Incilius valliceps,"Incilius valliceps (Wiegmann, 1833)",-87.668419,20.436067,4,HUMAN_OBSERVATION,iNaturalist,50c9509d-22c7-4a22-a47d-8c48425ef4a7,MX,Quintana Roo,2025,2025-10-26T12:07:55,"cdc,cdround"
5935493111,Incilius valliceps,"Incilius valliceps (Wiegmann, 1833)",-88.020374,15.55563,NA,HUMAN_OBSERVATION,iNaturalist,50c9509d-22c7-4a22-a47d-8c48425ef4a7,HN,Cortés,2025,2025-10-24T19:04:33,"cdc,cdround"
5935624158,Incilius valliceps,"Incilius valliceps (Wiegmann, 1833)",-87.1283,20.586656,100,HUMAN_OBSERVATION,iNaturalist,50c9509d-22c7-4a22-a47d-8c48425ef4a7,MX,Quintana Roo,2025,2025-10-17T14:27:27,"cdc,cdround"
5935705635,Incilius valliceps,"Incilius valliceps (Wiegmann, 1833)",-91.66361,17.830408,30699,HUMAN_OBSERVATION,iNaturalist,50c9509d-22c7-4a22-a47d-8c48425ef4a7,MX,NA,2025,2025-10-23T13:12:33,"cdc,cdround"
5935822109,Incilius valliceps,"Incilius valliceps (Wiegmann, 1833)",-90.715485,18.559697,30649,HUMAN_OBSERVATION,iNaturalist,50c9509d-22c7-4a22-a47d-8c48425ef4a7,MX,Campeche,2025,2025-10-21T15:07:50,"cdc,cdround"
5935897868,Incilius valliceps,"Incilius valliceps (Wiegmann, 1833)",-86.920328,20.489741,NA,HUMAN_OBSERVATION,iNaturalist,50c9509d-22c7-4a22-a47d-8c48425ef4a7,MX,Quintana Roo,2025,2025-10-25T19:54:58,"cdc,cdround"
5936273584,Incilius valliceps,"Incilius valliceps (Wiegmann, 1833)",-85.912338,14.875236,900,HUMAN_OBSERVATION,iNaturalist,50c9509d-22c7-4a22-a47d-8c48425ef4a7,HN,Olancho,2025,2025-10-28T15:14:15,"cdc,cdround"
5936302372,Incilius valliceps,"Incilius valliceps (Wiegmann, 1833)",-89.505245,18.516995,367,HUMAN_OBSERVATION,iNaturalist,50c9509d-22c7-4a22-a47d-8c48425ef4a7,MX,Campeche,2025,2025-10-29T05:44,"cdc,cdround"
6147488032,Incilius valliceps,"Incilius valliceps (Wiegmann, 1833)",-91.639883,17.809516,8650,HUMAN_OBSERVATION,iNaturalist,50c9509d-22c7-4a22-a47d-8c48425ef4a7,MX,Tabasco,2025,2025-10-09T19:49,"cdc,cdround"
6159242214,Incilius valliceps,"Incilius valliceps (Wiegmann, 1833)",-96.962077,19.173998,56,HUMAN_OBSERVATION,iNaturalist,50c9509d-22c7-4a22-a47d-8c48425ef4a7,MX,Veracruz,2025,2025-10-23T11:16:29,"cdc,cdround"
6159256326,Incilius valliceps,"Incilius valliceps (Wiegmann, 1833)",-96.960998,19.175657,65,HUMAN_OBSERVATION,iNaturalist,50c9509d-22c7-4a22-a47d-8c48425ef4a7,MX,Veracruz,2025,2025-10-23T11:15:56,"cdc,cdround"
6159260053,Incilius valliceps,"Incilius valliceps (Wiegmann, 1833)",-96.966592,19.178697,NA,HUMAN_OBSERVATION,iNaturalist,50c9509d-22c7-4a22-a47d-8c48425ef4a7,MX,Veracruz,2025,2025-10-23T11:19:45,"cdc,cdround"
6159264122,Incilius valliceps,"Incilius valliceps (Wiegmann, 1833)",-96.962059,19.174011,241,HUMAN_OBSERVATION,iNaturalist,50c9509d-22c7-4a22-a47d-8c48425ef4a7,MX,Veracruz,2025,2025-10-23T11:19:25,"cdc,cdround"
6159314192,Incilius valliceps,"Incilius valliceps (Wiegmann, 1833)",-89.645785,21.139321,687,HUMAN_OBSERVATION,iNaturalist,50c9509d-22c7-4a22-a47d-8c48425ef4a7,MX,Yucatán,2025,2025-10-26T09:56:17,"cdc,cdround"
6179399663,Incilius valliceps,"Incilius valliceps (Wiegmann, 1833)",-86.839603,20.984079,1803,HUMAN_OBSERVATION,iNaturalist,50c9509d-22c7-4a22-a47d-8c48425ef4a7,MX,Quintana Roo,2025,2025-10-27T22:19,"cdc,cdround"
6179411823,Incilius valliceps,"Incilius valliceps (Wiegmann, 1833)",-95.982211,19.057909,7,HUMAN_OBSERVATION,iNaturalist,50c9509d-22c7-4a22-a47d-8c48425ef4a7,MX,Veracruz,2025,2025-10-26T16:51:25,"cdc,cdround"
6188675626,Incilius valliceps,"Incilius valliceps (Wiegmann, 1833)",-94.373766,18.122963,NA,HUMAN_OBSERVATION,iNaturalist,50c9509d-22c7-4a22-a47d-8c48425ef4a7,MX,Veracruz,2025,2025-10-15T12:33,"cdc,cdround"
6252581596,Incilius valliceps,"Incilius valliceps (Wiegmann, 1833)",-85.838937,14.826675,3,HUMAN_OBSERVATION,iNaturalist,50c9509d-22c7-4a22-a47d-8c48425ef4a7,HN,Olancho,2025,2025-10-27T13:37:02,"cdc,cdround"
6399682185,Incilius valliceps,"Incilius valliceps (Wiegmann, 1833)",-88.566887,17.052053,4,HUMAN_OBSERVATION,iNaturalist,50c9509d-22c7-4a22-a47d-8c48425ef4a7,BZ,Cayo,2025,2025-10-29T08:32:19,"cdc,cdround"
6400023923,Incilius valliceps,"Incilius valliceps (Wiegmann, 1833)",-94.442628,18.019006,6,HUMAN_OBSERVATION,iNaturalist,50c9509d-22c7-4a22-a47d-8c48425ef4a7,MX,Veracruz,2025,2025-10-20T18:01:16,"cdc,cdround"
6423002674,Incilius valliceps,"Incilius valliceps (Wiegmann, 1833)",-89.479883,18.514841,883,HUMAN_OBSERVATION,iNaturalist,50c9509d-22c7-4a22-a47d-8c48425ef4a7,MX,Campeche,2025,2025-10-29T03:08,"cdc,cdround"
6451661441,Incilius valliceps,"Incilius valliceps (Wiegmann, 1833)",-91.17671,18.96668,78,HUMAN_OBSERVATION,iNaturalist,50c9509d-22c7-4a22-a47d-8c48425ef4a7,MX,Campeche,2025,2025-10-08T14:28:46,"cdc,cdround"
6481076568,Incilius valliceps,"Incilius valliceps (Wiegmann, 1833)",-96.762947,19.413953,4,HUMAN_OBSERVATION,iNaturalist,50c9509d-22c7-4a22-a47d-8c48425ef4a7,MX,Veracruz,2025,2025-10-18T10:42:02,"cdc,cdround"
6499098346,Incilius valliceps,"Incilius valliceps (Wiegmann, 1833)",-88.920866,20.113388,163,HUMAN_OBSERVATION,iNaturalist,50c9509d-22c7-4a22-a47d-8c48425ef4a7,MX,Yucatán,2025,2025-10-29T05:37:23,"cdc,cdround"
5892364081,Incilius valliceps,"Incilius valliceps (Wiegmann, 1833)",-87.391883000000007,20.469133,4,HUMAN_OBSERVATION,iNaturalist,50c9509d-22c7-4a22-a47d-8c48425ef4a7,MX,Quintana Roo,2025,2025-11-06T10:05:43,"cdc,cdround"
5892710395,Incilius valliceps,"Incilius valliceps (Wiegmann, 1833)",-85.473464,13.290536,100,HUMAN_OBSERVATION,iNaturalist,50c9509d-22c7-4a22-a47d-8c48425ef4a7,NI,Matagalpa,2025,2025-11-03T12:46:35,"cdc,cdround"
5892803830,Incilius valliceps,"Incilius valliceps (Wiegmann, 1833)",-87.072634,20.626216,30,HUMAN_OBSERVATION,iNaturalist,50c9509d-22c7-4a22-a47d-8c48425ef4a7,MX,Quintana Roo,2025,2025-11-06T10:11:39,"cdc,cdround"
5892905661,Incilius valliceps,"Incilius valliceps (Wiegmann, 1833)",-95.562362,17.686945,7,HUMAN_OBSERVATION,iNaturalist,50c9509d-22c7-4a22-a47d-8c48425ef4a7,MX,Veracruz,2025,2025-11-09T12:04:34,"cdc,cdround"
5897075279,Incilius valliceps,"Incilius valliceps (Wiegmann, 1833)",-89.674736,21.022994,NA,HUMAN_OBSERVATION,iNaturalist,50c9509d-22c7-4a22-a47d-8c48425ef4a7,MX,Yucatán,2025,2025-11-13T20:41,"cdc,cdround"
5897106189,Incilius valliceps,"Incilius valliceps (Wiegmann, 1833)",-88.308245,18.519602,NA,HUMAN_OBSERVATION,iNaturalist,50c9509d-22c7-4a22-a47d-8c48425ef4a7,MX,Quintana Roo,2025,2025-11-16T18:37:40,"cdc,cdround"
5897124043,Incilius valliceps,"Incilius valliceps (Wiegmann, 1833)",-90.81245,18.606575,NA,HUMAN_OBSERVATION,iNaturalist,50c9509d-22c7-4a22-a47d-8c48425ef4a7,MX,Campeche,2025,2025-11-15T07:27:34,"cdc,cdround"
5897203729,Incilius valliceps,"Incilius valliceps (Wiegmann, 1833)",-88.365876,16.516204,NA,HUMAN_OBSERVATION,iNaturalist,50c9509d-22c7-4a22-a47d-8c48425ef4a7,BZ,Stann Creek,2025,2025-11-08T09:47:44,"cdc,cdround"
5897494389,Incilius valliceps,"Incilius valliceps (Wiegmann, 1833)",-90.868039,18.615733,NA,HUMAN_OBSERVATION,iNaturalist,50c9509d-22c7-4a22-a47d-8c48425ef4a7,MX,Campeche,2025,2025-11-15T07:27:40,"cdc,cdround"
5897830520,Incilius valliceps,"Incilius valliceps (Wiegmann, 1833)",-87.72583,20.49043,4,HUMAN_OBSERVATION,iNaturalist,50c9509d-22c7-4a22-a47d-8c48425ef4a7,MX,Quintana Roo,2025,2025-11-18T10:30:20,cdc
5897847660,Incilius valliceps,"Incilius valliceps (Wiegmann, 1833)",-89.834264,20.807149,30434,HUMAN_OBSERVATION,iNaturalist,50c9509d-22c7-4a22-a47d-8c48425ef4a7,MX,Yucatán,2025,2025-11-03T09:07:10,"cdc,cdround"
5897870262,Incilius valliceps,"Incilius valliceps (Wiegmann, 1833)",-89.663377,21.042936,515,HUMAN_OBSERVATION,iNaturalist,50c9509d-22c7-4a22-a47d-8c48425ef4a7,MX,Yucatán,2025,2025-11-15T11:17,"cdc,cdround"
5903763476,Incilius valliceps,"Incilius valliceps (Wiegmann, 1833)",-86.716431,12.696512,NA,HUMAN_OBSERVATION,iNaturalist,50c9509d-22c7-4a22-a47d-8c48425ef4a7,NI,León,2025,2025-11-12T18:44:33,"cdc,cdround"
5903770873,Incilius valliceps,"Incilius valliceps (Wiegmann, 1833)",-85.458992,13.263766,705,HUMAN_OBSERVATION,iNaturalist,50c9509d-22c7-4a22-a47d-8c48425ef4a7,NI,Matagalpa,2025,2025-11-11T19:58:35,"cdc,cdround"
5903864100,Incilius valliceps,"Incilius valliceps (Wiegmann, 1833)",-89.655436,21.282783,5,HUMAN_OBSERVATION,iNaturalist,50c9509d-22c7-4a22-a47d-8c48425ef4a7,MX,Yucatán,2025,2025-11-23T23:29:09,"cdc,cdround"
5908627981,Incilius valliceps,"Incilius valliceps (Wiegmann, 1833)",-89.555253,21.062217,4,HUMAN_OBSERVATION,iNaturalist,50c9509d-22c7-4a22-a47d-8c48425ef4a7,MX,Yucatán,2025,2025-11-29T17:51:59,"cdc,cdround"
5908688905,Incilius valliceps,"Incilius valliceps (Wiegmann, 1833)",-88.653642,17.751745,10,HUMAN_OBSERVATION,iNaturalist,50c9509d-22c7-4a22-a47d-8c48425ef4a7,BZ,Orange Walk,2025,2025-11-25T05:37:55,"cdc,cdround"
5909045902,Incilius valliceps,"Incilius valliceps (Wiegmann, 1833)",-89.174263,14.824991,52,HUMAN_OBSERVATION,iNaturalist,50c9509d-22c7-4a22-a47d-8c48425ef4a7,HN,Copán,2025,2025-11-26T15:15:19,"cdc,cdround"
5909141624,Incilius valliceps,"Incilius valliceps (Wiegmann, 1833)",-87.128324,20.586635,100,HUMAN_OBSERVATION,iNaturalist,50c9509d-22c7-4a22-a47d-8c48425ef4a7,MX,Quintana Roo,2025,2025-11-27T12:24:41,"cdc,cdround"
5909261168,Incilius valliceps,"Incilius valliceps (Wiegmann, 1833)",-90.86782,18.615663,4,HUMAN_OBSERVATION,iNaturalist,50c9509d-22c7-4a22-a47d-8c48425ef4a7,MX,Campeche,2025,2025-11-14T13:36:29,"cdc,cdround"
5909269571,Incilius valliceps,"Incilius valliceps (Wiegmann, 1833)",-89.334856,20.528549,9,HUMAN_OBSERVATION,iNaturalist,50c9509d-22c7-4a22-a47d-8c48425ef4a7,MX,Yucatán,2025,2025-11-20T12:48:09,"cdc,cdround"
5909298760,Incilius valliceps,"Incilius valliceps (Wiegmann, 1833)",-87.861274,19.836131,5,HUMAN_OBSERVATION,iNaturalist,50c9509d-22c7-4a22-a47d-8c48425ef4a7,MX,Quintana Roo,2025,2025-11-27T18:46:54,"cdc,cdround"
5909355289,Incilius valliceps,"Incilius valliceps (Wiegmann, 1833)",-86.989059,20.367538,31,HUMAN_OBSERVATION,iNaturalist,50c9509d-22c7-4a22-a47d-8c48425ef4a7,MX,Quintana Roo,2025,2025-11-17T20:06,"cdc,cdround"
5920069874,Incilius valliceps,"Incilius valliceps (Wiegmann, 1833)",-97.066207,18.846488,168,HUMAN_OBSERVATION,iNaturalist,50c9509d-22c7-4a22-a47d-8c48425ef4a7,MX,Veracruz,2025,2025-11-25T21:56:42,"cdc,cdround"
5920172181,Incilius valliceps,"Incilius valliceps (Wiegmann, 1833)",-92.018111,17.492712,4,HUMAN_OBSERVATION,iNaturalist,50c9509d-22c7-4a22-a47d-8c48425ef4a7,MX,Chiapas,2025,2025-11-27T20:56:04,"cdc,cdround"
5932645400,Incilius valliceps,"Incilius valliceps (Wiegmann, 1833)",-89.68133,16.988017,14,HUMAN_OBSERVATION,iNaturalist,50c9509d-22c7-4a22-a47d-8c48425ef4a7,GT,Petén,2025,2025-11-12T14:53,"cdc,cdround"
5935302495,Incilius valliceps,"Incilius valliceps (Wiegmann, 1833)",-87.237491,15.559126,15,HUMAN_OBSERVATION,iNaturalist,50c9509d-22c7-4a22-a47d-8c48425ef4a7,HN,Atlántida,2025,2025-11-02T06:58,"cdc,cdround"
6133212152,Incilius valliceps,"Incilius valliceps (Wiegmann, 1833)",-92.018192,17.492731,91,HUMAN_OBSERVATION,iNaturalist,50c9509d-22c7-4a22-a47d-8c48425ef4a7,MX,Chiapas,2025,2025-11-15T21:53,"cdc,cdround"
6188431956,Incilius valliceps,"Incilius valliceps (Wiegmann, 1833)",-94.531532,18.056529,30683,HUMAN_OBSERVATION,iNaturalist,50c9509d-22c7-4a22-a47d-8c48425ef4a7,MX,Veracruz,2025,2025-11-22T15:03:54,"cdc,cdround"
6235379911,Incilius valliceps,"Incilius valliceps (Wiegmann, 1833)",-85.848245,14.834012,2,HUMAN_OBSERVATION,iNaturalist,50c9509d-22c7-4a22-a47d-8c48425ef4a7,HN,Olancho,2025,2025-11-06T09:27:46,"cdc,cdround"
6334165052,Incilius valliceps,"Incilius valliceps (Wiegmann, 1833)",-90.812151,18.612052,NA,HUMAN_OBSERVATION,iNaturalist,50c9509d-22c7-4a22-a47d-8c48425ef4a7,MX,Campeche,2025,2025-11-15T06:57:04,"cdc,cdround"
6399243322,Incilius valliceps,"Incilius valliceps (Wiegmann, 1833)",-96.959726,18.908123,NA,HUMAN_OBSERVATION,iNaturalist,50c9509d-22c7-4a22-a47d-8c48425ef4a7,MX,Veracruz,2025,2025-11-01T14:26:24,"cdc,cdround"
5908709538,Incilius valliceps,"Incilius valliceps (Wiegmann, 1833)",-89.809574,20.827437,NA,HUMAN_OBSERVATION,iNaturalist,50c9509d-22c7-4a22-a47d-8c48425ef4a7,MX,Yucatán,2025,2025-12-02T09:33:45,"cdc,cdround"
5908714280,Incilius valliceps,"Incilius valliceps (Wiegmann, 1833)",-89.586784,20.945318,NA,HUMAN_OBSERVATION,iNaturalist,50c9509d-22c7-4a22-a47d-8c48425ef4a7,MX,Yucatán,2025,2025-12-01T13:54:49,"cdc,cdround"
5920157534,Incilius valliceps,"Incilius valliceps (Wiegmann, 1833)",-92.029144,16.133881,97,HUMAN_OBSERVATION,iNaturalist,50c9509d-22c7-4a22-a47d-8c48425ef4a7,MX,Chiapas,2025,2025-12-04T12:14:48,"cdc,cdround"
5920356591,Incilius valliceps,"Incilius valliceps (Wiegmann, 1833)",-87.738358,20.489575,4,HUMAN_OBSERVATION,iNaturalist,50c9509d-22c7-4a22-a47d-8c48425ef4a7,MX,Quintana Roo,2025,2025-12-06T15:41:17,"cdc,cdround"
5920358978,Incilius valliceps,"Incilius valliceps (Wiegmann, 1833)",-86.857955,20.973026,4,HUMAN_OBSERVATION,iNaturalist,50c9509d-22c7-4a22-a47d-8c48425ef4a7,MX,Quintana Roo,2025,2025-12-07T10:15:31,"cdc,cdround"
5935178212,Incilius valliceps,"Incilius valliceps (Wiegmann, 1833)",-89.692047,20.982241,NA,HUMAN_OBSERVATION,iNaturalist,50c9509d-22c7-4a22-a47d-8c48425ef4a7,MX,Yucatán,2025,2025-12-20T10:15,"cdc,cdround"
5935835559,Incilius valliceps,"Incilius valliceps (Wiegmann, 1833)",-88.31057,18.527482,10,HUMAN_OBSERVATION,iNaturalist,50c9509d-22c7-4a22-a47d-8c48425ef4a7,MX,Quintana Roo,2025,2025-12-18T11:49:05,"cdc,cdround"
5936050611,Incilius valliceps,"Incilius valliceps (Wiegmann, 1833)",-87.084091,20.843649,244,HUMAN_OBSERVATION,iNaturalist,50c9509d-22c7-4a22-a47d-8c48425ef4a7,MX,Quintana Roo,2025,2025-12-19T03:12,"cdc,cdround"
5936135330,Incilius valliceps,"Incilius valliceps (Wiegmann, 1833)",-88.367452,16.517134,9,HUMAN_OBSERVATION,iNaturalist,50c9509d-22c7-4a22-a47d-8c48425ef4a7,BZ,Stann Creek,2025,2025-12-28T21:39:06,"cdc,cdround"
5936151116,Incilius valliceps,"Incilius valliceps (Wiegmann, 1833)",-85.859275,13.262987,4,HUMAN_OBSERVATION,iNaturalist,50c9509d-22c7-4a22-a47d-8c48425ef4a7,NI,Jinotega,2025,2025-12-27T18:42:07,"cdc,cdround"
6129906263,Incilius valliceps,"Incilius valliceps (Wiegmann, 1833)",-96.876924,18.877205,63,HUMAN_OBSERVATION,iNaturalist,50c9509d-22c7-4a22-a47d-8c48425ef4a7,MX,Veracruz,2025,2025-12-26T13:45:08,"cdc,cdround"
6130630321,Incilius valliceps,"Incilius valliceps (Wiegmann, 1833)",-88.233483,19.00235,8,HUMAN_OBSERVATION,iNaturalist,50c9509d-22c7-4a22-a47d-8c48425ef4a7,MX,Quintana Roo,2025,2025-12-29T11:24:40,"cdc,cdround"
6133102918,Incilius valliceps,"Incilius valliceps (Wiegmann, 1833)",-89.700726,16.998562,9,HUMAN_OBSERVATION,iNaturalist,50c9509d-22c7-4a22-a47d-8c48425ef4a7,GT,Petén,2025,2025-12-05T12:58,"cdc,cdround"
6159629634,Incilius valliceps,"Incilius valliceps (Wiegmann, 1833)",-87.402263,20.253148,5,HUMAN_OBSERVATION,iNaturalist,50c9509d-22c7-4a22-a47d-8c48425ef4a7,MX,Quintana Roo,2025,2025-12-15T20:49,"cdc,cdround"
6162860317,Incilius valliceps,"Incilius valliceps (Wiegmann, 1833)",-86.449418,16.359416,42,HUMAN_OBSERVATION,iNaturalist,50c9509d-22c7-4a22-a47d-8c48425ef4a7,HN,Islas de la Bahía,2025,2025-12-24T14:05,"cdc,cdround"
6185740368,Incilius valliceps,"Incilius valliceps (Wiegmann, 1833)",-89.707855,16.998559,438,HUMAN_OBSERVATION,iNaturalist,50c9509d-22c7-4a22-a47d-8c48425ef4a7,GT,Petén,2025,2025-12-28T11:04,"cdc,cdround"
6234175483,Incilius valliceps,"Incilius valliceps (Wiegmann, 1833)",-86.850403,21.238612,4,HUMAN_OBSERVATION,iNaturalist,50c9509d-22c7-4a22-a47d-8c48425ef4a7,MX,Quintana Roo,2025,2025-12-14T09:24,"cdc,cdround"
6235040694,Incilius valliceps,"Incilius valliceps (Wiegmann, 1833)",-88.643908,17.776141,2483,HUMAN_OBSERVATION,iNaturalist,50c9509d-22c7-4a22-a47d-8c48425ef4a7,BZ,Orange Walk,2025,2025-12-08T04:20,"cdc,cdround"
6235387561,Incilius valliceps,"Incilius valliceps (Wiegmann, 1833)",-85.87011,15.863196,8,HUMAN_OBSERVATION,iNaturalist,50c9509d-22c7-4a22-a47d-8c48425ef4a7,HN,Colón,2025,2025-12-02T06:04,"cdc,cdround"
6235832241,Incilius valliceps,"Incilius valliceps (Wiegmann, 1833)",-88.281288,16.856755,16,HUMAN_OBSERVATION,iNaturalist,50c9509d-22c7-4a22-a47d-8c48425ef4a7,BZ,Stann Creek,2025,2025-12-22T19:15:51,"cdc,cdround"
6236030727,Incilius valliceps,"Incilius valliceps (Wiegmann, 1833)",-88.643908,17.776141,2483,HUMAN_OBSERVATION,iNaturalist,50c9509d-22c7-4a22-a47d-8c48425ef4a7,BZ,Orange Walk,2025,2025-12-08T18:07,"cdc,cdround"
6236151957,Incilius valliceps,"Incilius valliceps (Wiegmann, 1833)",-94.447706,18.022916,6,HUMAN_OBSERVATION,iNaturalist,50c9509d-22c7-4a22-a47d-8c48425ef4a7,MX,Veracruz,2025,2025-12-24T18:09:45,"cdc,cdround"
6251842397,Incilius valliceps,"Incilius valliceps (Wiegmann, 1833)",-86.385588,15.431428,4,HUMAN_OBSERVATION,iNaturalist,50c9509d-22c7-4a22-a47d-8c48425ef4a7,HN,Yoro,2025,2025-12-30T14:00:05,"cdc,cdround"
6252484833,Incilius valliceps,"Incilius valliceps (Wiegmann, 1833)",-86.392792,15.437353,4,HUMAN_OBSERVATION,iNaturalist,50c9509d-22c7-4a22-a47d-8c48425ef4a7,HN,Yoro,2025,2025-12-29T21:54:19,"cdc,cdround"
6252526243,Incilius valliceps,"Incilius valliceps (Wiegmann, 1833)",-86.5849,15.480175,13,HUMAN_OBSERVATION,iNaturalist,50c9509d-22c7-4a22-a47d-8c48425ef4a7,HN,Yoro,2025,2025-12-28T18:22:43,cdc
6253246435,Incilius valliceps,"Incilius valliceps (Wiegmann, 1833)",-87.529825,14.746192,NA,HUMAN_OBSERVATION,iNaturalist,50c9509d-22c7-4a22-a47d-8c48425ef4a7,HN,Comayagua,2025,2025-12-29T13:41:21,"cdc,cdround"
6334297911,Incilius valliceps,"Incilius valliceps (Wiegmann, 1833)",-89.387906,17.064686,NA,HUMAN_OBSERVATION,iNaturalist,50c9509d-22c7-4a22-a47d-8c48425ef4a7,GT,Petén,2025,2025-12-26T13:57:46,"cdc,cdround"
6399730324,Incilius valliceps,"Incilius valliceps (Wiegmann, 1833)",-95.468644,18.458312,31,HUMAN_OBSERVATION,iNaturalist,50c9509d-22c7-4a22-a47d-8c48425ef4a7,MX,Veracruz,2025,2025-12-17T18:40,"cdc,cdround"
6441039060,Incilius valliceps,"Incilius valliceps (Wiegmann, 1833)",-88.993877,17.092008,15,HUMAN_OBSERVATION,iNaturalist,50c9509d-22c7-4a22-a47d-8c48425ef4a7,BZ,Cayo,2025,2025-12-04T09:39,"cdc,cdround"
6441886458,Incilius valliceps,"Incilius valliceps (Wiegmann, 1833)",-88.586703,16.63105,NA,HUMAN_OBSERVATION,iNaturalist,50c9509d-22c7-4a22-a47d-8c48425ef4a7,BZ,Toledo,2025,2025-12-13T10:29:11,"cdc,cdround"
4512439438,Incilius valliceps,"Incilius valliceps (Wiegmann, 1833)",-89.713433,21.052025,4,HUMAN_OBSERVATION,iNaturalist,50c9509d-22c7-4a22-a47d-8c48425ef4a7,MX,Yucatán,2024,2024-01-13T22:22,"cdc,cdround"
4516265553,Incilius valliceps,"Incilius valliceps (Wiegmann, 1833)",-89.698109,18.543162,60841,HUMAN_OBSERVATION,iNaturalist,50c9509d-22c7-4a22-a47d-8c48425ef4a7,MX,Campeche,2024,2024-01-11T11:26:25,"cdc,cdround"
4516273081,Incilius valliceps,"Incilius valliceps (Wiegmann, 1833)",-89.058547,17.149618,39801,HUMAN_OBSERVATION,iNaturalist,50c9509d-22c7-4a22-a47d-8c48425ef4a7,BZ,Cayo,2024,2024-01-11T19:40,"cdc,cdround"
4516442580,Incilius valliceps,"Incilius valliceps (Wiegmann, 1833)",-89.683772,20.972716,7,HUMAN_OBSERVATION,iNaturalist,50c9509d-22c7-4a22-a47d-8c48425ef4a7,MX,Yucatán,2024,2024-01-22T21:49:18,"cdc,cdround"
4516479325,Incilius valliceps,"Incilius valliceps (Wiegmann, 1833)",-89.343997,21.123088,30415,HUMAN_OBSERVATION,iNaturalist,50c9509d-22c7-4a22-a47d-8c48425ef4a7,MX,Yucatán,2024,2024-01-23T22:35,"cdc,cdround"
4516797032,Incilius valliceps,"Incilius valliceps (Wiegmann, 1833)",-89.339584,21.129319,30415,HUMAN_OBSERVATION,iNaturalist,50c9509d-22c7-4a22-a47d-8c48425ef4a7,MX,Yucatán,2024,2024-01-25T21:30,"cdc,cdround"
4516814077,Incilius valliceps,"Incilius valliceps (Wiegmann, 1833)",-87.916116,14.638319,211,HUMAN_OBSERVATION,iNaturalist,50c9509d-22c7-4a22-a47d-8c48425ef4a7,HN,Comayagua,2024,2024-01-19T10:33,"cdc,cdround"
4519062261,Incilius valliceps,"Incilius valliceps (Wiegmann, 1833)",-86.728977,15.727703,136,HUMAN_OBSERVATION,iNaturalist,50c9509d-22c7-4a22-a47d-8c48425ef4a7,HN,Atlántida,2024,2024-01-23T12:21,"cdc,cdround"
4519273984,Incilius valliceps,"Incilius valliceps (Wiegmann, 1833)",-89.677133,21.041472,NA,HUMAN_OBSERVATION,iNaturalist,50c9509d-22c7-4a22-a47d-8c48425ef4a7,MX,Yucatán,2024,2024-01-26T21:10:46,"cdc,cdround"
4519312532,Incilius valliceps,"Incilius valliceps (Wiegmann, 1833)",-89.662899,20.942883,7,HUMAN_OBSERVATION,iNaturalist,50c9509d-22c7-4a22-a47d-8c48425ef4a7,MX,Yucatán,2024,2024-01-18,"cdc,cdround"
4524964539,Incilius valliceps,"Incilius valliceps (Wiegmann, 1833)",-86.968946,20.477033,NA,HUMAN_OBSERVATION,iNaturalist,50c9509d-22c7-4a22-a47d-8c48425ef4a7,MX,Quintana Roo,2024,2024-01-24T14:46:56,"cdc,cdround"
4525027289,Incilius valliceps,"Incilius valliceps (Wiegmann, 1833)",-87.072663,20.628986,24598,HUMAN_OBSERVATION,iNaturalist,50c9509d-22c7-4a22-a47d-8c48425ef4a7,MX,Quintana Roo,2024,2024-01-18T20:46:21,"cdc,cdround"
4525047809,Incilius valliceps,"Incilius valliceps (Wiegmann, 1833)",-91.839408,18.655137,NA,HUMAN_OBSERVATION,iNaturalist,50c9509d-22c7-4a22-a47d-8c48425ef4a7,MX,Campeche,2024,2024-01-28T12:42:17,"cdc,cdround"
4525231902,Incilius valliceps,"Incilius valliceps (Wiegmann, 1833)",-86.911408,20.856254,614,HUMAN_OBSERVATION,iNaturalist,50c9509d-22c7-4a22-a47d-8c48425ef4a7,MX,Quintana Roo,2024,2024-01-13T23:21,"cdc,cdround"
4535612068,Incilius valliceps,"Incilius valliceps (Wiegmann, 1833)",-86.729115,15.727875,145,HUMAN_OBSERVATION,iNaturalist,50c9509d-22c7-4a22-a47d-8c48425ef4a7,HN,Atlántida,2024,2024-01-13T12:09:38,"cdc,cdround"
4597286585,Incilius valliceps,"Incilius valliceps (Wiegmann, 1833)",-84.749712,10.486967,39,HUMAN_OBSERVATION,iNaturalist,50c9509d-22c7-4a22-a47d-8c48425ef4a7,CR,Alajuela,2024,2024-01-14T19:08:06,"cdc,cdround"
4597306622,Incilius valliceps,"Incilius valliceps (Wiegmann, 1833)",-89.914028,18.411697,20,HUMAN_OBSERVATION,iNaturalist,50c9509d-22c7-4a22-a47d-8c48425ef4a7,MX,Campeche,2024,2024-01-02T09:26:48,"cdc,cdround"
4599833887,Incilius valliceps,"Incilius valliceps (Wiegmann, 1833)",-88.54268,17.357769,20,HUMAN_OBSERVATION,iNaturalist,50c9509d-22c7-4a22-a47d-8c48425ef4a7,BZ,Belize,2024,2024-01-09T20:38,"cdc,cdround"
4847081950,Incilius valliceps,"Incilius valliceps (Wiegmann, 1833)",-89.400242,17.06826,207,HUMAN_OBSERVATION,iNaturalist,50c9509d-22c7-4a22-a47d-8c48425ef4a7,GT,Petén,2024,2024-01-27T15:28:41,"cdc,cdround"
4852730587,Incilius valliceps,"Incilius valliceps (Wiegmann, 1833)",-87.997721,21.451449,1509,HUMAN_OBSERVATION,iNaturalist,50c9509d-22c7-4a22-a47d-8c48425ef4a7,MX,Yucatán,2024,2024-01-20T18:32,"cdc,cdround"
4872437205,Incilius valliceps,"Incilius valliceps (Wiegmann, 1833)",-89.043409,15.684967,32,HUMAN_OBSERVATION,iNaturalist,50c9509d-22c7-4a22-a47d-8c48425ef4a7,GT,Izabal,2024,2024-01-23T23:17:04,"cdc,cdround"
4875413636,Incilius valliceps,"Incilius valliceps (Wiegmann, 1833)",-88.694981,15.372724,979,HUMAN_OBSERVATION,iNaturalist,50c9509d-22c7-4a22-a47d-8c48425ef4a7,GT,Izabal,2024,2024-01-17T22:50:07,"cdc,cdround"
4875431072,Incilius valliceps,"Incilius valliceps (Wiegmann, 1833)",-89.461388,15.85238,4,HUMAN_OBSERVATION,iNaturalist,50c9509d-22c7-4a22-a47d-8c48425ef4a7,GT,Alta Verapaz,2024,2024-01-25T16:06:47,"cdc,cdround"
5083205359,Incilius valliceps,"Incilius valliceps (Wiegmann, 1833)",-85.4147,10.819316,5000,HUMAN_OBSERVATION,NA,e03a781b-fe24-4bd2-af19-34ab4a3bb5ab,CR,NA,2024,2024-01-16,"cdc,cdround,cudc,gass84,osiic"
5830392122,Incilius valliceps,"Incilius valliceps (Wiegmann, 1833)",-96.802945,19.119997,21,HUMAN_OBSERVATION,iNaturalist,50c9509d-22c7-4a22-a47d-8c48425ef4a7,MX,Veracruz,2024,2024-01-25T12:24:46,"cdc,cdround"
6273487990,Incilius valliceps,"Incilius valliceps (Wiegmann, 1833)",-89.680096,16.988696,37,HUMAN_OBSERVATION,iNaturalist,50c9509d-22c7-4a22-a47d-8c48425ef4a7,GT,Petén,2024,2024-01-13T09:50:59,"cdc,cdround"
4519253228,Incilius valliceps,"Incilius valliceps (Wiegmann, 1833)",-90.549271,19.830439,NA,HUMAN_OBSERVATION,iNaturalist,50c9509d-22c7-4a22-a47d-8c48425ef4a7,MX,Campeche,2024,2024-02-03T15:22:58,"cdc,cdround"
4522627188,Incilius valliceps,"Incilius valliceps (Wiegmann, 1833)",-93.165809,18.07454,207,HUMAN_OBSERVATION,iNaturalist,50c9509d-22c7-4a22-a47d-8c48425ef4a7,MX,Tabasco,2024,2024-02-07T09:11:59,"cdc,cdround"
4525215617,Incilius valliceps,"Incilius valliceps (Wiegmann, 1833)",-88.27098,16.84007,4,HUMAN_OBSERVATION,iNaturalist,50c9509d-22c7-4a22-a47d-8c48425ef4a7,BZ,Stann Creek,2024,2024-02-12T19:50:51,cdc
4525259002,Incilius valliceps,"Incilius valliceps (Wiegmann, 1833)",-88.530661,17.554229,12,HUMAN_OBSERVATION,iNaturalist,50c9509d-22c7-4a22-a47d-8c48425ef4a7,BZ,Belize,2024,2024-02-06T07:33,"cdc,cdround"
4535698060,Incilius valliceps,"Incilius valliceps (Wiegmann, 1833)",-88.262131,18.543541,NA,HUMAN_OBSERVATION,iNaturalist,50c9509d-22c7-4a22-a47d-8c48425ef4a7,MX,Quintana Roo,2024,2024-02-28T12:51,"cdc,cdround"
4535989643,Incilius valliceps,"Incilius valliceps (Wiegmann, 1833)",-88.01165,20.841299,51,HUMAN_OBSERVATION,iNaturalist,50c9509d-22c7-4a22-a47d-8c48425ef4a7,MX,Yucatán,2024,2024-02-22T10:20:13,"cdc,cdround"
4597374836,Incilius valliceps,"Incilius valliceps (Wiegmann, 1833)",-87.377737,21.522223,8,HUMAN_OBSERVATION,iNaturalist,50c9509d-22c7-4a22-a47d-8c48425ef4a7,MX,Quintana Roo,2024,2024-02-19T19:14,"cdc,cdround"
4597396649,Incilius valliceps,"Incilius valliceps (Wiegmann, 1833)",-89.060387,17.047216,211,HUMAN_OBSERVATION,iNaturalist,50c9509d-22c7-4a22-a47d-8c48425ef4a7,BZ,Cayo,2024,2024-02-15T11:52,"cdc,cdround"
5133148593,Incilius valliceps,"Incilius valliceps (Wiegmann, 1833)",-93.309097,18.096906,NA,HUMAN_OBSERVATION,iNaturalist,50c9509d-22c7-4a22-a47d-8c48425ef4a7,MX,Tabasco,2024,2024-02-28T19:01:22,"cdc,cdround"
5134725331,Incilius valliceps,"Incilius valliceps (Wiegmann, 1833)",-93.871567,18.288539,NA,HUMAN_OBSERVATION,iNaturalist,50c9509d-22c7-4a22-a47d-8c48425ef4a7,MX,Tabasco,2024,2024-02-12T14:11:07,"cdc,cdround"
5134849203,Incilius valliceps,"Incilius valliceps (Wiegmann, 1833)",-93.309097,18.096905,NA,HUMAN_OBSERVATION,iNaturalist,50c9509d-22c7-4a22-a47d-8c48425ef4a7,MX,Tabasco,2024,2024-02-29T01:04:13,"cdc,cdround"
5759992240,Incilius valliceps,"Incilius valliceps (Wiegmann, 1833)",-94.072342,18.213036,NA,HUMAN_OBSERVATION,iNaturalist,50c9509d-22c7-4a22-a47d-8c48425ef4a7,MX,Tabasco,2024,2024-02-12T19:43:46,"cdc,cdround"
6147215995,Incilius valliceps,"Incilius valliceps (Wiegmann, 1833)",-93.165809,18.07454,207,HUMAN_OBSERVATION,iNaturalist,50c9509d-22c7-4a22-a47d-8c48425ef4a7,MX,Tabasco,2024,2024-02-09T20:51:07,"cdc,cdround"
6234210478,Incilius valliceps,"Incilius valliceps (Wiegmann, 1833)",-96.920201,19.518933,206,HUMAN_OBSERVATION,iNaturalist,50c9509d-22c7-4a22-a47d-8c48425ef4a7,MX,Veracruz,2024,2024-02-15,"cdc,cdround"
4596950290,Incilius valliceps,"Incilius valliceps (Wiegmann, 1833)",-87.792039,21.424095,NA,HUMAN_OBSERVATION,iNaturalist,50c9509d-22c7-4a22-a47d-8c48425ef4a7,MX,Yucatán,2024,2024-03-06T21:05:34,cdc
4596965294,Incilius valliceps,"Incilius valliceps (Wiegmann, 1833)",-87.743829,21.419063,NA,HUMAN_OBSERVATION,iNaturalist,50c9509d-22c7-4a22-a47d-8c48425ef4a7,MX,Yucatán,2024,2024-03-06T20:00:01,cdc
4596969220,Incilius valliceps,"Incilius valliceps (Wiegmann, 1833)",-87.805884,21.425811,NA,HUMAN_OBSERVATION,iNaturalist,50c9509d-22c7-4a22-a47d-8c48425ef4a7,MX,Yucatán,2024,2024-03-06T21:01:20,"cdc,cdround"
4597346463,Incilius valliceps,"Incilius valliceps (Wiegmann, 1833)",-86.726638,21.219360000000002,4,HUMAN_OBSERVATION,iNaturalist,50c9509d-22c7-4a22-a47d-8c48425ef4a7,MX,Quintana Roo,2024,2024-03-02T20:33,"cdc,cdround"
4597392670,Incilius valliceps,"Incilius valliceps (Wiegmann, 1833)",-89.541388,21.062367,14,HUMAN_OBSERVATION,iNaturalist,50c9509d-22c7-4a22-a47d-8c48425ef4a7,MX,Yucatán,2024,2024-03-10T21:34:38,"cdc,cdround"
4597410481,Incilius valliceps,"Incilius valliceps (Wiegmann, 1833)",-86.726591,21.219249,4,HUMAN_OBSERVATION,iNaturalist,50c9509d-22c7-4a22-a47d-8c48425ef4a7,MX,Quintana Roo,2024,2024-03-02T20:33,"cdc,cdround"
4600097288,Incilius valliceps,"Incilius valliceps (Wiegmann, 1833)",-92.973328,17.94626,NA,HUMAN_OBSERVATION,iNaturalist,50c9509d-22c7-4a22-a47d-8c48425ef4a7,MX,Tabasco,2024,2024-03-24T08:55,"cdc,cdround"
4606531223,Incilius valliceps,"Incilius valliceps (Wiegmann, 1833)",-87.385712,21.518542,5,HUMAN_OBSERVATION,iNaturalist,50c9509d-22c7-4a22-a47d-8c48425ef4a7,MX,Quintana Roo,2024,2024-03-19T19:20:04,"cdc,cdround"
4606575994,Incilius valliceps,"Incilius valliceps (Wiegmann, 1833)",-87.976755,17.914675,23,HUMAN_OBSERVATION,iNaturalist,50c9509d-22c7-4a22-a47d-8c48425ef4a7,BZ,Corozal,2024,2024-03-01T22:02:34,"cdc,cdround"
4606805026,Incilius valliceps,"Incilius valliceps (Wiegmann, 1833)",-88.294479,20.99366,83,HUMAN_OBSERVATION,iNaturalist,50c9509d-22c7-4a22-a47d-8c48425ef4a7,MX,Yucatán,2024,2024-03-05T19:31,"cdc,cdround"
4606905913,Incilius valliceps,"Incilius valliceps (Wiegmann, 1833)",-85.260767,12.243569,NA,HUMAN_OBSERVATION,iNaturalist,50c9509d-22c7-4a22-a47d-8c48425ef4a7,NI,Chontales,2024,2024-03-25T19:42:54,"cdc,cdround"
4606999123,Incilius valliceps,"Incilius valliceps (Wiegmann, 1833)",-89.557113,21.053778,26,HUMAN_OBSERVATION,iNaturalist,50c9509d-22c7-4a22-a47d-8c48425ef4a7,MX,Yucatán,2024,2024-03-24T18:53:21,"cdc,cdround"
4855134056,Incilius valliceps,"Incilius valliceps (Wiegmann, 1833)",-96.804022,19.130215,1721,HUMAN_OBSERVATION,iNaturalist,50c9509d-22c7-4a22-a47d-8c48425ef4a7,MX,Veracruz,2024,2024-03-30T14:41,"cdc,cdround"
5006985459,Incilius valliceps,"Incilius valliceps (Wiegmann, 1833)",-88.474511,16.772839,324,HUMAN_OBSERVATION,iNaturalist,50c9509d-22c7-4a22-a47d-8c48425ef4a7,BZ,Stann Creek,2024,2024-03-26T20:11:43,"cdc,cdround"
5133126427,Incilius valliceps,"Incilius valliceps (Wiegmann, 1833)",-93.212022,18.2819,NA,HUMAN_OBSERVATION,iNaturalist,50c9509d-22c7-4a22-a47d-8c48425ef4a7,MX,Tabasco,2024,2024-03-05T08:07:13,"cdc,cdround"
5133151396,Incilius valliceps,"Incilius valliceps (Wiegmann, 1833)",-93.308942,18.095653,NA,HUMAN_OBSERVATION,iNaturalist,50c9509d-22c7-4a22-a47d-8c48425ef4a7,MX,Tabasco,2024,2024-03-01T13:49:04,"cdc,cdround"
5134909009,Incilius valliceps,"Incilius valliceps (Wiegmann, 1833)",-93.211633,18.283844,NA,HUMAN_OBSERVATION,iNaturalist,50c9509d-22c7-4a22-a47d-8c48425ef4a7,MX,Tabasco,2024,2024-03-05T20:14:09,"cdc,cdround"
5215677939,Incilius valliceps,"Incilius valliceps (Wiegmann, 1833)",-89.661359,21.103087,2635,HUMAN_OBSERVATION,iNaturalist,50c9509d-22c7-4a22-a47d-8c48425ef4a7,MX,Yucatán,2024,2024-03-17T02:12:58,"cdc,cdround"
5217308943,Incilius valliceps,"Incilius valliceps (Wiegmann, 1833)",-89.661359,21.103087,2635,HUMAN_OBSERVATION,iNaturalist,50c9509d-22c7-4a22-a47d-8c48425ef4a7,MX,Yucatán,2024,2024-03-21T21:25:10,"cdc,cdround"
5759984471,Incilius valliceps,"Incilius valliceps (Wiegmann, 1833)",-93.209987,18.283363,110,HUMAN_OBSERVATION,iNaturalist,50c9509d-22c7-4a22-a47d-8c48425ef4a7,MX,Tabasco,2024,2024-03-06,"cdc,cdround"
6133293089,Incilius valliceps,"Incilius valliceps (Wiegmann, 1833)",-90.243122,20.771033,NA,HUMAN_OBSERVATION,iNaturalist,50c9509d-22c7-4a22-a47d-8c48425ef4a7,MX,Yucatán,2024,2024-03-29T18:47,"cdc,cdround"
4607550183,Incilius valliceps,"Incilius valliceps (Wiegmann, 1833)",-96.837157,19.133029,5,HUMAN_OBSERVATION,iNaturalist,50c9509d-22c7-4a22-a47d-8c48425ef4a7,MX,Veracruz,2024,2024-04-03T19:47:35,"cdc,cdround"
4851857577,Incilius valliceps,"Incilius valliceps (Wiegmann, 1833)",-88.172733,21.158178,4,HUMAN_OBSERVATION,iNaturalist,50c9509d-22c7-4a22-a47d-8c48425ef4a7,MX,Yucatán,2024,2024-04-26T07:36,"cdc,cdround"
4851885288,Incilius valliceps,"Incilius valliceps (Wiegmann, 1833)",-88.01557,15.219145,4,HUMAN_OBSERVATION,iNaturalist,50c9509d-22c7-4a22-a47d-8c48425ef4a7,HN,Cortés,2024,2024-04-19T22:17,"cdc,cdround"
4851890617,Incilius valliceps,"Incilius valliceps (Wiegmann, 1833)",-89.623421,20.866515,NA,HUMAN_OBSERVATION,iNaturalist,50c9509d-22c7-4a22-a47d-8c48425ef4a7,MX,Yucatán,2024,2024-04-09T09:04:07,"cdc,cdround"
4852131799,Incilius valliceps,"Incilius valliceps (Wiegmann, 1833)",-88.149609,21.145466,4514,HUMAN_OBSERVATION,iNaturalist,50c9509d-22c7-4a22-a47d-8c48425ef4a7,MX,Yucatán,2024,2024-04-27T21:30,"cdc,cdround"
4852221572,Incilius valliceps,"Incilius valliceps (Wiegmann, 1833)",-89.190527,17.430341,NA,HUMAN_OBSERVATION,iNaturalist,50c9509d-22c7-4a22-a47d-8c48425ef4a7,GT,Petén,2024,2024-04-26T22:21:14,"cdc,cdround"
4852615470,Incilius valliceps,"Incilius valliceps (Wiegmann, 1833)",-89.1904,17.430162,NA,HUMAN_OBSERVATION,iNaturalist,50c9509d-22c7-4a22-a47d-8c48425ef4a7,GT,Petén,2024,2024-04-26T22:16:49,"cdc,cdround"
4852642929,Incilius valliceps,"Incilius valliceps (Wiegmann, 1833)",-89.577463,20.948238,200,HUMAN_OBSERVATION,iNaturalist,50c9509d-22c7-4a22-a47d-8c48425ef4a7,MX,Yucatán,2024,2024-04-28T20:45,"cdc,cdround"
4852674127,Incilius valliceps,"Incilius valliceps (Wiegmann, 1833)",-90.898219,16.828392,8,HUMAN_OBSERVATION,iNaturalist,50c9509d-22c7-4a22-a47d-8c48425ef4a7,GT,Petén,2024,2024-04-29T19:30,"cdc,cdround"
4852809113,Incilius valliceps,"Incilius valliceps (Wiegmann, 1833)",-87.449036,15.727275,8,HUMAN_OBSERVATION,iNaturalist,50c9509d-22c7-4a22-a47d-8c48425ef4a7,HN,Atlántida,2024,2024-04-18T20:37,"cdc,cdround"
4852861087,Incilius valliceps,"Incilius valliceps (Wiegmann, 1833)",-88.043159,15.215373,8,HUMAN_OBSERVATION,iNaturalist,50c9509d-22c7-4a22-a47d-8c48425ef4a7,HN,Cortés,2024,2024-04-17T19:20,"cdc,cdround"
4852920351,Incilius valliceps,"Incilius valliceps (Wiegmann, 1833)",-86.189874,12.055345,NA,HUMAN_OBSERVATION,iNaturalist,50c9509d-22c7-4a22-a47d-8c48425ef4a7,NI,Managua,2024,2024-04-13T00:25:51,cdc
4852957943,Incilius valliceps,"Incilius valliceps (Wiegmann, 1833)",-85.385236,15.258017,NA,HUMAN_OBSERVATION,iNaturalist,50c9509d-22c7-4a22-a47d-8c48425ef4a7,HN,Olancho,2024,2024-04-08T20:19,"cdc,cdround"
4853062177,Incilius valliceps,"Incilius valliceps (Wiegmann, 1833)",-89.61423,17.224534,29,HUMAN_OBSERVATION,iNaturalist,50c9509d-22c7-4a22-a47d-8c48425ef4a7,GT,Petén,2024,2024-04-26T20:26:45,"cdc,cdround"
4853105269,Incilius valliceps,"Incilius valliceps (Wiegmann, 1833)",-88.148441,21.136144,2132,HUMAN_OBSERVATION,iNaturalist,50c9509d-22c7-4a22-a47d-8c48425ef4a7,MX,Yucatán,2024,2024-04-26T11:58:55,"cdc,cdround"
4863521182,Incilius valliceps,"Incilius valliceps (Wiegmann, 1833)",-92.111117,16.260687,NA,HUMAN_OBSERVATION,iNaturalist,50c9509d-22c7-4a22-a47d-8c48425ef4a7,MX,Chiapas,2024,2024-04-26T09:35,"cdc,cdround"
4863712423,Incilius valliceps,"Incilius valliceps (Wiegmann, 1833)",-88.17267,21.1581,381,HUMAN_OBSERVATION,iNaturalist,50c9509d-22c7-4a22-a47d-8c48425ef4a7,MX,Yucatán,2024,2024-04-29T08:30,"cdc,cdround"
5083204811,Incilius valliceps,"Incilius valliceps (Wiegmann, 1833)",-85.4147,10.819316,5000,HUMAN_OBSERVATION,NA,e03a781b-fe24-4bd2-af19-34ab4a3bb5ab,CR,NA,2024,2024-04-19,"cdc,cdround,cudc,gass84,osiic"
6130012826,Incilius valliceps,"Incilius valliceps (Wiegmann, 1833)",-93.35817,17.969358,31,HUMAN_OBSERVATION,iNaturalist,50c9509d-22c7-4a22-a47d-8c48425ef4a7,MX,Tabasco,2024,2024-04-04T10:08,"cdc,cdround"
6147171790,Incilius valliceps,"Incilius valliceps (Wiegmann, 1833)",-89.941872,13.831203,4,HUMAN_OBSERVATION,iNaturalist,50c9509d-22c7-4a22-a47d-8c48425ef4a7,SV,Ahuachapán,2024,2024-04-28T12:52:33,"cdc,cdround"
6196050455,Incilius valliceps,"Incilius valliceps (Wiegmann, 1833)",-88.322116,15.497243,8,HUMAN_OBSERVATION,iNaturalist,50c9509d-22c7-4a22-a47d-8c48425ef4a7,HN,Santa Bárbara,2024,2024-04-03T18:56,"cdc,cdround"
6480855082,Incilius valliceps,"Incilius valliceps (Wiegmann, 1833)",-96.863405,19.538518,350,HUMAN_OBSERVATION,iNaturalist,50c9509d-22c7-4a22-a47d-8c48425ef4a7,MX,Veracruz,2024,2024-04-06T08:57,"cdc,cdround"
6498340455,Incilius valliceps,"Incilius valliceps (Wiegmann, 1833)",-96.340648,19.407742,16,HUMAN_OBSERVATION,iNaturalist,50c9509d-22c7-4a22-a47d-8c48425ef4a7,MX,Veracruz,2024,2024-04-02T20:08:27,"cdc,cdround"
4855315402,Incilius valliceps,"Incilius valliceps (Wiegmann, 1833)",-84.058303,10.453737,8,HUMAN_OBSERVATION,iNaturalist,50c9509d-22c7-4a22-a47d-8c48425ef4a7,CR,Heredia,2024,2024-05-02T19:27,"cdc,cdround"
4863683681,Incilius valliceps,"Incilius valliceps (Wiegmann, 1833)",-88.55,20.67,NA,HUMAN_OBSERVATION,iNaturalist,50c9509d-22c7-4a22-a47d-8c48425ef4a7,MX,Yucatán,2024,2024-05-06T20:12:19,"cdc,cdround"
4867564906,Incilius valliceps,"Incilius valliceps (Wiegmann, 1833)",-86.776071,15.296465,4,HUMAN_OBSERVATION,iNaturalist,50c9509d-22c7-4a22-a47d-8c48425ef4a7,HN,Yoro,2024,2024-05-10T20:33,"cdc,cdround"
4867855623,Incilius valliceps,"Incilius valliceps (Wiegmann, 1833)",-86.776012,15.296437,4,HUMAN_OBSERVATION,iNaturalist,50c9509d-22c7-4a22-a47d-8c48425ef4a7,HN,Yoro,2024,2024-05-11T21:28,"cdc,cdround"
4867870346,Incilius valliceps,"Incilius valliceps (Wiegmann, 1833)",-88.400265,15.407377,8,HUMAN_OBSERVATION,iNaturalist,50c9509d-22c7-4a22-a47d-8c48425ef4a7,HN,Santa Bárbara,2024,2024-05-19T03:00,"cdc,cdround"
4867918486,Incilius valliceps,"Incilius valliceps (Wiegmann, 1833)",-89.686763,20.985212,NA,HUMAN_OBSERVATION,iNaturalist,50c9509d-22c7-4a22-a47d-8c48425ef4a7,MX,Yucatán,2024,2024-05-15T13:54,"cdc,cdround"
4867971677,Incilius valliceps,"Incilius valliceps (Wiegmann, 1833)",-86.775993,15.296488,4,HUMAN_OBSERVATION,iNaturalist,50c9509d-22c7-4a22-a47d-8c48425ef4a7,HN,Yoro,2024,2024-05-12T19:13,"cdc,cdround"
4868098617,Incilius valliceps,"Incilius valliceps (Wiegmann, 1833)",-86.776076,15.296483,4,HUMAN_OBSERVATION,iNaturalist,50c9509d-22c7-4a22-a47d-8c48425ef4a7,HN,Yoro,2024,2024-05-10T20:34,"cdc,cdround"
4868117058,Incilius valliceps,"Incilius valliceps (Wiegmann, 1833)",-85.886067,14.920614,122,HUMAN_OBSERVATION,iNaturalist,50c9509d-22c7-4a22-a47d-8c48425ef4a7,HN,Olancho,2024,2024-05-11T12:08,"cdc,cdround"
4872175003,Incilius valliceps,"Incilius valliceps (Wiegmann, 1833)",-88.656433,17.748805,61,HUMAN_OBSERVATION,iNaturalist,50c9509d-22c7-4a22-a47d-8c48425ef4a7,BZ,Orange Walk,2024,2024-05-22T19:48,"cdc,cdround"
4872225635,Incilius valliceps,"Incilius valliceps (Wiegmann, 1833)",-88.656433,17.748805,61,HUMAN_OBSERVATION,iNaturalist,50c9509d-22c7-4a22-a47d-8c48425ef4a7,BZ,Orange Walk,2024,2024-05-22T19:36,"cdc,cdround"
4872261511,Incilius valliceps,"Incilius valliceps (Wiegmann, 1833)",-89.007055,16.979045,6,HUMAN_OBSERVATION,iNaturalist,50c9509d-22c7-4a22-a47d-8c48425ef4a7,BZ,Cayo,2024,2024-05-25T13:30:35,"cdc,cdround"
4872262793,Incilius valliceps,"Incilius valliceps (Wiegmann, 1833)",-88.656433,17.748805,61,HUMAN_OBSERVATION,iNaturalist,50c9509d-22c7-4a22-a47d-8c48425ef4a7,BZ,Orange Walk,2024,2024-05-22T19:56,"cdc,cdround"
4872336578,Incilius valliceps,"Incilius valliceps (Wiegmann, 1833)",-90.195587,17.533245,4,HUMAN_OBSERVATION,iNaturalist,50c9509d-22c7-4a22-a47d-8c48425ef4a7,GT,Petén,2024,2024-05-22T20:33:55,"cdc,cdround"
4872374777,Incilius valliceps,"Incilius valliceps (Wiegmann, 1833)",-86.776004,15.296457,4,HUMAN_OBSERVATION,iNaturalist,50c9509d-22c7-4a22-a47d-8c48425ef4a7,HN,Yoro,2024,2024-05-13T19:11,"cdc,cdround"
4875268325,Incilius valliceps,"Incilius valliceps (Wiegmann, 1833)",-89.544477,21.030594,NA,HUMAN_OBSERVATION,iNaturalist,50c9509d-22c7-4a22-a47d-8c48425ef4a7,MX,Yucatán,2024,2024-05-29T16:51:46,"cdc,cdround"
4892122743,Incilius valliceps,"Incilius valliceps (Wiegmann, 1833)",-91.606885,14.66638,270,HUMAN_OBSERVATION,iNaturalist,50c9509d-22c7-4a22-a47d-8c48425ef4a7,GT,Quezaltenango,2024,2024-05-18T12:41:45,"cdc,cdround"
4903895759,Incilius valliceps,"Incilius valliceps (Wiegmann, 1833)",-89.40174,18.536496,30649,HUMAN_OBSERVATION,iNaturalist,50c9509d-22c7-4a22-a47d-8c48425ef4a7,MX,Campeche,2024,2024-05-09T19:42:43,"cdc,cdround"
4904010640,Incilius valliceps,"Incilius valliceps (Wiegmann, 1833)",-88.129938,19.026959,31,HUMAN_OBSERVATION,iNaturalist,50c9509d-22c7-4a22-a47d-8c48425ef4a7,MX,Quintana Roo,2024,2024-05-06T19:17,"cdc,cdround"
4908726760,Incilius valliceps,"Incilius valliceps (Wiegmann, 1833)",-92.089394,18.275154,16,HUMAN_OBSERVATION,iNaturalist,50c9509d-22c7-4a22-a47d-8c48425ef4a7,MX,Campeche,2024,2024-05-16T19:45,"cdc,cdround"
4909159682,Incilius valliceps,"Incilius valliceps (Wiegmann, 1833)",-92.110849,16.265688,NA,HUMAN_OBSERVATION,iNaturalist,50c9509d-22c7-4a22-a47d-8c48425ef4a7,MX,Chiapas,2024,2024-05-30T11:00,"cdc,cdround"
4921701954,Incilius valliceps,"Incilius valliceps (Wiegmann, 1833)",-95.074069,18.583904,NA,HUMAN_OBSERVATION,iNaturalist,50c9509d-22c7-4a22-a47d-8c48425ef4a7,MX,Veracruz,2024,2024-05-14T11:11:37,"cdc,cdround"
5063561116,Incilius valliceps,"Incilius valliceps (Wiegmann, 1833)",-89.230068,21.031286,209,HUMAN_OBSERVATION,iNaturalist,50c9509d-22c7-4a22-a47d-8c48425ef4a7,MX,Yucatán,2024,2024-05-18,"cdc,cdround"
5083204427,Incilius valliceps,"Incilius valliceps (Wiegmann, 1833)",-85.4147,10.819316,5000,HUMAN_OBSERVATION,NA,e03a781b-fe24-4bd2-af19-34ab4a3bb5ab,CR,NA,2024,2024-05-15,"cdc,cdround,cudc,gass84,osiic"
5083205973,Incilius valliceps,"Incilius valliceps (Wiegmann, 1833)",-85.4147,10.819316,5000,HUMAN_OBSERVATION,NA,e03a781b-fe24-4bd2-af19-34ab4a3bb5ab,CR,NA,2024,2024-05-28,"cdc,cdround,cudc,gass84,osiic"
5231438490,Incilius valliceps,"Incilius valliceps (Wiegmann, 1833)",-97.06581,18.86022,NA,HUMAN_OBSERVATION,iNaturalist,50c9509d-22c7-4a22-a47d-8c48425ef4a7,MX,Veracruz,2024,2024-05-17T12:12:42,"cdc,cdround"
6147594762,Incilius valliceps,"Incilius valliceps (Wiegmann, 1833)",-92.937063,17.56288,4,HUMAN_OBSERVATION,iNaturalist,50c9509d-22c7-4a22-a47d-8c48425ef4a7,MX,Tabasco,2024,2024-05-29T20:40:04,"cdc,cdround"
6185956379,Incilius valliceps,"Incilius valliceps (Wiegmann, 1833)",-95.026077,18.368584,NA,HUMAN_OBSERVATION,iNaturalist,50c9509d-22c7-4a22-a47d-8c48425ef4a7,MX,Veracruz,2024,2024-05-22T20:59:51,"cdc,cdround"
4900860611,Incilius valliceps,"Incilius valliceps (Wiegmann, 1833)",-96.955129,18.801584,NA,HUMAN_OBSERVATION,iNaturalist,50c9509d-22c7-4a22-a47d-8c48425ef4a7,MX,Veracruz,2024,2024-06-23T08:27:01,"cdc,cdround"
4900874467,Incilius valliceps,"Incilius valliceps (Wiegmann, 1833)",-89.642473,20.989946,NA,HUMAN_OBSERVATION,iNaturalist,50c9509d-22c7-4a22-a47d-8c48425ef4a7,MX,Yucatán,2024,2024-06-11T19:26:16,"cdc,cdround"
4901010500,Incilius valliceps,"Incilius valliceps (Wiegmann, 1833)",-89.542982,21.033023,NA,HUMAN_OBSERVATION,iNaturalist,50c9509d-22c7-4a22-a47d-8c48425ef4a7,MX,Yucatán,2024,2024-06-12T17:56:57,"cdc,cdround"
4901069198,Incilius valliceps,"Incilius valliceps (Wiegmann, 1833)",-90.077805,20.872092,NA,HUMAN_OBSERVATION,iNaturalist,50c9509d-22c7-4a22-a47d-8c48425ef4a7,MX,Yucatán,2024,2024-06-23T00:59,"cdc,cdround"
4901232344,Incilius valliceps,"Incilius valliceps (Wiegmann, 1833)",-89.656242,20.769253,21,HUMAN_OBSERVATION,iNaturalist,50c9509d-22c7-4a22-a47d-8c48425ef4a7,MX,Yucatán,2024,2024-06-21T08:50:06,"cdc,cdround"
4901294696,Incilius valliceps,"Incilius valliceps (Wiegmann, 1833)",-89.577463,20.948238,150,HUMAN_OBSERVATION,iNaturalist,50c9509d-22c7-4a22-a47d-8c48425ef4a7,MX,Yucatán,2024,2024-06-21T19:53,"cdc,cdround"
4901309269,Incilius valliceps,"Incilius valliceps (Wiegmann, 1833)",-89.543349,21.033184,NA,HUMAN_OBSERVATION,iNaturalist,50c9509d-22c7-4a22-a47d-8c48425ef4a7,MX,Yucatán,2024,2024-06-14T15:40:19,"cdc,cdround"
4901329434,Incilius valliceps,"Incilius valliceps (Wiegmann, 1833)",-90.077667,20.871947,NA,HUMAN_OBSERVATION,iNaturalist,50c9509d-22c7-4a22-a47d-8c48425ef4a7,MX,Yucatán,2024,2024-06-23T00:49:49,"cdc,cdround"
4901595718,Incilius valliceps,"Incilius valliceps (Wiegmann, 1833)",-89.656525,20.768958,22,HUMAN_OBSERVATION,iNaturalist,50c9509d-22c7-4a22-a47d-8c48425ef4a7,MX,Yucatán,2024,2024-06-19T21:26:05,"cdc,cdround"
4901630948,Incilius valliceps,"Incilius valliceps (Wiegmann, 1833)",-96.961208,18.930786,NA,HUMAN_OBSERVATION,iNaturalist,50c9509d-22c7-4a22-a47d-8c48425ef4a7,MX,Veracruz,2024,2024-06-17T16:53:22,"cdc,cdround"
4901684420,Incilius valliceps,"Incilius valliceps (Wiegmann, 1833)",-89.512724,21.085872,NA,HUMAN_OBSERVATION,iNaturalist,50c9509d-22c7-4a22-a47d-8c48425ef4a7,MX,Yucatán,2024,2024-06-15T23:33:38,"cdc,cdround"
4901718595,Incilius valliceps,"Incilius valliceps (Wiegmann, 1833)",-89.656455,21.026117,NA,HUMAN_OBSERVATION,iNaturalist,50c9509d-22c7-4a22-a47d-8c48425ef4a7,MX,Yucatán,2024,2024-06-20T21:09:28,"cdc,cdround"
4901746099,Incilius valliceps,"Incilius valliceps (Wiegmann, 1833)",-87.393858,20.458372,NA,HUMAN_OBSERVATION,iNaturalist,50c9509d-22c7-4a22-a47d-8c48425ef4a7,MX,Quintana Roo,2024,2024-06-19T11:02:52,"cdc,cdround"
4901757594,Incilius valliceps,"Incilius valliceps (Wiegmann, 1833)",-89.588365,21.085625,500,HUMAN_OBSERVATION,iNaturalist,50c9509d-22c7-4a22-a47d-8c48425ef4a7,MX,Yucatán,2024,2024-06-19T22:47:45,"cdc,cdround"
4902120514,Incilius valliceps,"Incilius valliceps (Wiegmann, 1833)",-90.078583,20.871363,NA,HUMAN_OBSERVATION,iNaturalist,50c9509d-22c7-4a22-a47d-8c48425ef4a7,MX,Yucatán,2024,2024-06-23T00:36:16,"cdc,cdround"
4902130383,Incilius valliceps,"Incilius valliceps (Wiegmann, 1833)",-89.688744,21.128279,8,HUMAN_OBSERVATION,iNaturalist,50c9509d-22c7-4a22-a47d-8c48425ef4a7,MX,Yucatán,2024,2024-06-16T08:15,"cdc,cdround"
4903750950,Incilius valliceps,"Incilius valliceps (Wiegmann, 1833)",-89.576653,20.947761,205,HUMAN_OBSERVATION,iNaturalist,50c9509d-22c7-4a22-a47d-8c48425ef4a7,MX,Yucatán,2024,2024-06-24T18:32,"cdc,cdround"
4903815469,Incilius valliceps,"Incilius valliceps (Wiegmann, 1833)",-88.279633,16.851646,NA,HUMAN_OBSERVATION,iNaturalist,50c9509d-22c7-4a22-a47d-8c48425ef4a7,BZ,Stann Creek,2024,2024-06-26T19:22:35,"cdc,cdround"
4903916868,Incilius valliceps,"Incilius valliceps (Wiegmann, 1833)",-89.528873,21.060067,4,HUMAN_OBSERVATION,iNaturalist,50c9509d-22c7-4a22-a47d-8c48425ef4a7,MX,Yucatán,2024,2024-06-15T23:12,"cdc,cdround"
4903969418,Incilius valliceps,"Incilius valliceps (Wiegmann, 1833)",-89.612246,17.225288,4,HUMAN_OBSERVATION,iNaturalist,50c9509d-22c7-4a22-a47d-8c48425ef4a7,GT,Petén,2024,2024-06-22T19:58,"cdc,cdround"
4904066822,Incilius valliceps,"Incilius valliceps (Wiegmann, 1833)",-89.512575,21.085815,2,HUMAN_OBSERVATION,iNaturalist,50c9509d-22c7-4a22-a47d-8c48425ef4a7,MX,Yucatán,2024,2024-06-15T23:30,"cdc,cdround"
4904143537,Incilius valliceps,"Incilius valliceps (Wiegmann, 1833)",-89.512605,21.0858,2,HUMAN_OBSERVATION,iNaturalist,50c9509d-22c7-4a22-a47d-8c48425ef4a7,MX,Yucatán,2024,2024-06-15T23:30,"cdc,cdround"
4904240749,Incilius valliceps,"Incilius valliceps (Wiegmann, 1833)",-89.512523,21.085816,2,HUMAN_OBSERVATION,iNaturalist,50c9509d-22c7-4a22-a47d-8c48425ef4a7,MX,Yucatán,2024,2024-06-15T23:34,"cdc,cdround"
4904260569,Incilius valliceps,"Incilius valliceps (Wiegmann, 1833)",-87.974837,15.611723,2,HUMAN_OBSERVATION,iNaturalist,50c9509d-22c7-4a22-a47d-8c48425ef4a7,HN,Cortés,2024,2024-06-21T22:13,"cdc,cdround"
4904279098,Incilius valliceps,"Incilius valliceps (Wiegmann, 1833)",-89.528829,21.060068,8,HUMAN_OBSERVATION,iNaturalist,50c9509d-22c7-4a22-a47d-8c48425ef4a7,MX,Yucatán,2024,2024-06-15T23:13,"cdc,cdround"
4904299173,Incilius valliceps,"Incilius valliceps (Wiegmann, 1833)",-89.512614,21.085826,2,HUMAN_OBSERVATION,iNaturalist,50c9509d-22c7-4a22-a47d-8c48425ef4a7,MX,Yucatán,2024,2024-06-15T23:31,"cdc,cdround"
4904366127,Incilius valliceps,"Incilius valliceps (Wiegmann, 1833)",-86.23254,15.53142,31,HUMAN_OBSERVATION,iNaturalist,50c9509d-22c7-4a22-a47d-8c48425ef4a7,HN,Yoro,2024,2024-06-27T17:23,"cdc,cdround"
4907999838,Incilius valliceps,"Incilius valliceps (Wiegmann, 1833)",-88.380716,18.722342,61,HUMAN_OBSERVATION,iNaturalist,50c9509d-22c7-4a22-a47d-8c48425ef4a7,MX,Quintana Roo,2024,2024-06-25T20:01,"cdc,cdround"
4908012535,Incilius valliceps,"Incilius valliceps (Wiegmann, 1833)",-88.381573,18.724713,31,HUMAN_OBSERVATION,iNaturalist,50c9509d-22c7-4a22-a47d-8c48425ef4a7,MX,Quintana Roo,2024,2024-06-25T19:57,"cdc,cdround"
4908039339,Incilius valliceps,"Incilius valliceps (Wiegmann, 1833)",-88.379235,18.73037,122,HUMAN_OBSERVATION,iNaturalist,50c9509d-22c7-4a22-a47d-8c48425ef4a7,MX,Quintana Roo,2024,2024-06-25T19:41,"cdc,cdround"
4908400380,Incilius valliceps,"Incilius valliceps (Wiegmann, 1833)",-88.381214,18.727901,15,HUMAN_OBSERVATION,iNaturalist,50c9509d-22c7-4a22-a47d-8c48425ef4a7,MX,Quintana Roo,2024,2024-06-25T19:12,"cdc,cdround"
4908829548,Incilius valliceps,"Incilius valliceps (Wiegmann, 1833)",-89.441094,18.398854,10,HUMAN_OBSERVATION,iNaturalist,50c9509d-22c7-4a22-a47d-8c48425ef4a7,MX,Campeche,2024,2024-06-13T10:54,"cdc,cdround"
4908935860,Incilius valliceps,"Incilius valliceps (Wiegmann, 1833)",-88.382254,18.725917,15,HUMAN_OBSERVATION,iNaturalist,50c9509d-22c7-4a22-a47d-8c48425ef4a7,MX,Quintana Roo,2024,2024-06-25T19:55,"cdc,cdround"
4909093814,Incilius valliceps,"Incilius valliceps (Wiegmann, 1833)",-88.296146,18.500189,7932,HUMAN_OBSERVATION,iNaturalist,50c9509d-22c7-4a22-a47d-8c48425ef4a7,MX,Quintana Roo,2024,2024-06-29T21:23,"cdc,cdround"
4910725494,Incilius valliceps,"Incilius valliceps (Wiegmann, 1833)",-90.078765,20.871688,15,HUMAN_OBSERVATION,iNaturalist,50c9509d-22c7-4a22-a47d-8c48425ef4a7,MX,Yucatán,2024,2024-06-22T21:33,"cdc,cdround"
4910833051,Incilius valliceps,"Incilius valliceps (Wiegmann, 1833)",-88.224502,18.90452,8,HUMAN_OBSERVATION,iNaturalist,50c9509d-22c7-4a22-a47d-8c48425ef4a7,MX,Quintana Roo,2024,2024-06-25T14:42,"cdc,cdround"
4910862624,Incilius valliceps,"Incilius valliceps (Wiegmann, 1833)",-90.077962,20.872012,8,HUMAN_OBSERVATION,iNaturalist,50c9509d-22c7-4a22-a47d-8c48425ef4a7,MX,Yucatán,2024,2024-06-22T21:57,"cdc,cdround"
4910898026,Incilius valliceps,"Incilius valliceps (Wiegmann, 1833)",-90.077992,20.871418,8,HUMAN_OBSERVATION,iNaturalist,50c9509d-22c7-4a22-a47d-8c48425ef4a7,MX,Yucatán,2024,2024-06-22T22:10,"cdc,cdround"
4910914224,Incilius valliceps,"Incilius valliceps (Wiegmann, 1833)",-90.07812,20.871755,8,HUMAN_OBSERVATION,iNaturalist,50c9509d-22c7-4a22-a47d-8c48425ef4a7,MX,Yucatán,2024,2024-06-22T22:16,"cdc,cdround"
4910985894,Incilius valliceps,"Incilius valliceps (Wiegmann, 1833)",-89.656127,20.769404,11,HUMAN_OBSERVATION,iNaturalist,50c9509d-22c7-4a22-a47d-8c48425ef4a7,MX,Yucatán,2024,2024-06-20T21:49:05,"cdc,cdround"
4923858220,Incilius valliceps,"Incilius valliceps (Wiegmann, 1833)",-88.196009,20.678034,12,HUMAN_OBSERVATION,iNaturalist,50c9509d-22c7-4a22-a47d-8c48425ef4a7,MX,Yucatán,2024,2024-06-10T22:18,"cdc,cdround"
4980675310,Incilius valliceps,"Incilius valliceps (Wiegmann, 1833)",-85.081297,11.021415,5,HUMAN_OBSERVATION,iNaturalist,50c9509d-22c7-4a22-a47d-8c48425ef4a7,NI,Río San Juan,2024,2024-06-07T21:10:53,"cdc,cdround"
5083205234,Incilius valliceps,"Incilius valliceps (Wiegmann, 1833)",-85.176346,10.69997,5000,HUMAN_OBSERVATION,NA,e03a781b-fe24-4bd2-af19-34ab4a3bb5ab,CR,NA,2024,2024-06-13,"cdc,cdround,cudc,gass84,osiic"
5840550670,Incilius valliceps,"Incilius valliceps (Wiegmann, 1833)",-89.45058,20.812693,2085,HUMAN_OBSERVATION,iNaturalist,50c9509d-22c7-4a22-a47d-8c48425ef4a7,MX,Yucatán,2024,2024-06-13T10:59,"cdc,cdround"
5892599024,Incilius valliceps,"Incilius valliceps (Wiegmann, 1833)",-89.601664,21.085529,61,HUMAN_OBSERVATION,iNaturalist,50c9509d-22c7-4a22-a47d-8c48425ef4a7,MX,Yucatán,2024,2024-06-13T21:17,"cdc,cdround"
5892863974,Incilius valliceps,"Incilius valliceps (Wiegmann, 1833)",-89.599507,21.084716,15,HUMAN_OBSERVATION,iNaturalist,50c9509d-22c7-4a22-a47d-8c48425ef4a7,MX,Yucatán,2024,2024-06-13T21:00,"cdc,cdround"
5892873344,Incilius valliceps,"Incilius valliceps (Wiegmann, 1833)",-89.608714,21.09008,15,HUMAN_OBSERVATION,iNaturalist,50c9509d-22c7-4a22-a47d-8c48425ef4a7,MX,Yucatán,2024,2024-06-12T21:20,"cdc,cdround"
5892883655,Incilius valliceps,"Incilius valliceps (Wiegmann, 1833)",-89.594763,21.08468,15,HUMAN_OBSERVATION,iNaturalist,50c9509d-22c7-4a22-a47d-8c48425ef4a7,MX,Yucatán,2024,2024-06-13T22:16,"cdc,cdround"
6147459714,Incilius valliceps,"Incilius valliceps (Wiegmann, 1833)",-92.984272,17.988667,NA,HUMAN_OBSERVATION,iNaturalist,50c9509d-22c7-4a22-a47d-8c48425ef4a7,MX,Tabasco,2024,2024-06-13T06:37:22,"cdc,cdround"
6159636710,Incilius valliceps,"Incilius valliceps (Wiegmann, 1833)",-96.540237,19.176168,NA,HUMAN_OBSERVATION,iNaturalist,50c9509d-22c7-4a22-a47d-8c48425ef4a7,MX,Veracruz,2024,2024-06-22T10:25:46,"cdc,cdround"
6159646036,Incilius valliceps,"Incilius valliceps (Wiegmann, 1833)",-89.407461,21.113164,8,HUMAN_OBSERVATION,iNaturalist,50c9509d-22c7-4a22-a47d-8c48425ef4a7,MX,Yucatán,2024,2024-06-13T08:01,"cdc,cdround"
6195513060,Incilius valliceps,"Incilius valliceps (Wiegmann, 1833)",-87.976644,15.613375,8,HUMAN_OBSERVATION,iNaturalist,50c9509d-22c7-4a22-a47d-8c48425ef4a7,HN,Cortés,2024,2024-06-21T19:42,"cdc,cdround"
6441415816,Incilius valliceps,"Incilius valliceps (Wiegmann, 1833)",-96.917175,19.506433,5,HUMAN_OBSERVATION,iNaturalist,50c9509d-22c7-4a22-a47d-8c48425ef4a7,MX,Veracruz,2024,2024-06-07T23:21:16,"cdc,cdround"
6479291572,Incilius valliceps,"Incilius valliceps (Wiegmann, 1833)",-96.918253000000007,19.507187,3,HUMAN_OBSERVATION,iNaturalist,50c9509d-22c7-4a22-a47d-8c48425ef4a7,MX,Veracruz,2024,2024-06-25T20:11:09,"cdc,cdround"
6481006394,Incilius valliceps,"Incilius valliceps (Wiegmann, 1833)",-96.92068,19.512522,6,HUMAN_OBSERVATION,iNaturalist,50c9509d-22c7-4a22-a47d-8c48425ef4a7,MX,Veracruz,2024,2024-06-26T21:08:25,"cdc,cdround"
4904137168,Incilius valliceps,"Incilius valliceps (Wiegmann, 1833)",-90.359,19.995264,NA,HUMAN_OBSERVATION,iNaturalist,50c9509d-22c7-4a22-a47d-8c48425ef4a7,MX,Campeche,2024,2024-07-01T11:25:22,"cdc,cdround"
4908008801,Incilius valliceps,"Incilius valliceps (Wiegmann, 1833)",-87.997721,21.451449,1509,HUMAN_OBSERVATION,iNaturalist,50c9509d-22c7-4a22-a47d-8c48425ef4a7,MX,Yucatán,2024,2024-07-02T19:20,"cdc,cdround"
4908031176,Incilius valliceps,"Incilius valliceps (Wiegmann, 1833)",-87.997721,21.451449,1509,HUMAN_OBSERVATION,iNaturalist,50c9509d-22c7-4a22-a47d-8c48425ef4a7,MX,Yucatán,2024,2024-07-02T19:27,"cdc,cdround"
4908069189,Incilius valliceps,"Incilius valliceps (Wiegmann, 1833)",-89.576653,20.947761,205,HUMAN_OBSERVATION,iNaturalist,50c9509d-22c7-4a22-a47d-8c48425ef4a7,MX,Yucatán,2024,2024-07-06T08:56,"cdc,cdround"
4908083802,Incilius valliceps,"Incilius valliceps (Wiegmann, 1833)",-87.997721,21.451449,1509,HUMAN_OBSERVATION,iNaturalist,50c9509d-22c7-4a22-a47d-8c48425ef4a7,MX,Yucatán,2024,2024-07-02T19:20,"cdc,cdround"
4908091768,Incilius valliceps,"Incilius valliceps (Wiegmann, 1833)",-89.656327,20.768786,15,HUMAN_OBSERVATION,iNaturalist,50c9509d-22c7-4a22-a47d-8c48425ef4a7,MX,Yucatán,2024,2024-07-16T18:19,"cdc,cdround"
4908210227,Incilius valliceps,"Incilius valliceps (Wiegmann, 1833)",-88.091977,21.384564,61,HUMAN_OBSERVATION,iNaturalist,50c9509d-22c7-4a22-a47d-8c48425ef4a7,MX,Yucatán,2024,2024-07-03T21:41,"cdc,cdround"
4908393828,Incilius valliceps,"Incilius valliceps (Wiegmann, 1833)",-87.997721,21.451449,1509,HUMAN_OBSERVATION,iNaturalist,50c9509d-22c7-4a22-a47d-8c48425ef4a7,MX,Yucatán,2024,2024-07-02T20:52,"cdc,cdround"
4908502236,Incilius valliceps,"Incilius valliceps (Wiegmann, 1833)",-90.359109,19.998905,NA,HUMAN_OBSERVATION,iNaturalist,50c9509d-22c7-4a22-a47d-8c48425ef4a7,MX,Campeche,2024,2024-07-03T09:47:14,"cdc,cdround"
4908628459,Incilius valliceps,"Incilius valliceps (Wiegmann, 1833)",-87.956633,21.457256,78,HUMAN_OBSERVATION,iNaturalist,50c9509d-22c7-4a22-a47d-8c48425ef4a7,MX,Yucatán,2024,2024-07-03T21:13,"cdc,cdround"
4908680942,Incilius valliceps,"Incilius valliceps (Wiegmann, 1833)",-88.547804,17.071544,30764,HUMAN_OBSERVATION,iNaturalist,50c9509d-22c7-4a22-a47d-8c48425ef4a7,BZ,Cayo,2024,2024-07-03T22:47,"cdc,cdround"
4908861653,Incilius valliceps,"Incilius valliceps (Wiegmann, 1833)",-87.997721,21.451449,1509,HUMAN_OBSERVATION,iNaturalist,50c9509d-22c7-4a22-a47d-8c48425ef4a7,MX,Yucatán,2024,2024-07-02T19:36,"cdc,cdround"
4909090758,Incilius valliceps,"Incilius valliceps (Wiegmann, 1833)",-89.591185,21.146286,61,HUMAN_OBSERVATION,iNaturalist,50c9509d-22c7-4a22-a47d-8c48425ef4a7,MX,Yucatán,2024,2024-07-12T20:38,"cdc,cdround"
4910679763,Incilius valliceps,"Incilius valliceps (Wiegmann, 1833)",-89.104728,21.154981,NA,HUMAN_OBSERVATION,iNaturalist,50c9509d-22c7-4a22-a47d-8c48425ef4a7,MX,Yucatán,2024,2024-07-14T14:40:25,"cdc,cdround"
4910706241,Incilius valliceps,"Incilius valliceps (Wiegmann, 1833)",-87.956633,21.457256,78,HUMAN_OBSERVATION,iNaturalist,50c9509d-22c7-4a22-a47d-8c48425ef4a7,MX,Yucatán,2024,2024-07-03T21:09,"cdc,cdround"
4910706971,Incilius valliceps,"Incilius valliceps (Wiegmann, 1833)",-87.956633,21.457256,78,HUMAN_OBSERVATION,iNaturalist,50c9509d-22c7-4a22-a47d-8c48425ef4a7,MX,Yucatán,2024,2024-07-03T21:08,"cdc,cdround"
4910712836,Incilius valliceps,"Incilius valliceps (Wiegmann, 1833)",-87.997721,21.451449,1509,HUMAN_OBSERVATION,iNaturalist,50c9509d-22c7-4a22-a47d-8c48425ef4a7,MX,Yucatán,2024,2024-07-02T19:13,"cdc,cdround"
4910746762,Incilius valliceps,"Incilius valliceps (Wiegmann, 1833)",-89.605112,20.578722,4,HUMAN_OBSERVATION,iNaturalist,50c9509d-22c7-4a22-a47d-8c48425ef4a7,MX,Yucatán,2024,2024-07-15T19:22:24,"cdc,cdround"
4910767104,Incilius valliceps,"Incilius valliceps (Wiegmann, 1833)",-87.956633,21.457256,78,HUMAN_OBSERVATION,iNaturalist,50c9509d-22c7-4a22-a47d-8c48425ef4a7,MX,Yucatán,2024,2024-07-03T21:08,"cdc,cdround"
4910795877,Incilius valliceps,"Incilius valliceps (Wiegmann, 1833)",-89.589709,21.145323,122,HUMAN_OBSERVATION,iNaturalist,50c9509d-22c7-4a22-a47d-8c48425ef4a7,MX,Yucatán,2024,2024-07-12T20:44,"cdc,cdround"
4910798792,Incilius valliceps,"Incilius valliceps (Wiegmann, 1833)",-88.197293,20.691764,2,HUMAN_OBSERVATION,iNaturalist,50c9509d-22c7-4a22-a47d-8c48425ef4a7,MX,Yucatán,2024,2024-07-22T11:32,"cdc,cdround"
4910803700,Incilius valliceps,"Incilius valliceps (Wiegmann, 1833)",-89.609891,21.088952,31,HUMAN_OBSERVATION,iNaturalist,50c9509d-22c7-4a22-a47d-8c48425ef4a7,MX,Yucatán,2024,2024-07-08T20:22,"cdc,cdround"
4910893512,Incilius valliceps,"Incilius valliceps (Wiegmann, 1833)",-87.956633,21.457256,78,HUMAN_OBSERVATION,iNaturalist,50c9509d-22c7-4a22-a47d-8c48425ef4a7,MX,Yucatán,2024,2024-07-03T21:12,"cdc,cdround"
4910900023,Incilius valliceps,"Incilius valliceps (Wiegmann, 1833)",-87.956633,21.457256,78,HUMAN_OBSERVATION,iNaturalist,50c9509d-22c7-4a22-a47d-8c48425ef4a7,MX,Yucatán,2024,2024-07-03T21:09,"cdc,cdround"
4910914968,Incilius valliceps,"Incilius valliceps (Wiegmann, 1833)",-88.799245,20.101462,5594,HUMAN_OBSERVATION,iNaturalist,50c9509d-22c7-4a22-a47d-8c48425ef4a7,MX,Yucatán,2024,2024-07-16,"cdc,cdround"
4910921596,Incilius valliceps,"Incilius valliceps (Wiegmann, 1833)",-87.632523,20.649507,146,HUMAN_OBSERVATION,iNaturalist,50c9509d-22c7-4a22-a47d-8c48425ef4a7,MX,Quintana Roo,2024,2024-07-19T15:20:39,"cdc,cdround"
4910950307,Incilius valliceps,"Incilius valliceps (Wiegmann, 1833)",-89.656405,20.768766,2,HUMAN_OBSERVATION,iNaturalist,50c9509d-22c7-4a22-a47d-8c48425ef4a7,MX,Yucatán,2024,2024-07-20T08:00,"cdc,cdround"
4910960183,Incilius valliceps,"Incilius valliceps (Wiegmann, 1833)",-89.661782,20.988517,NA,HUMAN_OBSERVATION,iNaturalist,50c9509d-22c7-4a22-a47d-8c48425ef4a7,MX,Yucatán,2024,2024-07-02T16:59,cdc
4911085414,Incilius valliceps,"Incilius valliceps (Wiegmann, 1833)",-87.997721,21.451449,1509,HUMAN_OBSERVATION,iNaturalist,50c9509d-22c7-4a22-a47d-8c48425ef4a7,MX,Yucatán,2024,2024-07-02T19:24,"cdc,cdround"
4919110350,Incilius valliceps,"Incilius valliceps (Wiegmann, 1833)",-88.209623,20.74568,8,HUMAN_OBSERVATION,iNaturalist,50c9509d-22c7-4a22-a47d-8c48425ef4a7,MX,Yucatán,2024,2024-07-24T12:08,"cdc,cdround"
4919145122,Incilius valliceps,"Incilius valliceps (Wiegmann, 1833)",-88.209778,20.745761,15,HUMAN_OBSERVATION,iNaturalist,50c9509d-22c7-4a22-a47d-8c48425ef4a7,MX,Yucatán,2024,2024-07-24T12:09,"cdc,cdround"
4919222454,Incilius valliceps,"Incilius valliceps (Wiegmann, 1833)",-88.208117,20.745124,8,HUMAN_OBSERVATION,iNaturalist,50c9509d-22c7-4a22-a47d-8c48425ef4a7,MX,Yucatán,2024,2024-07-24T12:25,"cdc,cdround"
4919243302,Incilius valliceps,"Incilius valliceps (Wiegmann, 1833)",-87.734763,20.492729,4,HUMAN_OBSERVATION,iNaturalist,50c9509d-22c7-4a22-a47d-8c48425ef4a7,MX,Quintana Roo,2024,2024-07-15T05:10,"cdc,cdround"
4919292955,Incilius valliceps,"Incilius valliceps (Wiegmann, 1833)",-88.209682,20.74562,15,HUMAN_OBSERVATION,iNaturalist,50c9509d-22c7-4a22-a47d-8c48425ef4a7,MX,Yucatán,2024,2024-07-24T12:16,"cdc,cdround"
4919505782,Incilius valliceps,"Incilius valliceps (Wiegmann, 1833)",-88.209658,20.74554,4,HUMAN_OBSERVATION,iNaturalist,50c9509d-22c7-4a22-a47d-8c48425ef4a7,MX,Yucatán,2024,2024-07-24T12:07,"cdc,cdround"
4919586874,Incilius valliceps,"Incilius valliceps (Wiegmann, 1833)",-89.72102,21.073715,2,HUMAN_OBSERVATION,iNaturalist,50c9509d-22c7-4a22-a47d-8c48425ef4a7,MX,Yucatán,2024,2024-07-25T14:21,"cdc,cdround"
4919593913,Incilius valliceps,"Incilius valliceps (Wiegmann, 1833)",-88.209778,20.74544,15,HUMAN_OBSERVATION,iNaturalist,50c9509d-22c7-4a22-a47d-8c48425ef4a7,MX,Yucatán,2024,2024-07-24T11:47,"cdc,cdround"
4919630538,Incilius valliceps,"Incilius valliceps (Wiegmann, 1833)",-88.508408,14.49836,5,HUMAN_OBSERVATION,iNaturalist,50c9509d-22c7-4a22-a47d-8c48425ef4a7,HN,Lempira,2024,2024-07-24T11:55:35,"cdc,cdround"
4919650639,Incilius valliceps,"Incilius valliceps (Wiegmann, 1833)",-89.720827,21.073501,2,HUMAN_OBSERVATION,iNaturalist,50c9509d-22c7-4a22-a47d-8c48425ef4a7,MX,Yucatán,2024,2024-07-25T14:06,"cdc,cdround"
4919659058,Incilius valliceps,"Incilius valliceps (Wiegmann, 1833)",-88.209843,20.745721,4,HUMAN_OBSERVATION,iNaturalist,50c9509d-22c7-4a22-a47d-8c48425ef4a7,MX,Yucatán,2024,2024-07-24T12:12,"cdc,cdround"
4919671548,Incilius valliceps,"Incilius valliceps (Wiegmann, 1833)",-89.720997,21.073708,2,HUMAN_OBSERVATION,iNaturalist,50c9509d-22c7-4a22-a47d-8c48425ef4a7,MX,Yucatán,2024,2024-07-25T14:28,"cdc,cdround"
4919716589,Incilius valliceps,"Incilius valliceps (Wiegmann, 1833)",-89.721209,21.07352,2,HUMAN_OBSERVATION,iNaturalist,50c9509d-22c7-4a22-a47d-8c48425ef4a7,MX,Yucatán,2024,2024-07-25T13:07,"cdc,cdround"
4921672684,Incilius valliceps,"Incilius valliceps (Wiegmann, 1833)",-87.04368,20.675883,31,HUMAN_OBSERVATION,iNaturalist,50c9509d-22c7-4a22-a47d-8c48425ef4a7,MX,Quintana Roo,2024,2024-07-31T19:16:20,"cdc,cdround"
4921722322,Incilius valliceps,"Incilius valliceps (Wiegmann, 1833)",-89.585601,21.143759,61,HUMAN_OBSERVATION,iNaturalist,50c9509d-22c7-4a22-a47d-8c48425ef4a7,MX,Yucatán,2024,2024-07-12T20:38,"cdc,cdround"
4921819442,Incilius valliceps,"Incilius valliceps (Wiegmann, 1833)",-87.81727,20.848054,30434,HUMAN_OBSERVATION,iNaturalist,50c9509d-22c7-4a22-a47d-8c48425ef4a7,MX,Yucatán,2024,2024-07-30T13:29,"cdc,cdround"
4921874534,Incilius valliceps,"Incilius valliceps (Wiegmann, 1833)",-88.675432,20.539914,NA,HUMAN_OBSERVATION,iNaturalist,50c9509d-22c7-4a22-a47d-8c48425ef4a7,MX,Yucatán,2024,2024-07-31T20:22:59,"cdc,cdround"
4921877808,Incilius valliceps,"Incilius valliceps (Wiegmann, 1833)",-82.986135,12.300873,NA,HUMAN_OBSERVATION,iNaturalist,50c9509d-22c7-4a22-a47d-8c48425ef4a7,NI,Atlántico Sur,2024,2024-07-30T15:15:40,"cdc,cdround"
4922009260,Incilius valliceps,"Incilius valliceps (Wiegmann, 1833)",-89.629231,21.154013,61,HUMAN_OBSERVATION,iNaturalist,50c9509d-22c7-4a22-a47d-8c48425ef4a7,MX,Yucatán,2024,2024-07-12T21:15,"cdc,cdround"
4922036919,Incilius valliceps,"Incilius valliceps (Wiegmann, 1833)",-88.865318,21.356875,1000,HUMAN_OBSERVATION,iNaturalist,50c9509d-22c7-4a22-a47d-8c48425ef4a7,MX,Yucatán,2024,2024-07-12T07:30,cdc
4923670975,Incilius valliceps,"Incilius valliceps (Wiegmann, 1833)",-86.969083,20.476732,195,HUMAN_OBSERVATION,iNaturalist,50c9509d-22c7-4a22-a47d-8c48425ef4a7,MX,Quintana Roo,2024,2024-07-18T12:10:19,"cdc,cdround"
4923671651,Incilius valliceps,"Incilius valliceps (Wiegmann, 1833)",-88.66,19.913306,30527,HUMAN_OBSERVATION,iNaturalist,50c9509d-22c7-4a22-a47d-8c48425ef4a7,MX,Quintana Roo,2024,2024-07-15T20:30,"cdc,cdround"
4923812369,Incilius valliceps,"Incilius valliceps (Wiegmann, 1833)",-88.758491,19.898447,30527,HUMAN_OBSERVATION,iNaturalist,50c9509d-22c7-4a22-a47d-8c48425ef4a7,MX,Quintana Roo,2024,2024-07-15T20:25,"cdc,cdround"
4923831958,Incilius valliceps,"Incilius valliceps (Wiegmann, 1833)",-88.777255,19.866154,30527,HUMAN_OBSERVATION,iNaturalist,50c9509d-22c7-4a22-a47d-8c48425ef4a7,MX,Quintana Roo,2024,2024-07-15T20:20,"cdc,cdround"
4923961890,Incilius valliceps,"Incilius valliceps (Wiegmann, 1833)",-89.07071,17.095763,213,HUMAN_OBSERVATION,iNaturalist,50c9509d-22c7-4a22-a47d-8c48425ef4a7,BZ,Cayo,2024,2024-07-24T11:11,"cdc,cdround"
4924046428,Incilius valliceps,"Incilius valliceps (Wiegmann, 1833)",-88.647507,19.825328,30527,HUMAN_OBSERVATION,iNaturalist,50c9509d-22c7-4a22-a47d-8c48425ef4a7,MX,Quintana Roo,2024,2024-07-15T21:10,"cdc,cdround"
4924096172,Incilius valliceps,"Incilius valliceps (Wiegmann, 1833)",-88.655517,19.884821,30527,HUMAN_OBSERVATION,iNaturalist,50c9509d-22c7-4a22-a47d-8c48425ef4a7,MX,Quintana Roo,2024,2024-07-15T20:54,"cdc,cdround"
4945979239,Incilius valliceps,"Incilius valliceps (Wiegmann, 1833)",-88.70527,16.550347,36,HUMAN_OBSERVATION,iNaturalist,50c9509d-22c7-4a22-a47d-8c48425ef4a7,BZ,Toledo,2024,2024-07-09T16:21,"cdc,cdround"
4946102171,Incilius valliceps,"Incilius valliceps (Wiegmann, 1833)",-88.702947,16.550044,77,HUMAN_OBSERVATION,iNaturalist,50c9509d-22c7-4a22-a47d-8c48425ef4a7,BZ,Toledo,2024,2024-07-14T06:58,"cdc,cdround"
4946363039,Incilius valliceps,"Incilius valliceps (Wiegmann, 1833)",-88.708345,16.555662,40,HUMAN_OBSERVATION,iNaturalist,50c9509d-22c7-4a22-a47d-8c48425ef4a7,BZ,Toledo,2024,2024-07-09T10:28:14,"cdc,cdround"
4946563739,Incilius valliceps,"Incilius valliceps (Wiegmann, 1833)",-88.702802,16.54998,77,HUMAN_OBSERVATION,iNaturalist,50c9509d-22c7-4a22-a47d-8c48425ef4a7,BZ,Toledo,2024,2024-07-14T06:58,"cdc,cdround"
4950041708,Incilius valliceps,"Incilius valliceps (Wiegmann, 1833)",-88.703545,16.553917,4731,HUMAN_OBSERVATION,iNaturalist,50c9509d-22c7-4a22-a47d-8c48425ef4a7,BZ,Toledo,2024,2024-07-16T21:13:05,"cdc,cdround"
4950095419,Incilius valliceps,"Incilius valliceps (Wiegmann, 1833)",-88.703545,16.553917,4730,HUMAN_OBSERVATION,iNaturalist,50c9509d-22c7-4a22-a47d-8c48425ef4a7,BZ,Toledo,2024,2024-07-16T21:07,"cdc,cdround"
4950339207,Incilius valliceps,"Incilius valliceps (Wiegmann, 1833)",-88.702513,16.554383,38,HUMAN_OBSERVATION,iNaturalist,50c9509d-22c7-4a22-a47d-8c48425ef4a7,BZ,Toledo,2024,2024-07-16T21:18:29,"cdc,cdround"
4950434583,Incilius valliceps,"Incilius valliceps (Wiegmann, 1833)",-88.702513,16.554383,38,HUMAN_OBSERVATION,iNaturalist,50c9509d-22c7-4a22-a47d-8c48425ef4a7,BZ,Toledo,2024,2024-07-16T21:33,"cdc,cdround"
4950467134,Incilius valliceps,"Incilius valliceps (Wiegmann, 1833)",-88.7043,16.546705,5646,HUMAN_OBSERVATION,iNaturalist,50c9509d-22c7-4a22-a47d-8c48425ef4a7,BZ,Toledo,2024,2024-07-16T21:14:42,cdc
4952330553,Incilius valliceps,"Incilius valliceps (Wiegmann, 1833)",-87.40355,20.298722,4,HUMAN_OBSERVATION,iNaturalist,50c9509d-22c7-4a22-a47d-8c48425ef4a7,MX,Quintana Roo,2024,2024-07-21T10:44:36,"cdc,cdround"
4952412257,Incilius valliceps,"Incilius valliceps (Wiegmann, 1833)",-87.317725,20.435075,22,HUMAN_OBSERVATION,iNaturalist,50c9509d-22c7-4a22-a47d-8c48425ef4a7,MX,Quintana Roo,2024,2024-07-09T09:58:14,"cdc,cdround"
4976317430,Incilius valliceps,"Incilius valliceps (Wiegmann, 1833)",-89.297943,17.955784,61,HUMAN_OBSERVATION,iNaturalist,50c9509d-22c7-4a22-a47d-8c48425ef4a7,MX,Campeche,2024,2024-07-18T20:41,"cdc,cdround"
4976327708,Incilius valliceps,"Incilius valliceps (Wiegmann, 1833)",-89.310273,17.96263,15,HUMAN_OBSERVATION,iNaturalist,50c9509d-22c7-4a22-a47d-8c48425ef4a7,MX,Campeche,2024,2024-07-18T22:33,"cdc,cdround"
4976356616,Incilius valliceps,"Incilius valliceps (Wiegmann, 1833)",-89.307948,17.962566,31,HUMAN_OBSERVATION,iNaturalist,50c9509d-22c7-4a22-a47d-8c48425ef4a7,MX,Campeche,2024,2024-07-18T22:24,"cdc,cdround"
4976369655,Incilius valliceps,"Incilius valliceps (Wiegmann, 1833)",-89.307348,17.96246,122,HUMAN_OBSERVATION,iNaturalist,50c9509d-22c7-4a22-a47d-8c48425ef4a7,MX,Campeche,2024,2024-07-18T21:47,"cdc,cdround"
4976375827,Incilius valliceps,"Incilius valliceps (Wiegmann, 1833)",-89.305196,17.96394,31,HUMAN_OBSERVATION,iNaturalist,50c9509d-22c7-4a22-a47d-8c48425ef4a7,MX,Campeche,2024,2024-07-18T22:21,"cdc,cdround"
4976564377,Incilius valliceps,"Incilius valliceps (Wiegmann, 1833)",-89.310632,17.963041,8,HUMAN_OBSERVATION,iNaturalist,50c9509d-22c7-4a22-a47d-8c48425ef4a7,MX,Campeche,2024,2024-07-18T22:37,"cdc,cdround"
4976590021,Incilius valliceps,"Incilius valliceps (Wiegmann, 1833)",-89.305307,17.96297,31,HUMAN_OBSERVATION,iNaturalist,50c9509d-22c7-4a22-a47d-8c48425ef4a7,MX,Campeche,2024,2024-07-18T22:03,"cdc,cdround"
4976621876,Incilius valliceps,"Incilius valliceps (Wiegmann, 1833)",-89.306405,17.962764,61,HUMAN_OBSERVATION,iNaturalist,50c9509d-22c7-4a22-a47d-8c48425ef4a7,MX,Campeche,2024,2024-07-18T22:02,"cdc,cdround"
4976648543,Incilius valliceps,"Incilius valliceps (Wiegmann, 1833)",-89.305907,17.962785,15,HUMAN_OBSERVATION,iNaturalist,50c9509d-22c7-4a22-a47d-8c48425ef4a7,MX,Campeche,2024,2024-07-18T22:26,"cdc,cdround"
4994107065,Incilius valliceps,"Incilius valliceps (Wiegmann, 1833)",-86.969083,20.476732,195,HUMAN_OBSERVATION,iNaturalist,50c9509d-22c7-4a22-a47d-8c48425ef4a7,MX,Quintana Roo,2024,2024-07-18T12:12:28,"cdc,cdround"
5892367742,Incilius valliceps,"Incilius valliceps (Wiegmann, 1833)",-89.254999,21.193181,30415,HUMAN_OBSERVATION,iNaturalist,50c9509d-22c7-4a22-a47d-8c48425ef4a7,MX,Yucatán,2024,2024-07-22T11:41,"cdc,cdround"
6252373874,Incilius valliceps,"Incilius valliceps (Wiegmann, 1833)",-88.349267,14.945045,4,HUMAN_OBSERVATION,iNaturalist,50c9509d-22c7-4a22-a47d-8c48425ef4a7,HN,Santa Bárbara,2024,2024-07-21T09:42:20,"cdc,cdround"
4923611752,Incilius valliceps,"Incilius valliceps (Wiegmann, 1833)",-88.158835,21.121442,31,HUMAN_OBSERVATION,iNaturalist,50c9509d-22c7-4a22-a47d-8c48425ef4a7,MX,Yucatán,2024,2024-08-05T20:09,"cdc,cdround"
4923661104,Incilius valliceps,"Incilius valliceps (Wiegmann, 1833)",-89.767403,20.361595,10,HUMAN_OBSERVATION,iNaturalist,50c9509d-22c7-4a22-a47d-8c48425ef4a7,MX,Yucatán,2024,2024-08-05T19:07:01,"cdc,cdround"
4923715318,Incilius valliceps,"Incilius valliceps (Wiegmann, 1833)",-88.195298,20.678183,4,HUMAN_OBSERVATION,iNaturalist,50c9509d-22c7-4a22-a47d-8c48425ef4a7,MX,Yucatán,2024,2024-08-11T08:30,"cdc,cdround"
4923726696,Incilius valliceps,"Incilius valliceps (Wiegmann, 1833)",-88.195403,20.678098,2,HUMAN_OBSERVATION,iNaturalist,50c9509d-22c7-4a22-a47d-8c48425ef4a7,MX,Yucatán,2024,2024-08-10T22:09,"cdc,cdround"
4923742262,Incilius valliceps,"Incilius valliceps (Wiegmann, 1833)",-88.195737,20.678027,2,HUMAN_OBSERVATION,iNaturalist,50c9509d-22c7-4a22-a47d-8c48425ef4a7,MX,Yucatán,2024,2024-08-10T22:00,"cdc,cdround"
4923792749,Incilius valliceps,"Incilius valliceps (Wiegmann, 1833)",-88.195794,20.678024,8,HUMAN_OBSERVATION,iNaturalist,50c9509d-22c7-4a22-a47d-8c48425ef4a7,MX,Yucatán,2024,2024-08-10T22:09,"cdc,cdround"
4923796431,Incilius valliceps,"Incilius valliceps (Wiegmann, 1833)",-86.825124,21.20009,4,HUMAN_OBSERVATION,iNaturalist,50c9509d-22c7-4a22-a47d-8c48425ef4a7,MX,Quintana Roo,2024,2024-08-05T17:40,"cdc,cdround"
4923802030,Incilius valliceps,"Incilius valliceps (Wiegmann, 1833)",-88.195659,20.677838,4,HUMAN_OBSERVATION,iNaturalist,50c9509d-22c7-4a22-a47d-8c48425ef4a7,MX,Yucatán,2024,2024-08-10T21:33,"cdc,cdround"
4923832220,Incilius valliceps,"Incilius valliceps (Wiegmann, 1833)",-88.195751,20.678005,2,HUMAN_OBSERVATION,iNaturalist,50c9509d-22c7-4a22-a47d-8c48425ef4a7,MX,Yucatán,2024,2024-08-10T22:01,"cdc,cdround"
4923896113,Incilius valliceps,"Incilius valliceps (Wiegmann, 1833)",-88.19532,20.678144,2,HUMAN_OBSERVATION,iNaturalist,50c9509d-22c7-4a22-a47d-8c48425ef4a7,MX,Yucatán,2024,2024-08-11T07:58,"cdc,cdround"
4923926307,Incilius valliceps,"Incilius valliceps (Wiegmann, 1833)",-88.19554,20.677758,4,HUMAN_OBSERVATION,iNaturalist,50c9509d-22c7-4a22-a47d-8c48425ef4a7,MX,Yucatán,2024,2024-08-10T21:32,"cdc,cdround"
4923979847,Incilius valliceps,"Incilius valliceps (Wiegmann, 1833)",-88.195373,20.678097,2,HUMAN_OBSERVATION,iNaturalist,50c9509d-22c7-4a22-a47d-8c48425ef4a7,MX,Yucatán,2024,2024-08-10T22:08,"cdc,cdround"
4923989464,Incilius valliceps,"Incilius valliceps (Wiegmann, 1833)",-86.824454,21.201469,60,HUMAN_OBSERVATION,iNaturalist,50c9509d-22c7-4a22-a47d-8c48425ef4a7,MX,Quintana Roo,2024,2024-08-02T13:50:44,"cdc,cdround"
4924003465,Incilius valliceps,"Incilius valliceps (Wiegmann, 1833)",-87.773722,19.967756,488,HUMAN_OBSERVATION,iNaturalist,50c9509d-22c7-4a22-a47d-8c48425ef4a7,MX,Quintana Roo,2024,2024-08-02T14:16,"cdc,cdround"
4924016776,Incilius valliceps,"Incilius valliceps (Wiegmann, 1833)",-88.195788,20.678003,2,HUMAN_OBSERVATION,iNaturalist,50c9509d-22c7-4a22-a47d-8c48425ef4a7,MX,Yucatán,2024,2024-08-10T21:59,"cdc,cdround"
4924031167,Incilius valliceps,"Incilius valliceps (Wiegmann, 1833)",-86.825201,21.200195,4,HUMAN_OBSERVATION,iNaturalist,50c9509d-22c7-4a22-a47d-8c48425ef4a7,MX,Quintana Roo,2024,2024-08-05T17:41,"cdc,cdround"
4924076375,Incilius valliceps,"Incilius valliceps (Wiegmann, 1833)",-86.905313,20.871267,19,HUMAN_OBSERVATION,iNaturalist,50c9509d-22c7-4a22-a47d-8c48425ef4a7,MX,Quintana Roo,2024,2024-08-07T15:45:26,"cdc,cdround"
4924111739,Incilius valliceps,"Incilius valliceps (Wiegmann, 1833)",-88.158835,21.121442,31,HUMAN_OBSERVATION,iNaturalist,50c9509d-22c7-4a22-a47d-8c48425ef4a7,MX,Yucatán,2024,2024-08-03T21:19,"cdc,cdround"
4924158985,Incilius valliceps,"Incilius valliceps (Wiegmann, 1833)",-88.195398,20.678055,2,HUMAN_OBSERVATION,iNaturalist,50c9509d-22c7-4a22-a47d-8c48425ef4a7,MX,Yucatán,2024,2024-08-10T22:08,"cdc,cdround"
4924164745,Incilius valliceps,"Incilius valliceps (Wiegmann, 1833)",-88.19575,20.678137,4,HUMAN_OBSERVATION,iNaturalist,50c9509d-22c7-4a22-a47d-8c48425ef4a7,MX,Yucatán,2024,2024-08-11T07:47,"cdc,cdround"
4925856514,Incilius valliceps,"Incilius valliceps (Wiegmann, 1833)",-88.131205,19.017451,8,HUMAN_OBSERVATION,iNaturalist,50c9509d-22c7-4a22-a47d-8c48425ef4a7,MX,Quintana Roo,2024,2024-08-15T10:45:04,"cdc,cdround"
4925907050,Incilius valliceps,"Incilius valliceps (Wiegmann, 1833)",-89.688525,20.981862,NA,HUMAN_OBSERVATION,iNaturalist,50c9509d-22c7-4a22-a47d-8c48425ef4a7,MX,Yucatán,2024,2024-08-17T08:47,"cdc,cdround"
4926078023,Incilius valliceps,"Incilius valliceps (Wiegmann, 1833)",-88.382839,18.725548,45,HUMAN_OBSERVATION,iNaturalist,50c9509d-22c7-4a22-a47d-8c48425ef4a7,MX,Quintana Roo,2024,2024-08-15T18:13:59,"cdc,cdround"
4926118591,Incilius valliceps,"Incilius valliceps (Wiegmann, 1833)",-88.710813,20.05763,25,HUMAN_OBSERVATION,iNaturalist,50c9509d-22c7-4a22-a47d-8c48425ef4a7,MX,Yucatán,2024,2024-08-09T21:05,"cdc,cdround"
4926149786,Incilius valliceps,"Incilius valliceps (Wiegmann, 1833)",-89.376305,21.140633,NA,HUMAN_OBSERVATION,iNaturalist,50c9509d-22c7-4a22-a47d-8c48425ef4a7,MX,Yucatán,2024,2024-08-18T21:57,"cdc,cdround"
4926295324,Incilius valliceps,"Incilius valliceps (Wiegmann, 1833)",-88.37089,18.741307,7,HUMAN_OBSERVATION,iNaturalist,50c9509d-22c7-4a22-a47d-8c48425ef4a7,MX,Quintana Roo,2024,2024-08-15T17:45,"cdc,cdround"
4926355545,Incilius valliceps,"Incilius valliceps (Wiegmann, 1833)",-88.189256,20.678584,2462,HUMAN_OBSERVATION,iNaturalist,50c9509d-22c7-4a22-a47d-8c48425ef4a7,MX,Yucatán,2024,2024-08-12,"cdc,cdround"
4935798410,Incilius valliceps,"Incilius valliceps (Wiegmann, 1833)",-86.930433,15.69536,4,HUMAN_OBSERVATION,iNaturalist,50c9509d-22c7-4a22-a47d-8c48425ef4a7,HN,Atlántida,2024,2024-08-02T21:15,"cdc,cdround"
4935826398,Incilius valliceps,"Incilius valliceps (Wiegmann, 1833)",-88.756903,17.252506,NA,HUMAN_OBSERVATION,iNaturalist,50c9509d-22c7-4a22-a47d-8c48425ef4a7,BZ,Cayo,2024,2024-08-24T09:54:18,"cdc,cdround"
4935933252,Incilius valliceps,"Incilius valliceps (Wiegmann, 1833)",-88.158835,21.121442,31,HUMAN_OBSERVATION,iNaturalist,50c9509d-22c7-4a22-a47d-8c48425ef4a7,MX,Yucatán,2024,2024-08-26T21:16,"cdc,cdround"
4936019053,Incilius valliceps,"Incilius valliceps (Wiegmann, 1833)",-96.932425,19.132666,1147,HUMAN_OBSERVATION,iNaturalist,50c9509d-22c7-4a22-a47d-8c48425ef4a7,MX,Veracruz,2024,2024-08-23T14:45:51,"cdc,cdround"
4936048143,Incilius valliceps,"Incilius valliceps (Wiegmann, 1833)",-88.75737,17.253012,40,HUMAN_OBSERVATION,iNaturalist,50c9509d-22c7-4a22-a47d-8c48425ef4a7,BZ,Cayo,2024,2024-08-23T19:47:29,"cdc,cdround"
4936072268,Incilius valliceps,"Incilius valliceps (Wiegmann, 1833)",-89.752514,20.411802,15,HUMAN_OBSERVATION,iNaturalist,50c9509d-22c7-4a22-a47d-8c48425ef4a7,MX,Yucatán,2024,2024-08-26T19:58,"cdc,cdround"
4936612751,Incilius valliceps,"Incilius valliceps (Wiegmann, 1833)",-94.387276,18.141388,NA,HUMAN_OBSERVATION,iNaturalist,50c9509d-22c7-4a22-a47d-8c48425ef4a7,MX,Veracruz,2024,2024-08-28T11:24:43,"cdc,cdround"
4936712080,Incilius valliceps,"Incilius valliceps (Wiegmann, 1833)",-88.75506,17.246785,94,HUMAN_OBSERVATION,iNaturalist,50c9509d-22c7-4a22-a47d-8c48425ef4a7,BZ,Cayo,2024,2024-08-24T11:07:01,"cdc,cdround"
4936796220,Incilius valliceps,"Incilius valliceps (Wiegmann, 1833)",-88.757419,17.253242,NA,HUMAN_OBSERVATION,iNaturalist,50c9509d-22c7-4a22-a47d-8c48425ef4a7,BZ,Cayo,2024,2024-08-24T10:14:17,"cdc,cdround"
4936811122,Incilius valliceps,"Incilius valliceps (Wiegmann, 1833)",-88.758095,17.256738,4,HUMAN_OBSERVATION,iNaturalist,50c9509d-22c7-4a22-a47d-8c48425ef4a7,BZ,Cayo,2024,2024-08-23T14:42:37,"cdc,cdround"
4945500153,Incilius valliceps,"Incilius valliceps (Wiegmann, 1833)",-87.977708,15.460993,NA,HUMAN_OBSERVATION,iNaturalist,50c9509d-22c7-4a22-a47d-8c48425ef4a7,HN,Cortés,2024,2024-08-16T16:32,"cdc,cdround"
4945539825,Incilius valliceps,"Incilius valliceps (Wiegmann, 1833)",-89.916117,17.048362,NA,HUMAN_OBSERVATION,iNaturalist,50c9509d-22c7-4a22-a47d-8c48425ef4a7,GT,Petén,2024,2024-08-22T09:02:01,"cdc,cdround"
4945617450,Incilius valliceps,"Incilius valliceps (Wiegmann, 1833)",-88.417156,17.014762,30764,HUMAN_OBSERVATION,iNaturalist,50c9509d-22c7-4a22-a47d-8c48425ef4a7,BZ,Cayo,2024,2024-08-13T16:20,"cdc,cdround"
4946142888,Incilius valliceps,"Incilius valliceps (Wiegmann, 1833)",-90.015503,17.399591,NA,HUMAN_OBSERVATION,iNaturalist,50c9509d-22c7-4a22-a47d-8c48425ef4a7,GT,Petén,2024,2024-08-31T20:19:59,"cdc,cdround"
4946598684,Incilius valliceps,"Incilius valliceps (Wiegmann, 1833)",-87.913047,14.879433,4530,HUMAN_OBSERVATION,iNaturalist,50c9509d-22c7-4a22-a47d-8c48425ef4a7,HN,Cortés,2024,2024-08-14T12:19:40,"cdc,cdround"
4952531853,Incilius valliceps,"Incilius valliceps (Wiegmann, 1833)",-89.756291,20.409744,8,HUMAN_OBSERVATION,iNaturalist,50c9509d-22c7-4a22-a47d-8c48425ef4a7,MX,Yucatán,2024,2024-08-27T20:33:17,"cdc,cdround"
4952623337,Incilius valliceps,"Incilius valliceps (Wiegmann, 1833)",-89.618673,20.837197,6774,HUMAN_OBSERVATION,iNaturalist,50c9509d-22c7-4a22-a47d-8c48425ef4a7,MX,Yucatán,2024,2024-08-13T12:19,"cdc,cdround"
4952630036,Incilius valliceps,"Incilius valliceps (Wiegmann, 1833)",-88.195751,20.677866,2,HUMAN_OBSERVATION,iNaturalist,50c9509d-22c7-4a22-a47d-8c48425ef4a7,MX,Yucatán,2024,2024-08-21T20:39,"cdc,cdround"
4954312635,Incilius valliceps,"Incilius valliceps (Wiegmann, 1833)",-88.158835,21.121442,31,HUMAN_OBSERVATION,iNaturalist,50c9509d-22c7-4a22-a47d-8c48425ef4a7,MX,Yucatán,2024,2024-08-21T21:54,"cdc,cdround"
4954477232,Incilius valliceps,"Incilius valliceps (Wiegmann, 1833)",-88.158835,21.121442,31,HUMAN_OBSERVATION,iNaturalist,50c9509d-22c7-4a22-a47d-8c48425ef4a7,MX,Yucatán,2024,2024-08-21T21:46,"cdc,cdround"
4954643449,Incilius valliceps,"Incilius valliceps (Wiegmann, 1833)",-88.172719,21.157709,202,HUMAN_OBSERVATION,iNaturalist,50c9509d-22c7-4a22-a47d-8c48425ef4a7,MX,Yucatán,2024,2024-08-07T13:34,"cdc,cdround"
4954690806,Incilius valliceps,"Incilius valliceps (Wiegmann, 1833)",-88.156738,21.120461,NA,HUMAN_OBSERVATION,iNaturalist,50c9509d-22c7-4a22-a47d-8c48425ef4a7,MX,Yucatán,2024,2024-08-07T19:34:20,"cdc,cdround"
4954714919,Incilius valliceps,"Incilius valliceps (Wiegmann, 1833)",-88.158835,21.121442,31,HUMAN_OBSERVATION,iNaturalist,50c9509d-22c7-4a22-a47d-8c48425ef4a7,MX,Yucatán,2024,2024-08-20T21:45,"cdc,cdround"
4954734950,Incilius valliceps,"Incilius valliceps (Wiegmann, 1833)",-88.158835,21.121442,31,HUMAN_OBSERVATION,iNaturalist,50c9509d-22c7-4a22-a47d-8c48425ef4a7,MX,Yucatán,2024,2024-08-28T21:26,"cdc,cdround"
4993811387,Incilius valliceps,"Incilius valliceps (Wiegmann, 1833)",-88.756578,17.250943,29,HUMAN_OBSERVATION,iNaturalist,50c9509d-22c7-4a22-a47d-8c48425ef4a7,BZ,Cayo,2024,2024-08-23T19:53:27,"cdc,cdround"
4994447118,Incilius valliceps,"Incilius valliceps (Wiegmann, 1833)",-88.757527,17.253165,20,HUMAN_OBSERVATION,iNaturalist,50c9509d-22c7-4a22-a47d-8c48425ef4a7,BZ,Cayo,2024,2024-08-23T14:22:12,"cdc,cdround"
5007918648,Incilius valliceps,"Incilius valliceps (Wiegmann, 1833)",-88.322293,16.688967,20,HUMAN_OBSERVATION,iNaturalist,50c9509d-22c7-4a22-a47d-8c48425ef4a7,BZ,Stann Creek,2024,2024-08-31T11:34:54,"cdc,cdround"
5133689010,Incilius valliceps,"Incilius valliceps (Wiegmann, 1833)",-94.879823,18.289588,3843,HUMAN_OBSERVATION,iNaturalist,50c9509d-22c7-4a22-a47d-8c48425ef4a7,MX,Veracruz,2024,2024-08-25T19:16,"cdc,cdround"
5139996441,Incilius valliceps,"Incilius valliceps (Wiegmann, 1833)",-94.878793,18.300345,3843,HUMAN_OBSERVATION,iNaturalist,50c9509d-22c7-4a22-a47d-8c48425ef4a7,MX,Veracruz,2024,2024-08-25T19:17,"cdc,cdround"
5140000428,Incilius valliceps,"Incilius valliceps (Wiegmann, 1833)",-94.879593,18.302499,1260,HUMAN_OBSERVATION,iNaturalist,50c9509d-22c7-4a22-a47d-8c48425ef4a7,MX,Veracruz,2024,2024-08-13T05:25,"cdc,cdround"
5231194584,Incilius valliceps,"Incilius valliceps (Wiegmann, 1833)",-94.878793,18.300345,3843,HUMAN_OBSERVATION,iNaturalist,50c9509d-22c7-4a22-a47d-8c48425ef4a7,MX,Veracruz,2024,2024-08-25T19:37,"cdc,cdround"
5238090404,Incilius valliceps,"Incilius valliceps (Wiegmann, 1833)",-94.880853,18.305098,6308,HUMAN_OBSERVATION,iNaturalist,50c9509d-22c7-4a22-a47d-8c48425ef4a7,MX,Veracruz,2024,2024-08-13T19:37,"cdc,cdround"
5892440221,Incilius valliceps,"Incilius valliceps (Wiegmann, 1833)",-89.592016,21.091212,8,HUMAN_OBSERVATION,iNaturalist,50c9509d-22c7-4a22-a47d-8c48425ef4a7,MX,Yucatán,2024,2024-08-08T21:33,"cdc,cdround"
5892452422,Incilius valliceps,"Incilius valliceps (Wiegmann, 1833)",-89.605956,21.092476,15,HUMAN_OBSERVATION,iNaturalist,50c9509d-22c7-4a22-a47d-8c48425ef4a7,MX,Yucatán,2024,2024-08-06T20:43,"cdc,cdround"
5892471855,Incilius valliceps,"Incilius valliceps (Wiegmann, 1833)",-89.609872,21.089048,31,HUMAN_OBSERVATION,iNaturalist,50c9509d-22c7-4a22-a47d-8c48425ef4a7,MX,Yucatán,2024,2024-08-06T21:25,"cdc,cdround"
5892486062,Incilius valliceps,"Incilius valliceps (Wiegmann, 1833)",-89.607525,21.091111,31,HUMAN_OBSERVATION,iNaturalist,50c9509d-22c7-4a22-a47d-8c48425ef4a7,MX,Yucatán,2024,2024-08-06T21:21,"cdc,cdround"
5892488997,Incilius valliceps,"Incilius valliceps (Wiegmann, 1833)",-89.708451,21.020432,8,HUMAN_OBSERVATION,iNaturalist,50c9509d-22c7-4a22-a47d-8c48425ef4a7,MX,Yucatán,2024,2024-08-23T19:21,"cdc,cdround"
5892509453,Incilius valliceps,"Incilius valliceps (Wiegmann, 1833)",-89.606239,21.09225,15,HUMAN_OBSERVATION,iNaturalist,50c9509d-22c7-4a22-a47d-8c48425ef4a7,MX,Yucatán,2024,2024-08-06T21:07,"cdc,cdround"
5892614633,Incilius valliceps,"Incilius valliceps (Wiegmann, 1833)",-89.756287,20.409818,9,HUMAN_OBSERVATION,iNaturalist,50c9509d-22c7-4a22-a47d-8c48425ef4a7,MX,Yucatán,2024,2024-08-26T20:13:43,"cdc,cdround"
5892645265,Incilius valliceps,"Incilius valliceps (Wiegmann, 1833)",-89.606933,21.0917,15,HUMAN_OBSERVATION,iNaturalist,50c9509d-22c7-4a22-a47d-8c48425ef4a7,MX,Yucatán,2024,2024-08-06T21:19,"cdc,cdround"
5892791399,Incilius valliceps,"Incilius valliceps (Wiegmann, 1833)",-88.195751,20.677878,4,HUMAN_OBSERVATION,iNaturalist,50c9509d-22c7-4a22-a47d-8c48425ef4a7,MX,Yucatán,2024,2024-08-21T20:53,"cdc,cdround"
5892802185,Incilius valliceps,"Incilius valliceps (Wiegmann, 1833)",-89.606137,21.092215,31,HUMAN_OBSERVATION,iNaturalist,50c9509d-22c7-4a22-a47d-8c48425ef4a7,MX,Yucatán,2024,2024-08-06T21:08,"cdc,cdround"
5892803479,Incilius valliceps,"Incilius valliceps (Wiegmann, 1833)",-89.591406,21.090889,15,HUMAN_OBSERVATION,iNaturalist,50c9509d-22c7-4a22-a47d-8c48425ef4a7,MX,Yucatán,2024,2024-08-08T21:53,"cdc,cdround"
5892883683,Incilius valliceps,"Incilius valliceps (Wiegmann, 1833)",-89.604749,21.093553,15,HUMAN_OBSERVATION,iNaturalist,50c9509d-22c7-4a22-a47d-8c48425ef4a7,MX,Yucatán,2024,2024-08-06T20:33,"cdc,cdround"
5892893221,Incilius valliceps,"Incilius valliceps (Wiegmann, 1833)",-89.606678,21.091843,15,HUMAN_OBSERVATION,iNaturalist,50c9509d-22c7-4a22-a47d-8c48425ef4a7,MX,Yucatán,2024,2024-08-06T21:17,"cdc,cdround"
5892911820,Incilius valliceps,"Incilius valliceps (Wiegmann, 1833)",-88.195771,20.677873,2,HUMAN_OBSERVATION,iNaturalist,50c9509d-22c7-4a22-a47d-8c48425ef4a7,MX,Yucatán,2024,2024-08-21T20:39,"cdc,cdround"
5892946752,Incilius valliceps,"Incilius valliceps (Wiegmann, 1833)",-88.195558,20.677819,4,HUMAN_OBSERVATION,iNaturalist,50c9509d-22c7-4a22-a47d-8c48425ef4a7,MX,Yucatán,2024,2024-08-21T20:37,"cdc,cdround"
5920406370,Incilius valliceps,"Incilius valliceps (Wiegmann, 1833)",-94.87536,18.290104,2936,HUMAN_OBSERVATION,iNaturalist,50c9509d-22c7-4a22-a47d-8c48425ef4a7,MX,Veracruz,2024,2024-08-13T20:48,"cdc,cdround"
6188519887,Incilius valliceps,"Incilius valliceps (Wiegmann, 1833)",-94.280789,18.080604,30683,HUMAN_OBSERVATION,iNaturalist,50c9509d-22c7-4a22-a47d-8c48425ef4a7,MX,Veracruz,2024,2024-08-29T10:01,"cdc,cdround"
6188598332,Incilius valliceps,"Incilius valliceps (Wiegmann, 1833)",-94.383518,18.100433,30683,HUMAN_OBSERVATION,iNaturalist,50c9509d-22c7-4a22-a47d-8c48425ef4a7,MX,Veracruz,2024,2024-08-28T09:33,"cdc,cdround"
6188627029,Incilius valliceps,"Incilius valliceps (Wiegmann, 1833)",-94.235588,18.170227,30683,HUMAN_OBSERVATION,iNaturalist,50c9509d-22c7-4a22-a47d-8c48425ef4a7,MX,Veracruz,2024,2024-08-28T16:24,"cdc,cdround"
6236183847,Incilius valliceps,"Incilius valliceps (Wiegmann, 1833)",-97.050055,19.023195,244,HUMAN_OBSERVATION,iNaturalist,50c9509d-22c7-4a22-a47d-8c48425ef4a7,MX,Veracruz,2024,2024-08-24T21:53,"cdc,cdround"
6252082398,Incilius valliceps,"Incilius valliceps (Wiegmann, 1833)",-87.964817,14.703464,2,HUMAN_OBSERVATION,iNaturalist,50c9509d-22c7-4a22-a47d-8c48425ef4a7,HN,Comayagua,2024,2024-08-07T10:47,"cdc,cdround"
6252502861,Incilius valliceps,"Incilius valliceps (Wiegmann, 1833)",-88.690782,20.053341,31,HUMAN_OBSERVATION,iNaturalist,50c9509d-22c7-4a22-a47d-8c48425ef4a7,MX,Yucatán,2024,2024-08-16T10:33,"cdc,cdround"
4936987175,Incilius valliceps,"Incilius valliceps (Wiegmann, 1833)",-87.036613,20.930357,30434,HUMAN_OBSERVATION,iNaturalist,50c9509d-22c7-4a22-a47d-8c48425ef4a7,MX,Quintana Roo,2024,2024-09-01T07:37,"cdc,cdround"
4937118600,Incilius valliceps,"Incilius valliceps (Wiegmann, 1833)",-87.079787,20.866407,15,HUMAN_OBSERVATION,iNaturalist,50c9509d-22c7-4a22-a47d-8c48425ef4a7,MX,Quintana Roo,2024,2024-09-01T09:22,"cdc,cdround"
4945537040,Incilius valliceps,"Incilius valliceps (Wiegmann, 1833)",-89.927378,16.802073,212,HUMAN_OBSERVATION,iNaturalist,50c9509d-22c7-4a22-a47d-8c48425ef4a7,GT,Petén,2024,2024-09-02,"cdc,cdround"
4945873872,Incilius valliceps,"Incilius valliceps (Wiegmann, 1833)",-89.545103,21.031147,NA,HUMAN_OBSERVATION,iNaturalist,50c9509d-22c7-4a22-a47d-8c48425ef4a7,MX,Yucatán,2024,2024-09-09T18:56:32,"cdc,cdround"
4946253231,Incilius valliceps,"Incilius valliceps (Wiegmann, 1833)",-88.662572,20.540514,41,HUMAN_OBSERVATION,iNaturalist,50c9509d-22c7-4a22-a47d-8c48425ef4a7,MX,Yucatán,2024,2024-09-11T19:22:30,"cdc,cdround"
4946283924,Incilius valliceps,"Incilius valliceps (Wiegmann, 1833)",-89.799861,20.902276,NA,HUMAN_OBSERVATION,iNaturalist,50c9509d-22c7-4a22-a47d-8c48425ef4a7,MX,Yucatán,2024,2024-09-10T11:53:45,cdc
4946660849,Incilius valliceps,"Incilius valliceps (Wiegmann, 1833)",-96.861555,18.856553,449,HUMAN_OBSERVATION,iNaturalist,50c9509d-22c7-4a22-a47d-8c48425ef4a7,MX,Veracruz,2024,2024-09-11T12:17:47,"cdc,cdround"
4950026149,Incilius valliceps,"Incilius valliceps (Wiegmann, 1833)",-87.348363,20.547436,525,HUMAN_OBSERVATION,iNaturalist,50c9509d-22c7-4a22-a47d-8c48425ef4a7,MX,Quintana Roo,2024,2024-09-03T13:52,"cdc,cdround"
4950032685,Incilius valliceps,"Incilius valliceps (Wiegmann, 1833)",-89.423294,16.994387,NA,HUMAN_OBSERVATION,iNaturalist,50c9509d-22c7-4a22-a47d-8c48425ef4a7,GT,Petén,2024,2024-09-20T10:22:41,"cdc,cdround"
4950121902,Incilius valliceps,"Incilius valliceps (Wiegmann, 1833)",-93.361845,17.961105,2,HUMAN_OBSERVATION,iNaturalist,50c9509d-22c7-4a22-a47d-8c48425ef4a7,MX,Tabasco,2024,2024-09-12T22:52,"cdc,cdround"
4950252903,Incilius valliceps,"Incilius valliceps (Wiegmann, 1833)",-89.688525,20.981862,NA,HUMAN_OBSERVATION,iNaturalist,50c9509d-22c7-4a22-a47d-8c48425ef4a7,MX,Yucatán,2024,2024-09-21T08:40,"cdc,cdround"
4950594559,Incilius valliceps,"Incilius valliceps (Wiegmann, 1833)",-93.545912,18.378667,30666,HUMAN_OBSERVATION,iNaturalist,50c9509d-22c7-4a22-a47d-8c48425ef4a7,MX,Tabasco,2024,2024-09-12T19:59:37,"cdc,cdround"
4952233586,Incilius valliceps,"Incilius valliceps (Wiegmann, 1833)",-87.672762,20.0501,488,HUMAN_OBSERVATION,iNaturalist,50c9509d-22c7-4a22-a47d-8c48425ef4a7,MX,Quintana Roo,2024,2024-09-30T11:01,"cdc,cdround"
4952242619,Incilius valliceps,"Incilius valliceps (Wiegmann, 1833)",-87.672762,20.0501,488,HUMAN_OBSERVATION,iNaturalist,50c9509d-22c7-4a22-a47d-8c48425ef4a7,MX,Quintana Roo,2024,2024-09-30T11:02,"cdc,cdround"
4952303737,Incilius valliceps,"Incilius valliceps (Wiegmann, 1833)",-87.376663,21.525803,4,HUMAN_OBSERVATION,iNaturalist,50c9509d-22c7-4a22-a47d-8c48425ef4a7,MX,Quintana Roo,2024,2024-09-30T22:26:37,"cdc,cdround"
4952305812,Incilius valliceps,"Incilius valliceps (Wiegmann, 1833)",-87.653632,20.058162,488,HUMAN_OBSERVATION,iNaturalist,50c9509d-22c7-4a22-a47d-8c48425ef4a7,MX,Quintana Roo,2024,2024-09-30T11:01,"cdc,cdround"
4952385228,Incilius valliceps,"Incilius valliceps (Wiegmann, 1833)",-87.323992,20.407033,NA,HUMAN_OBSERVATION,iNaturalist,50c9509d-22c7-4a22-a47d-8c48425ef4a7,MX,Quintana Roo,2024,2024-09-22T16:08,"cdc,cdround"
4952425079,Incilius valliceps,"Incilius valliceps (Wiegmann, 1833)",-87.653632,20.058162,488,HUMAN_OBSERVATION,iNaturalist,50c9509d-22c7-4a22-a47d-8c48425ef4a7,MX,Quintana Roo,2024,2024-09-30T11:01,"cdc,cdround"
4952463268,Incilius valliceps,"Incilius valliceps (Wiegmann, 1833)",-88.365288,18.723647,35,HUMAN_OBSERVATION,iNaturalist,50c9509d-22c7-4a22-a47d-8c48425ef4a7,MX,Quintana Roo,2024,2024-09-15T08:17,"cdc,cdround"
4952466861,Incilius valliceps,"Incilius valliceps (Wiegmann, 1833)",-87.323637,20.399759,107,HUMAN_OBSERVATION,iNaturalist,50c9509d-22c7-4a22-a47d-8c48425ef4a7,MX,Quintana Roo,2024,2024-09-29T05:25,"cdc,cdround"
4952500710,Incilius valliceps,"Incilius valliceps (Wiegmann, 1833)",-87.096132,20.639031,61,HUMAN_OBSERVATION,iNaturalist,50c9509d-22c7-4a22-a47d-8c48425ef4a7,MX,Quintana Roo,2024,2024-09-04T10:29,"cdc,cdround"
4952623571,Incilius valliceps,"Incilius valliceps (Wiegmann, 1833)",-88.36532,18.723475,50,HUMAN_OBSERVATION,iNaturalist,50c9509d-22c7-4a22-a47d-8c48425ef4a7,MX,Quintana Roo,2024,2024-09-15T21:24:11,cdc
4952648669,Incilius valliceps,"Incilius valliceps (Wiegmann, 1833)",-88.36557,18.723628,NA,HUMAN_OBSERVATION,iNaturalist,50c9509d-22c7-4a22-a47d-8c48425ef4a7,MX,Quintana Roo,2024,2024-09-15T21:18:44,"cdc,cdround"
4952768175,Incilius valliceps,"Incilius valliceps (Wiegmann, 1833)",-87.961541,15.706175,488,HUMAN_OBSERVATION,iNaturalist,50c9509d-22c7-4a22-a47d-8c48425ef4a7,HN,Cortés,2024,2024-09-09T21:16,"cdc,cdround"
4952772782,Incilius valliceps,"Incilius valliceps (Wiegmann, 1833)",-89.528113,21.097733,2322,HUMAN_OBSERVATION,iNaturalist,50c9509d-22c7-4a22-a47d-8c48425ef4a7,MX,Yucatán,2024,2024-09-27T01:07:24,"cdc,cdround"
4952808212,Incilius valliceps,"Incilius valliceps (Wiegmann, 1833)",-89.720676,16.66796,7015,HUMAN_OBSERVATION,iNaturalist,50c9509d-22c7-4a22-a47d-8c48425ef4a7,GT,Petén,2024,2024-09-27T12:39:17,"cdc,cdround"
4952855411,Incilius valliceps,"Incilius valliceps (Wiegmann, 1833)",-87.672762,20.0501,488,HUMAN_OBSERVATION,iNaturalist,50c9509d-22c7-4a22-a47d-8c48425ef4a7,MX,Quintana Roo,2024,2024-09-30T11:02,"cdc,cdround"
4952859636,Incilius valliceps,"Incilius valliceps (Wiegmann, 1833)",-87.339304,20.381695,31,HUMAN_OBSERVATION,iNaturalist,50c9509d-22c7-4a22-a47d-8c48425ef4a7,MX,Quintana Roo,2024,2024-09-20T15:34,"cdc,cdround"
4953005113,Incilius valliceps,"Incilius valliceps (Wiegmann, 1833)",-87.633179,20.646678,NA,HUMAN_OBSERVATION,iNaturalist,50c9509d-22c7-4a22-a47d-8c48425ef4a7,MX,Quintana Roo,2024,2024-09-24T19:26:23,"cdc,cdround"
4953058692,Incilius valliceps,"Incilius valliceps (Wiegmann, 1833)",-89.29683,20.726822,4000,HUMAN_OBSERVATION,iNaturalist,50c9509d-22c7-4a22-a47d-8c48425ef4a7,MX,Yucatán,2024,2024-09-20T16:00,"cdc,cdround"
4953082927,Incilius valliceps,"Incilius valliceps (Wiegmann, 1833)",-87.667269,20.08138,488,HUMAN_OBSERVATION,iNaturalist,50c9509d-22c7-4a22-a47d-8c48425ef4a7,MX,Quintana Roo,2024,2024-09-30T11:02,"cdc,cdround"
4953131220,Incilius valliceps,"Incilius valliceps (Wiegmann, 1833)",-87.667269,20.08138,488,HUMAN_OBSERVATION,iNaturalist,50c9509d-22c7-4a22-a47d-8c48425ef4a7,MX,Quintana Roo,2024,2024-09-30T11:02,"cdc,cdround"
4976230352,Incilius valliceps,"Incilius valliceps (Wiegmann, 1833)",-87.685839,20.128704,244,HUMAN_OBSERVATION,iNaturalist,50c9509d-22c7-4a22-a47d-8c48425ef4a7,MX,Quintana Roo,2024,2024-09-26T13:12,"cdc,cdround"
4976237975,Incilius valliceps,"Incilius valliceps (Wiegmann, 1833)",-89.895456,18.413839,8,HUMAN_OBSERVATION,iNaturalist,50c9509d-22c7-4a22-a47d-8c48425ef4a7,MX,Campeche,2024,2024-09-28T20:28,"cdc,cdround"
4976247040,Incilius valliceps,"Incilius valliceps (Wiegmann, 1833)",-87.726008,20.072787,488,HUMAN_OBSERVATION,iNaturalist,50c9509d-22c7-4a22-a47d-8c48425ef4a7,MX,Quintana Roo,2024,2024-09-26T09:58,"cdc,cdround"
4976274141,Incilius valliceps,"Incilius valliceps (Wiegmann, 1833)",-89.891061,18.424042,32,HUMAN_OBSERVATION,iNaturalist,50c9509d-22c7-4a22-a47d-8c48425ef4a7,MX,Campeche,2024,2024-09-28T20:05,"cdc,cdround"
4976288624,Incilius valliceps,"Incilius valliceps (Wiegmann, 1833)",-89.915397,18.539331,5,HUMAN_OBSERVATION,iNaturalist,50c9509d-22c7-4a22-a47d-8c48425ef4a7,MX,Campeche,2024,2024-09-29T18:24,"cdc,cdround"
4976294576,Incilius valliceps,"Incilius valliceps (Wiegmann, 1833)",-89.891761,18.485164,12,HUMAN_OBSERVATION,iNaturalist,50c9509d-22c7-4a22-a47d-8c48425ef4a7,MX,Campeche,2024,2024-09-28T19:33,"cdc,cdround"
4976356458,Incilius valliceps,"Incilius valliceps (Wiegmann, 1833)",-87.726008,20.072787,488,HUMAN_OBSERVATION,iNaturalist,50c9509d-22c7-4a22-a47d-8c48425ef4a7,MX,Quintana Roo,2024,2024-09-26T09:58,"cdc,cdround"
4976416020,Incilius valliceps,"Incilius valliceps (Wiegmann, 1833)",-87.706438,20.079559,488,HUMAN_OBSERVATION,iNaturalist,50c9509d-22c7-4a22-a47d-8c48425ef4a7,MX,Quintana Roo,2024,2024-09-25T12:06,"cdc,cdround"
4976420894,Incilius valliceps,"Incilius valliceps (Wiegmann, 1833)",-89.80995,18.10659,2,HUMAN_OBSERVATION,iNaturalist,50c9509d-22c7-4a22-a47d-8c48425ef4a7,MX,Campeche,2024,2024-09-29T10:30,"cdc,cdround"
4976468682,Incilius valliceps,"Incilius valliceps (Wiegmann, 1833)",-87.726008,20.072787,488,HUMAN_OBSERVATION,iNaturalist,50c9509d-22c7-4a22-a47d-8c48425ef4a7,MX,Quintana Roo,2024,2024-09-26T09:59,"cdc,cdround"
4976481912,Incilius valliceps,"Incilius valliceps (Wiegmann, 1833)",-89.830339,20.999883,33,HUMAN_OBSERVATION,iNaturalist,50c9509d-22c7-4a22-a47d-8c48425ef4a7,MX,Yucatán,2024,2024-09-26T01:51,"cdc,cdround"
4976508564,Incilius valliceps,"Incilius valliceps (Wiegmann, 1833)",-89.85636,18.310473000000002,15,HUMAN_OBSERVATION,iNaturalist,50c9509d-22c7-4a22-a47d-8c48425ef4a7,MX,Campeche,2024,2024-09-29T15:08,"cdc,cdround"
4976522928,Incilius valliceps,"Incilius valliceps (Wiegmann, 1833)",-89.896019,18.414711,19,HUMAN_OBSERVATION,iNaturalist,50c9509d-22c7-4a22-a47d-8c48425ef4a7,MX,Campeche,2024,2024-09-28T21:24,"cdc,cdround"
4976524054,Incilius valliceps,"Incilius valliceps (Wiegmann, 1833)",-89.852303,18.317719,5,HUMAN_OBSERVATION,iNaturalist,50c9509d-22c7-4a22-a47d-8c48425ef4a7,MX,Campeche,2024,2024-09-29T14:15,"cdc,cdround"
4976608141,Incilius valliceps,"Incilius valliceps (Wiegmann, 1833)",-89.810111,18.107331,4,HUMAN_OBSERVATION,iNaturalist,50c9509d-22c7-4a22-a47d-8c48425ef4a7,MX,Campeche,2024,2024-09-29T08:16,"cdc,cdround"
4976620181,Incilius valliceps,"Incilius valliceps (Wiegmann, 1833)",-89.896089,18.414586,22,HUMAN_OBSERVATION,iNaturalist,50c9509d-22c7-4a22-a47d-8c48425ef4a7,MX,Campeche,2024,2024-09-28T21:23,"cdc,cdround"
4976640860,Incilius valliceps,"Incilius valliceps (Wiegmann, 1833)",-89.824081,18.523031,62,HUMAN_OBSERVATION,iNaturalist,50c9509d-22c7-4a22-a47d-8c48425ef4a7,MX,Campeche,2024,2024-09-28T18:18,"cdc,cdround"
4978187462,Incilius valliceps,"Incilius valliceps (Wiegmann, 1833)",-96.902896,18.860708,201,HUMAN_OBSERVATION,iNaturalist,50c9509d-22c7-4a22-a47d-8c48425ef4a7,MX,Veracruz,2024,2024-09-23,"cdc,cdround"
4994203208,Incilius valliceps,"Incilius valliceps (Wiegmann, 1833)",-88.986829,16.73303,31,HUMAN_OBSERVATION,iNaturalist,50c9509d-22c7-4a22-a47d-8c48425ef4a7,BZ,Cayo,2024,2024-09-14T22:04,"cdc,cdround"
4994571061,Incilius valliceps,"Incilius valliceps (Wiegmann, 1833)",-88.983786,16.719758,122,HUMAN_OBSERVATION,iNaturalist,50c9509d-22c7-4a22-a47d-8c48425ef4a7,BZ,Cayo,2024,2024-09-14T21:43,"cdc,cdround"
5007122634,Incilius valliceps,"Incilius valliceps (Wiegmann, 1833)",-87.652967,21.295139,250,HUMAN_OBSERVATION,iNaturalist,50c9509d-22c7-4a22-a47d-8c48425ef4a7,MX,Yucatán,2024,2024-09-24T13:35,"cdc,cdround"
5007133562,Incilius valliceps,"Incilius valliceps (Wiegmann, 1833)",-87.634437,20.646118,8,HUMAN_OBSERVATION,iNaturalist,50c9509d-22c7-4a22-a47d-8c48425ef4a7,MX,Quintana Roo,2024,2024-09-24T19:28,"cdc,cdround"
5008294194,Incilius valliceps,"Incilius valliceps (Wiegmann, 1833)",-87.649102,21.276706,5942,HUMAN_OBSERVATION,iNaturalist,50c9509d-22c7-4a22-a47d-8c48425ef4a7,MX,Yucatán,2024,2024-09-24T11:35,"cdc,cdround"
5036724231,Incilius valliceps,"Incilius valliceps (Wiegmann, 1833)",-89.866836,18.33225,31,HUMAN_OBSERVATION,iNaturalist,50c9509d-22c7-4a22-a47d-8c48425ef4a7,MX,Campeche,2024,2024-09-29T05:27,"cdc,cdround"
5036909366,Incilius valliceps,"Incilius valliceps (Wiegmann, 1833)",-87.612723,20.738357,30453,HUMAN_OBSERVATION,iNaturalist,50c9509d-22c7-4a22-a47d-8c48425ef4a7,MX,Quintana Roo,2024,2024-09-24T18:23,"cdc,cdround"
5036917720,Incilius valliceps,"Incilius valliceps (Wiegmann, 1833)",-94.873603,18.281838,1147,HUMAN_OBSERVATION,iNaturalist,50c9509d-22c7-4a22-a47d-8c48425ef4a7,MX,Veracruz,2024,2024-09-18T13:07,"cdc,cdround"
5036934437,Incilius valliceps,"Incilius valliceps (Wiegmann, 1833)",-94.890806,18.29861,4290,HUMAN_OBSERVATION,iNaturalist,50c9509d-22c7-4a22-a47d-8c48425ef4a7,MX,Veracruz,2024,2024-09-10T14:03,"cdc,cdround"
5037157432,Incilius valliceps,"Incilius valliceps (Wiegmann, 1833)",-94.884113,18.29372,3754,HUMAN_OBSERVATION,iNaturalist,50c9509d-22c7-4a22-a47d-8c48425ef4a7,MX,Veracruz,2024,2024-09-01T00:55,"cdc,cdround"
5037158828,Incilius valliceps,"Incilius valliceps (Wiegmann, 1833)",-88.161448,19.519276,30562,HUMAN_OBSERVATION,iNaturalist,50c9509d-22c7-4a22-a47d-8c48425ef4a7,MX,Quintana Roo,2024,2024-09-30T20:55,"cdc,cdround"
5037182860,Incilius valliceps,"Incilius valliceps (Wiegmann, 1833)",-88.442795,20.417675,30472,HUMAN_OBSERVATION,iNaturalist,50c9509d-22c7-4a22-a47d-8c48425ef4a7,MX,Yucatán,2024,2024-09-25T11:14,"cdc,cdround"
5037256350,Incilius valliceps,"Incilius valliceps (Wiegmann, 1833)",-94.878447,18.295024,4098,HUMAN_OBSERVATION,iNaturalist,50c9509d-22c7-4a22-a47d-8c48425ef4a7,MX,Veracruz,2024,2024-09-08T15:43,"cdc,cdround"
5062825631,Incilius valliceps,"Incilius valliceps (Wiegmann, 1833)",-97.542542,19.990867,5,HUMAN_OBSERVATION,iNaturalist,50c9509d-22c7-4a22-a47d-8c48425ef4a7,MX,Puebla,2024,2024-09-06T18:42:40,"cdc,cdround"
5076838870,Incilius valliceps,"Incilius valliceps (Wiegmann, 1833)",-88.82962,15.78158,8,HUMAN_OBSERVATION,iNaturalist,50c9509d-22c7-4a22-a47d-8c48425ef4a7,GT,Izabal,2024,2024-09-27T15:52:51,cdc
5083206103,Incilius valliceps,"Incilius valliceps (Wiegmann, 1833)",-85.176346,10.69997,5000,HUMAN_OBSERVATION,NA,e03a781b-fe24-4bd2-af19-34ab4a3bb5ab,CR,NA,2024,2024-09-30,"cdc,cdround,cudc,gass84,osiic"
5083206503,Incilius valliceps,"Incilius valliceps (Wiegmann, 1833)",-85.176346,10.69997,5000,HUMAN_OBSERVATION,NA,e03a781b-fe24-4bd2-af19-34ab4a3bb5ab,CR,NA,2024,2024-09-24,"cdc,cdround,cudc,gass84,osiic"
5087116267,Incilius valliceps,"Incilius valliceps (Wiegmann, 1833)",-89.487053,18.403032,15,HUMAN_OBSERVATION,iNaturalist,50c9509d-22c7-4a22-a47d-8c48425ef4a7,MX,Campeche,2024,2024-09-30T13:27,"cdc,cdround"
5139988468,Incilius valliceps,"Incilius valliceps (Wiegmann, 1833)",-94.852357,18.289914,4750,HUMAN_OBSERVATION,iNaturalist,50c9509d-22c7-4a22-a47d-8c48425ef4a7,MX,Veracruz,2024,2024-09-22T18:40,"cdc,cdround"
5282243171,Incilius valliceps,"Incilius valliceps (Wiegmann, 1833)",-89.688728,21.005189,4,HUMAN_OBSERVATION,iNaturalist,50c9509d-22c7-4a22-a47d-8c48425ef4a7,MX,Yucatán,2024,2024-09-20T20:47:47,"cdc,cdround"
5867931352,Incilius valliceps,"Incilius valliceps (Wiegmann, 1833)",-87.776496,19.966214,488,HUMAN_OBSERVATION,iNaturalist,50c9509d-22c7-4a22-a47d-8c48425ef4a7,MX,Quintana Roo,2024,2024-09-05T08:17,"cdc,cdround"
5889305741,Incilius valliceps,"Incilius valliceps (Wiegmann, 1833)",-88.195585,20.677779,4,HUMAN_OBSERVATION,iNaturalist,50c9509d-22c7-4a22-a47d-8c48425ef4a7,MX,Yucatán,2024,2024-09-02T23:08,"cdc,cdround"
5889688753,Incilius valliceps,"Incilius valliceps (Wiegmann, 1833)",-88.195555,20.677732,2,HUMAN_OBSERVATION,iNaturalist,50c9509d-22c7-4a22-a47d-8c48425ef4a7,MX,Yucatán,2024,2024-09-02T23:10,"cdc,cdround"
5890145721,Incilius valliceps,"Incilius valliceps (Wiegmann, 1833)",-87.731327,20.484362,16209,HUMAN_OBSERVATION,iNaturalist,50c9509d-22c7-4a22-a47d-8c48425ef4a7,MX,Quintana Roo,2024,2024-09-01T17:39:27,"cdc,cdround"
5890156678,Incilius valliceps,"Incilius valliceps (Wiegmann, 1833)",-88.195756,20.677874,2,HUMAN_OBSERVATION,iNaturalist,50c9509d-22c7-4a22-a47d-8c48425ef4a7,MX,Yucatán,2024,2024-09-02T23:11,"cdc,cdround"
5890435708,Incilius valliceps,"Incilius valliceps (Wiegmann, 1833)",-89.551335,21.024928,NA,HUMAN_OBSERVATION,iNaturalist,50c9509d-22c7-4a22-a47d-8c48425ef4a7,MX,Yucatán,2024,2024-09-17T14:03,"cdc,cdround"
5892682835,Incilius valliceps,"Incilius valliceps (Wiegmann, 1833)",-88.446677,20.594085,2034,HUMAN_OBSERVATION,iNaturalist,50c9509d-22c7-4a22-a47d-8c48425ef4a7,MX,Yucatán,2024,2024-09-25T11:04:27,"cdc,cdround"
5892802177,Incilius valliceps,"Incilius valliceps (Wiegmann, 1833)",-89.741438,21.005316,3006,HUMAN_OBSERVATION,iNaturalist,50c9509d-22c7-4a22-a47d-8c48425ef4a7,MX,Yucatán,2024,2024-09-11T20:06:15,"cdc,cdround"
5892890025,Incilius valliceps,"Incilius valliceps (Wiegmann, 1833)",-87.64904,21.290598,NA,HUMAN_OBSERVATION,iNaturalist,50c9509d-22c7-4a22-a47d-8c48425ef4a7,MX,Yucatán,2024,2024-09-24T13:12:43,"cdc,cdround"
5892928354,Incilius valliceps,"Incilius valliceps (Wiegmann, 1833)",-89.720787,20.858384,31,HUMAN_OBSERVATION,iNaturalist,50c9509d-22c7-4a22-a47d-8c48425ef4a7,MX,Yucatán,2024,2024-09-19T13:20,"cdc,cdround"
5893013295,Incilius valliceps,"Incilius valliceps (Wiegmann, 1833)",-87.651085,21.292027,NA,HUMAN_OBSERVATION,iNaturalist,50c9509d-22c7-4a22-a47d-8c48425ef4a7,MX,Yucatán,2024,2024-09-24T11:11:55,"cdc,cdround"
5935483724,Incilius valliceps,"Incilius valliceps (Wiegmann, 1833)",-87.469799,20.229958,8853,HUMAN_OBSERVATION,iNaturalist,50c9509d-22c7-4a22-a47d-8c48425ef4a7,MX,Quintana Roo,2024,2024-09-05T08:46:02,"cdc,cdround"
6133239924,Incilius valliceps,"Incilius valliceps (Wiegmann, 1833)",-89.706304,16.999201,1,HUMAN_OBSERVATION,iNaturalist,50c9509d-22c7-4a22-a47d-8c48425ef4a7,GT,Petén,2024,2024-09-16T20:23,"cdc,cdround"
6171209666,Incilius valliceps,"Incilius valliceps (Wiegmann, 1833)",-96.902767,18.860821,17,HUMAN_OBSERVATION,iNaturalist,50c9509d-22c7-4a22-a47d-8c48425ef4a7,MX,Veracruz,2024,2024-09-18T21:06:56,"cdc,cdround"
6184789566,Incilius valliceps,"Incilius valliceps (Wiegmann, 1833)",-96.108647,19.096761,113,HUMAN_OBSERVATION,iNaturalist,50c9509d-22c7-4a22-a47d-8c48425ef4a7,MX,Veracruz,2024,2024-09-09T19:15,"cdc,cdround"
6320571907,Incilius valliceps,"Incilius valliceps (Wiegmann, 1833)",-93.0175,18.203889,739,HUMAN_OBSERVATION,iNaturalist,50c9509d-22c7-4a22-a47d-8c48425ef4a7,MX,Tabasco,2024,2024-09-14T17:59:11,"cdc,cdround"
6431246447,Incilius valliceps,"Incilius valliceps (Wiegmann, 1833)",-87.989167,15.209361,488,HUMAN_OBSERVATION,iNaturalist,50c9509d-22c7-4a22-a47d-8c48425ef4a7,HN,Cortés,2024,2024-09-08T13:47,"cdc,cdround"
4952202627,Incilius valliceps,"Incilius valliceps (Wiegmann, 1833)",-89.735558,20.988538,35,HUMAN_OBSERVATION,iNaturalist,50c9509d-22c7-4a22-a47d-8c48425ef4a7,MX,Yucatán,2024,2024-10-02T13:07,"cdc,cdround"
4952241591,Incilius valliceps,"Incilius valliceps (Wiegmann, 1833)",-88.172719,21.157709,202,HUMAN_OBSERVATION,iNaturalist,50c9509d-22c7-4a22-a47d-8c48425ef4a7,MX,Yucatán,2024,2024-10-04T07:26,"cdc,cdround"
4952350585,Incilius valliceps,"Incilius valliceps (Wiegmann, 1833)",-97.015434,18.946961,NA,HUMAN_OBSERVATION,iNaturalist,50c9509d-22c7-4a22-a47d-8c48425ef4a7,MX,Veracruz,2024,2024-10-03T20:29,cdc
4952371974,Incilius valliceps,"Incilius valliceps (Wiegmann, 1833)",-88.145469,21.148942,4,HUMAN_OBSERVATION,iNaturalist,50c9509d-22c7-4a22-a47d-8c48425ef4a7,MX,Yucatán,2024,2024-10-07T14:47:16,"cdc,cdround"
4952426168,Incilius valliceps,"Incilius valliceps (Wiegmann, 1833)",-87.439009,20.229146,378,HUMAN_OBSERVATION,iNaturalist,50c9509d-22c7-4a22-a47d-8c48425ef4a7,MX,Quintana Roo,2024,2024-10-07T20:20,"cdc,cdround"
4952609512,Incilius valliceps,"Incilius valliceps (Wiegmann, 1833)",-88.172719,21.157709,202,HUMAN_OBSERVATION,iNaturalist,50c9509d-22c7-4a22-a47d-8c48425ef4a7,MX,Yucatán,2024,2024-10-04T07:14,"cdc,cdround"
4952793960,Incilius valliceps,"Incilius valliceps (Wiegmann, 1833)",-87.392425,20.456153,3,HUMAN_OBSERVATION,iNaturalist,50c9509d-22c7-4a22-a47d-8c48425ef4a7,MX,Quintana Roo,2024,2024-10-03T08:47:39,"cdc,cdround"
4952828134,Incilius valliceps,"Incilius valliceps (Wiegmann, 1833)",-87.323323,20.399407,NA,HUMAN_OBSERVATION,iNaturalist,50c9509d-22c7-4a22-a47d-8c48425ef4a7,MX,Quintana Roo,2024,2024-10-03T22:57,"cdc,cdround"
4952968149,Incilius valliceps,"Incilius valliceps (Wiegmann, 1833)",-88.195459,20.678346,4,HUMAN_OBSERVATION,iNaturalist,50c9509d-22c7-4a22-a47d-8c48425ef4a7,MX,Yucatán,2024,2024-10-02T20:59,"cdc,cdround"
4953136417,Incilius valliceps,"Incilius valliceps (Wiegmann, 1833)",-88.13593,21.207787,51,HUMAN_OBSERVATION,iNaturalist,50c9509d-22c7-4a22-a47d-8c48425ef4a7,MX,Yucatán,2024,2024-10-06T01:58:31,"cdc,cdround"
4953150136,Incilius valliceps,"Incilius valliceps (Wiegmann, 1833)",-89.656955,20.947526,2,HUMAN_OBSERVATION,iNaturalist,50c9509d-22c7-4a22-a47d-8c48425ef4a7,MX,Yucatán,2024,2024-10-04T11:29,"cdc,cdround"
4954357433,Incilius valliceps,"Incilius valliceps (Wiegmann, 1833)",-89.23342,17.573163,NA,HUMAN_OBSERVATION,iNaturalist,50c9509d-22c7-4a22-a47d-8c48425ef4a7,GT,Petén,2024,2024-10-01T22:12:15,"cdc,cdround"
4954400792,Incilius valliceps,"Incilius valliceps (Wiegmann, 1833)",-89.69205,20.980005,NA,HUMAN_OBSERVATION,iNaturalist,50c9509d-22c7-4a22-a47d-8c48425ef4a7,MX,Yucatán,2024,2024-10-12T13:14,"cdc,cdround"
4954542707,Incilius valliceps,"Incilius valliceps (Wiegmann, 1833)",-89.493662,18.410766,5,HUMAN_OBSERVATION,iNaturalist,50c9509d-22c7-4a22-a47d-8c48425ef4a7,MX,Campeche,2024,2024-10-13T14:35:27,"cdc,cdround"
4954575357,Incilius valliceps,"Incilius valliceps (Wiegmann, 1833)",-88.263196,18.54409,27,HUMAN_OBSERVATION,iNaturalist,50c9509d-22c7-4a22-a47d-8c48425ef4a7,MX,Quintana Roo,2024,2024-10-14T12:54:25,"cdc,cdround"
4973938059,Incilius valliceps,"Incilius valliceps (Wiegmann, 1833)",-89.625858,17.387796,NA,HUMAN_OBSERVATION,iNaturalist,50c9509d-22c7-4a22-a47d-8c48425ef4a7,GT,Petén,2024,2024-10-12T11:28:55,"cdc,cdround"
4976252564,Incilius valliceps,"Incilius valliceps (Wiegmann, 1833)",-89.639035,17.39504,118,HUMAN_OBSERVATION,iNaturalist,50c9509d-22c7-4a22-a47d-8c48425ef4a7,GT,Petén,2024,2024-10-12T11:29:53,"cdc,cdround"
4976289108,Incilius valliceps,"Incilius valliceps (Wiegmann, 1833)",-87.881728,19.668433,42,HUMAN_OBSERVATION,iNaturalist,50c9509d-22c7-4a22-a47d-8c48425ef4a7,MX,Quintana Roo,2024,2024-10-01T09:11,"cdc,cdround"
4976332435,Incilius valliceps,"Incilius valliceps (Wiegmann, 1833)",-87.675026,20.133328,488,HUMAN_OBSERVATION,iNaturalist,50c9509d-22c7-4a22-a47d-8c48425ef4a7,MX,Quintana Roo,2024,2024-10-25T15:02,"cdc,cdround"
4976336509,Incilius valliceps,"Incilius valliceps (Wiegmann, 1833)",-87.051864,20.860886,18,HUMAN_OBSERVATION,iNaturalist,50c9509d-22c7-4a22-a47d-8c48425ef4a7,MX,Quintana Roo,2024,2024-10-01T18:50,"cdc,cdround"
4976341466,Incilius valliceps,"Incilius valliceps (Wiegmann, 1833)",-87.656989,20.123937,488,HUMAN_OBSERVATION,iNaturalist,50c9509d-22c7-4a22-a47d-8c48425ef4a7,MX,Quintana Roo,2024,2024-10-22T15:04,"cdc,cdround"
4976367156,Incilius valliceps,"Incilius valliceps (Wiegmann, 1833)",-90.568557,19.824717,2,HUMAN_OBSERVATION,iNaturalist,50c9509d-22c7-4a22-a47d-8c48425ef4a7,MX,Campeche,2024,2024-10-01T12:09,"cdc,cdround"
4976369677,Incilius valliceps,"Incilius valliceps (Wiegmann, 1833)",-89.771828,20.359892,24,HUMAN_OBSERVATION,iNaturalist,50c9509d-22c7-4a22-a47d-8c48425ef4a7,MX,Yucatán,2024,2024-10-19T12:32:15,"cdc,cdround"
4976402449,Incilius valliceps,"Incilius valliceps (Wiegmann, 1833)",-89.663377,21.042936,515,HUMAN_OBSERVATION,iNaturalist,50c9509d-22c7-4a22-a47d-8c48425ef4a7,MX,Yucatán,2024,2024-10-17T15:34,"cdc,cdround"
4976404166,Incilius valliceps,"Incilius valliceps (Wiegmann, 1833)",-89.387345,18.506553,8,HUMAN_OBSERVATION,iNaturalist,50c9509d-22c7-4a22-a47d-8c48425ef4a7,MX,Campeche,2024,2024-10-24T20:04:48,"cdc,cdround"
4976429452,Incilius valliceps,"Incilius valliceps (Wiegmann, 1833)",-87.673816,20.160705,244,HUMAN_OBSERVATION,iNaturalist,50c9509d-22c7-4a22-a47d-8c48425ef4a7,MX,Quintana Roo,2024,2024-10-02T13:57,"cdc,cdround"
4976433420,Incilius valliceps,"Incilius valliceps (Wiegmann, 1833)",-87.315901,20.395974,2152,HUMAN_OBSERVATION,iNaturalist,50c9509d-22c7-4a22-a47d-8c48425ef4a7,MX,Quintana Roo,2024,2024-10-12T19:58,"cdc,cdround"
4976461443,Incilius valliceps,"Incilius valliceps (Wiegmann, 1833)",-87.672622,20.146865,488,HUMAN_OBSERVATION,iNaturalist,50c9509d-22c7-4a22-a47d-8c48425ef4a7,MX,Quintana Roo,2024,2024-10-25T15:02,"cdc,cdround"
4976463721,Incilius valliceps,"Incilius valliceps (Wiegmann, 1833)",-87.672622,20.146865,488,HUMAN_OBSERVATION,iNaturalist,50c9509d-22c7-4a22-a47d-8c48425ef4a7,MX,Quintana Roo,2024,2024-10-25T14:59,"cdc,cdround"
4976491458,Incilius valliceps,"Incilius valliceps (Wiegmann, 1833)",-87.673816,20.160705,244,HUMAN_OBSERVATION,iNaturalist,50c9509d-22c7-4a22-a47d-8c48425ef4a7,MX,Quintana Roo,2024,2024-10-02T13:56,"cdc,cdround"
4976515313,Incilius valliceps,"Incilius valliceps (Wiegmann, 1833)",-87.675026,20.133328,488,HUMAN_OBSERVATION,iNaturalist,50c9509d-22c7-4a22-a47d-8c48425ef4a7,MX,Quintana Roo,2024,2024-10-25T15:02,"cdc,cdround"
4976523196,Incilius valliceps,"Incilius valliceps (Wiegmann, 1833)",-87.675026,20.133328,488,HUMAN_OBSERVATION,iNaturalist,50c9509d-22c7-4a22-a47d-8c48425ef4a7,MX,Quintana Roo,2024,2024-10-25T15:02,"cdc,cdround"
4976527519,Incilius valliceps,"Incilius valliceps (Wiegmann, 1833)",-87.661971,20.091237,244,HUMAN_OBSERVATION,iNaturalist,50c9509d-22c7-4a22-a47d-8c48425ef4a7,MX,Quintana Roo,2024,2024-10-21T12:53,"cdc,cdround"
4976529148,Incilius valliceps,"Incilius valliceps (Wiegmann, 1833)",-87.702319,20.102543,488,HUMAN_OBSERVATION,iNaturalist,50c9509d-22c7-4a22-a47d-8c48425ef4a7,MX,Quintana Roo,2024,2024-10-21T12:51,"cdc,cdround"
4976553259,Incilius valliceps,"Incilius valliceps (Wiegmann, 1833)",-87.656989,20.123937,488,HUMAN_OBSERVATION,iNaturalist,50c9509d-22c7-4a22-a47d-8c48425ef4a7,MX,Quintana Roo,2024,2024-10-22T15:03,"cdc,cdround"
4976572354,Incilius valliceps,"Incilius valliceps (Wiegmann, 1833)",-87.104511,20.614461,30,HUMAN_OBSERVATION,iNaturalist,50c9509d-22c7-4a22-a47d-8c48425ef4a7,MX,Quintana Roo,2024,2024-10-28T20:54:53,"cdc,cdround"
4976579335,Incilius valliceps,"Incilius valliceps (Wiegmann, 1833)",-87.638523,20.102014,488,HUMAN_OBSERVATION,iNaturalist,50c9509d-22c7-4a22-a47d-8c48425ef4a7,MX,Quintana Roo,2024,2024-10-21T12:53,"cdc,cdround"
4976589129,Incilius valliceps,"Incilius valliceps (Wiegmann, 1833)",-87.661971,20.091237,244,HUMAN_OBSERVATION,iNaturalist,50c9509d-22c7-4a22-a47d-8c48425ef4a7,MX,Quintana Roo,2024,2024-10-21T12:53,"cdc,cdround"
4976620075,Incilius valliceps,"Incilius valliceps (Wiegmann, 1833)",-87.661971,20.091237,244,HUMAN_OBSERVATION,iNaturalist,50c9509d-22c7-4a22-a47d-8c48425ef4a7,MX,Quintana Roo,2024,2024-10-21T12:53,"cdc,cdround"
4976663715,Incilius valliceps,"Incilius valliceps (Wiegmann, 1833)",-87.638523,20.102014,488,HUMAN_OBSERVATION,iNaturalist,50c9509d-22c7-4a22-a47d-8c48425ef4a7,MX,Quintana Roo,2024,2024-10-21T12:53,"cdc,cdround"
4976664091,Incilius valliceps,"Incilius valliceps (Wiegmann, 1833)",-87.670575,20.11639,31,HUMAN_OBSERVATION,iNaturalist,50c9509d-22c7-4a22-a47d-8c48425ef4a7,MX,Quintana Roo,2024,2024-10-24T14:58,"cdc,cdround"
4976672574,Incilius valliceps,"Incilius valliceps (Wiegmann, 1833)",-87.309696,20.412389,1,HUMAN_OBSERVATION,iNaturalist,50c9509d-22c7-4a22-a47d-8c48425ef4a7,MX,Quintana Roo,2024,2024-10-20T21:34,"cdc,cdround"
4980231369,Incilius valliceps,"Incilius valliceps (Wiegmann, 1833)",-88.509322,16.369453,4,HUMAN_OBSERVATION,iNaturalist,50c9509d-22c7-4a22-a47d-8c48425ef4a7,BZ,Toledo,2024,2024-10-20T10:37:37,"cdc,cdround"
4993999288,Incilius valliceps,"Incilius valliceps (Wiegmann, 1833)",-87.076728,20.663962,488,HUMAN_OBSERVATION,iNaturalist,50c9509d-22c7-4a22-a47d-8c48425ef4a7,MX,Quintana Roo,2024,2024-10-16T21:11,"cdc,cdround"
4994124657,Incilius valliceps,"Incilius valliceps (Wiegmann, 1833)",-88.376965,18.732439,122,HUMAN_OBSERVATION,iNaturalist,50c9509d-22c7-4a22-a47d-8c48425ef4a7,MX,Quintana Roo,2024,2024-10-28T13:24,"cdc,cdround"
4994180199,Incilius valliceps,"Incilius valliceps (Wiegmann, 1833)",-89.735512,20.98843,9,HUMAN_OBSERVATION,iNaturalist,50c9509d-22c7-4a22-a47d-8c48425ef4a7,MX,Yucatán,2024,2024-10-03T14:23:41,"cdc,cdround"
4994181014,Incilius valliceps,"Incilius valliceps (Wiegmann, 1833)",-89.735537,20.988567,17,HUMAN_OBSERVATION,iNaturalist,50c9509d-22c7-4a22-a47d-8c48425ef4a7,MX,Yucatán,2024,2024-10-03T14:28:31,"cdc,cdround"
4994525635,Incilius valliceps,"Incilius valliceps (Wiegmann, 1833)",-89.589352,20.356914,488,HUMAN_OBSERVATION,iNaturalist,50c9509d-22c7-4a22-a47d-8c48425ef4a7,MX,Yucatán,2024,2024-10-10T10:20,"cdc,cdround"
5036815691,Incilius valliceps,"Incilius valliceps (Wiegmann, 1833)",-87.968636,19.613906,5,HUMAN_OBSERVATION,iNaturalist,50c9509d-22c7-4a22-a47d-8c48425ef4a7,MX,Quintana Roo,2024,2024-10-01T08:02,"cdc,cdround"
5037223587,Incilius valliceps,"Incilius valliceps (Wiegmann, 1833)",-94.893556,18.316642,4750,HUMAN_OBSERVATION,iNaturalist,50c9509d-22c7-4a22-a47d-8c48425ef4a7,MX,Veracruz,2024,2024-10-09T18:21,"cdc,cdround"
5087119393,Incilius valliceps,"Incilius valliceps (Wiegmann, 1833)",-89.576556,20.176333,NA,HUMAN_OBSERVATION,iNaturalist,50c9509d-22c7-4a22-a47d-8c48425ef4a7,MX,Yucatán,2024,2024-10-25T07:23:20,"cdc,cdround"
5087498674,Incilius valliceps,"Incilius valliceps (Wiegmann, 1833)",-89.590484,20.788876,NA,HUMAN_OBSERVATION,iNaturalist,50c9509d-22c7-4a22-a47d-8c48425ef4a7,MX,Yucatán,2024,2024-10-25T23:37:20,"cdc,cdround"
5133639509,Incilius valliceps,"Incilius valliceps (Wiegmann, 1833)",-96.893662,18.604028,3,HUMAN_OBSERVATION,iNaturalist,50c9509d-22c7-4a22-a47d-8c48425ef4a7,MX,Veracruz,2024,2024-10-10T10:46:15,"cdc,cdround"
5230025534,Incilius valliceps,"Incilius valliceps (Wiegmann, 1833)",-97.001524,18.842056,122,HUMAN_OBSERVATION,iNaturalist,50c9509d-22c7-4a22-a47d-8c48425ef4a7,MX,Veracruz,2024,2024-10-19T08:59,"cdc,cdround"
5892783504,Incilius valliceps,"Incilius valliceps (Wiegmann, 1833)",-89.734925,20.988116,198,HUMAN_OBSERVATION,iNaturalist,50c9509d-22c7-4a22-a47d-8c48425ef4a7,MX,Yucatán,2024,2024-10-12T08:40,"cdc,cdround"
6147545023,Incilius valliceps,"Incilius valliceps (Wiegmann, 1833)",-87.663477,20.16278,244,HUMAN_OBSERVATION,iNaturalist,50c9509d-22c7-4a22-a47d-8c48425ef4a7,MX,Quintana Roo,2024,2024-10-08T13:32,"cdc,cdround"
6159482593,Incilius valliceps,"Incilius valliceps (Wiegmann, 1833)",-89.625496,20.868932,26,HUMAN_OBSERVATION,iNaturalist,50c9509d-22c7-4a22-a47d-8c48425ef4a7,MX,Yucatán,2024,2024-10-06T22:13,"cdc,cdround"
6422834851,Incilius valliceps,"Incilius valliceps (Wiegmann, 1833)",-89.58233,20.955158,12,HUMAN_OBSERVATION,iNaturalist,50c9509d-22c7-4a22-a47d-8c48425ef4a7,MX,Yucatán,2024,2024-10-31T20:04:12,"cdc,cdround"
6479459680,Incilius valliceps,"Incilius valliceps (Wiegmann, 1833)",-96.98093,18.884401,174,HUMAN_OBSERVATION,iNaturalist,50c9509d-22c7-4a22-a47d-8c48425ef4a7,MX,Veracruz,2024,2024-10-07T20:59,"cdc,cdround"
6479767160,Incilius valliceps,"Incilius valliceps (Wiegmann, 1833)",-94.097949,17.923738,NA,HUMAN_OBSERVATION,iNaturalist,50c9509d-22c7-4a22-a47d-8c48425ef4a7,MX,Veracruz,2024,2024-10-24T15:19,"cdc,cdround"
6481148446,Incilius valliceps,"Incilius valliceps (Wiegmann, 1833)",-96.979715,18.885635,42,HUMAN_OBSERVATION,iNaturalist,50c9509d-22c7-4a22-a47d-8c48425ef4a7,MX,Veracruz,2024,2024-10-06,"cdc,cdround"
6499078552,Incilius valliceps,"Incilius valliceps (Wiegmann, 1833)",-95.057917,17.888105,488,HUMAN_OBSERVATION,iNaturalist,50c9509d-22c7-4a22-a47d-8c48425ef4a7,MX,Veracruz,2024,2024-10-14T21:30,"cdc,cdround"
6500220315,Incilius valliceps,"Incilius valliceps (Wiegmann, 1833)",-95.053739,17.896258,488,HUMAN_OBSERVATION,iNaturalist,50c9509d-22c7-4a22-a47d-8c48425ef4a7,MX,Veracruz,2024,2024-10-15T23:09,"cdc,cdround"
6551328081,Incilius valliceps,"Incilius valliceps (Wiegmann, 1833)",-96.194537,19.243201,2,HUMAN_OBSERVATION,iNaturalist,50c9509d-22c7-4a22-a47d-8c48425ef4a7,MX,Veracruz,2024,2024-10-05T12:11,"cdc,cdround"
6552034766,Incilius valliceps,"Incilius valliceps (Wiegmann, 1833)",-96.194531,19.243253,2,HUMAN_OBSERVATION,iNaturalist,50c9509d-22c7-4a22-a47d-8c48425ef4a7,MX,Veracruz,2024,2024-10-05T12:13,"cdc,cdround"
6552634966,Incilius valliceps,"Incilius valliceps (Wiegmann, 1833)",-96.19456,19.243229,2,HUMAN_OBSERVATION,iNaturalist,50c9509d-22c7-4a22-a47d-8c48425ef4a7,MX,Veracruz,2024,2024-10-05T12:40,"cdc,cdround"
6567536483,Incilius valliceps,"Incilius valliceps (Wiegmann, 1833)",-89.866492,21.007874,98,HUMAN_OBSERVATION,iNaturalist,50c9509d-22c7-4a22-a47d-8c48425ef4a7,MX,Yucatán,2024,2024-10-19,"cdc,cdround"
4978332567,Incilius valliceps,"Incilius valliceps (Wiegmann, 1833)",-90.031986,20.439443,16,HUMAN_OBSERVATION,iNaturalist,50c9509d-22c7-4a22-a47d-8c48425ef4a7,MX,Campeche,2024,2024-11-01T21:45,"cdc,cdround"
4978516452,Incilius valliceps,"Incilius valliceps (Wiegmann, 1833)",-88.178871,20.738533,122,HUMAN_OBSERVATION,iNaturalist,50c9509d-22c7-4a22-a47d-8c48425ef4a7,MX,Yucatán,2024,2024-11-05T10:00,"cdc,cdround"
4978663405,Incilius valliceps,"Incilius valliceps (Wiegmann, 1833)",-92.954193,17.997208,35,HUMAN_OBSERVATION,iNaturalist,50c9509d-22c7-4a22-a47d-8c48425ef4a7,MX,Tabasco,2024,2024-11-04T21:19:21,"cdc,cdround"
4980237612,Incilius valliceps,"Incilius valliceps (Wiegmann, 1833)",-88.108521,20.86279,30434,HUMAN_OBSERVATION,iNaturalist,50c9509d-22c7-4a22-a47d-8c48425ef4a7,MX,Yucatán,2024,2024-11-02T08:30,"cdc,cdround"
4980278167,Incilius valliceps,"Incilius valliceps (Wiegmann, 1833)",-93.105203,16.726768,NA,HUMAN_OBSERVATION,iNaturalist,50c9509d-22c7-4a22-a47d-8c48425ef4a7,MX,Chiapas,2024,2024-11-01T16:44:06,"cdc,cdround"
4980389215,Incilius valliceps,"Incilius valliceps (Wiegmann, 1833)",-87.752656,20.79829,31,HUMAN_OBSERVATION,iNaturalist,50c9509d-22c7-4a22-a47d-8c48425ef4a7,MX,Yucatán,2024,2024-11-11T08:38,"cdc,cdround"
4980430972,Incilius valliceps,"Incilius valliceps (Wiegmann, 1833)",-88.172348,20.818978,1,HUMAN_OBSERVATION,iNaturalist,50c9509d-22c7-4a22-a47d-8c48425ef4a7,MX,Yucatán,2024,2024-11-05T16:21,"cdc,cdround"
4980433584,Incilius valliceps,"Incilius valliceps (Wiegmann, 1833)",-88.172348,20.818975,1,HUMAN_OBSERVATION,iNaturalist,50c9509d-22c7-4a22-a47d-8c48425ef4a7,MX,Yucatán,2024,2024-11-05T16:20,"cdc,cdround"
4980540978,Incilius valliceps,"Incilius valliceps (Wiegmann, 1833)",-87.755703,20.797608,31,HUMAN_OBSERVATION,iNaturalist,50c9509d-22c7-4a22-a47d-8c48425ef4a7,MX,Yucatán,2024,2024-11-11T08:52,"cdc,cdround"
4980562438,Incilius valliceps,"Incilius valliceps (Wiegmann, 1833)",-87.754072,20.797828,31,HUMAN_OBSERVATION,iNaturalist,50c9509d-22c7-4a22-a47d-8c48425ef4a7,MX,Yucatán,2024,2024-11-11T09:05,"cdc,cdround"
4982025016,Incilius valliceps,"Incilius valliceps (Wiegmann, 1833)",-86.756821,15.341256,8,HUMAN_OBSERVATION,iNaturalist,50c9509d-22c7-4a22-a47d-8c48425ef4a7,HN,Yoro,2024,2024-11-01T21:26,"cdc,cdround"
4982076215,Incilius valliceps,"Incilius valliceps (Wiegmann, 1833)",-89.060387,17.047216,211,HUMAN_OBSERVATION,iNaturalist,50c9509d-22c7-4a22-a47d-8c48425ef4a7,BZ,Cayo,2024,2024-11-11T20:01,"cdc,cdround"
4987375021,Incilius valliceps,"Incilius valliceps (Wiegmann, 1833)",-88.436502,17.387026,30748,HUMAN_OBSERVATION,iNaturalist,50c9509d-22c7-4a22-a47d-8c48425ef4a7,BZ,Belize,2024,2024-11-24T15:40:08,"cdc,cdround"
4987430919,Incilius valliceps,"Incilius valliceps (Wiegmann, 1833)",-88.560314,17.265405,30748,HUMAN_OBSERVATION,iNaturalist,50c9509d-22c7-4a22-a47d-8c48425ef4a7,BZ,Belize,2024,2024-11-24T17:59:07,"cdc,cdround"
4987731793,Incilius valliceps,"Incilius valliceps (Wiegmann, 1833)",-89.582231,20.949228,NA,HUMAN_OBSERVATION,iNaturalist,50c9509d-22c7-4a22-a47d-8c48425ef4a7,MX,Yucatán,2024,2024-11-19T21:27:23,"cdc,cdround"
4987749669,Incilius valliceps,"Incilius valliceps (Wiegmann, 1833)",-87.730078,20.490289,60,HUMAN_OBSERVATION,iNaturalist,50c9509d-22c7-4a22-a47d-8c48425ef4a7,MX,Quintana Roo,2024,2024-11-26T14:10,"cdc,cdround"
4987761418,Incilius valliceps,"Incilius valliceps (Wiegmann, 1833)",-93.21283,16.674187,122,HUMAN_OBSERVATION,iNaturalist,50c9509d-22c7-4a22-a47d-8c48425ef4a7,MX,Chiapas,2024,2024-11-21T10:11,"cdc,cdround"
4987843639,Incilius valliceps,"Incilius valliceps (Wiegmann, 1833)",-89.046822,16.201217,4,HUMAN_OBSERVATION,iNaturalist,50c9509d-22c7-4a22-a47d-8c48425ef4a7,BZ,Toledo,2024,2024-11-14T12:57:53,"cdc,cdround"
4993739945,Incilius valliceps,"Incilius valliceps (Wiegmann, 1833)",-87.13784,20.628618,31,HUMAN_OBSERVATION,iNaturalist,50c9509d-22c7-4a22-a47d-8c48425ef4a7,MX,Quintana Roo,2024,2024-11-07T08:36,"cdc,cdround"
4993825504,Incilius valliceps,"Incilius valliceps (Wiegmann, 1833)",-88.689679,17.153256,1385,HUMAN_OBSERVATION,iNaturalist,50c9509d-22c7-4a22-a47d-8c48425ef4a7,BZ,Cayo,2024,2024-11-12T09:59,"cdc,cdround"
4993971068,Incilius valliceps,"Incilius valliceps (Wiegmann, 1833)",-89.707869,16.998941,24,HUMAN_OBSERVATION,iNaturalist,50c9509d-22c7-4a22-a47d-8c48425ef4a7,GT,Petén,2024,2024-11-18T10:55,"cdc,cdround"
4994121461,Incilius valliceps,"Incilius valliceps (Wiegmann, 1833)",-88.41006,17.36081,30748,HUMAN_OBSERVATION,iNaturalist,50c9509d-22c7-4a22-a47d-8c48425ef4a7,BZ,Belize,2024,2024-11-26T21:43:26,"cdc,cdround"
4994310813,Incilius valliceps,"Incilius valliceps (Wiegmann, 1833)",-87.456822,15.767217,15,HUMAN_OBSERVATION,iNaturalist,50c9509d-22c7-4a22-a47d-8c48425ef4a7,HN,Atlántida,2024,2024-11-30T19:56,"cdc,cdround"
4994524520,Incilius valliceps,"Incilius valliceps (Wiegmann, 1833)",-93.18418,16.755397,3,HUMAN_OBSERVATION,iNaturalist,50c9509d-22c7-4a22-a47d-8c48425ef4a7,MX,Chiapas,2024,2024-11-21T10:11:51,"cdc,cdround"
4994559805,Incilius valliceps,"Incilius valliceps (Wiegmann, 1833)",-91.369203,17.448513,4,HUMAN_OBSERVATION,iNaturalist,50c9509d-22c7-4a22-a47d-8c48425ef4a7,MX,Tabasco,2024,2024-11-27T20:22,"cdc,cdround"
5007099310,Incilius valliceps,"Incilius valliceps (Wiegmann, 1833)",-88.207182,15.289058,30899,HUMAN_OBSERVATION,iNaturalist,50c9509d-22c7-4a22-a47d-8c48425ef4a7,HN,Santa Bárbara,2024,2024-11-02T18:10:36,"cdc,cdround"
5007913704,Incilius valliceps,"Incilius valliceps (Wiegmann, 1833)",-88.565167,17.052608,NA,HUMAN_OBSERVATION,iNaturalist,50c9509d-22c7-4a22-a47d-8c48425ef4a7,BZ,Cayo,2024,2024-11-10T17:32:45,"cdc,cdround"
5036955902,Incilius valliceps,"Incilius valliceps (Wiegmann, 1833)",-94.885318,18.298714,4750,HUMAN_OBSERVATION,iNaturalist,50c9509d-22c7-4a22-a47d-8c48425ef4a7,MX,Veracruz,2024,2024-11-19T06:48,"cdc,cdround"
5037112810,Incilius valliceps,"Incilius valliceps (Wiegmann, 1833)",-94.871284,18.281642,244,HUMAN_OBSERVATION,iNaturalist,50c9509d-22c7-4a22-a47d-8c48425ef4a7,MX,Veracruz,2024,2024-11-06T19:52,"cdc,cdround"
5037125256,Incilius valliceps,"Incilius valliceps (Wiegmann, 1833)",-87.007281,20.721763,977,HUMAN_OBSERVATION,iNaturalist,50c9509d-22c7-4a22-a47d-8c48425ef4a7,MX,Quintana Roo,2024,2024-11-15T15:59,"cdc,cdround"
5037146732,Incilius valliceps,"Incilius valliceps (Wiegmann, 1833)",-94.872322,18.302452,4750,HUMAN_OBSERVATION,iNaturalist,50c9509d-22c7-4a22-a47d-8c48425ef4a7,MX,Veracruz,2024,2024-11-10T05:01,"cdc,cdround"
5037257559,Incilius valliceps,"Incilius valliceps (Wiegmann, 1833)",-94.882912,18.301975,4750,HUMAN_OBSERVATION,iNaturalist,50c9509d-22c7-4a22-a47d-8c48425ef4a7,MX,Veracruz,2024,2024-11-18T06:55,"cdc,cdround"
5087213349,Incilius valliceps,"Incilius valliceps (Wiegmann, 1833)",-97.004892,18.839992,NA,HUMAN_OBSERVATION,iNaturalist,50c9509d-22c7-4a22-a47d-8c48425ef4a7,MX,Veracruz,2024,2024-11-16T13:30:31,"cdc,cdround"
5140003482,Incilius valliceps,"Incilius valliceps (Wiegmann, 1833)",-94.876046,18.32577,7181,HUMAN_OBSERVATION,iNaturalist,50c9509d-22c7-4a22-a47d-8c48425ef4a7,MX,Veracruz,2024,2024-11-06T19:56,"cdc,cdround"
5760210582,Incilius valliceps,"Incilius valliceps (Wiegmann, 1833)",-93.209542,18.413288,4,HUMAN_OBSERVATION,iNaturalist,50c9509d-22c7-4a22-a47d-8c48425ef4a7,MX,Tabasco,2024,2024-11-29T16:37:13,"cdc,cdround"
5889257929,Incilius valliceps,"Incilius valliceps (Wiegmann, 1833)",-86.908106,20.879006,475,HUMAN_OBSERVATION,iNaturalist,50c9509d-22c7-4a22-a47d-8c48425ef4a7,MX,Quintana Roo,2024,2024-11-20T09:45,"cdc,cdround"
5892412721,Incilius valliceps,"Incilius valliceps (Wiegmann, 1833)",-88.14721,20.742585,1953,HUMAN_OBSERVATION,iNaturalist,50c9509d-22c7-4a22-a47d-8c48425ef4a7,MX,Yucatán,2024,2024-11-26T13:53,"cdc,cdround"
5892475505,Incilius valliceps,"Incilius valliceps (Wiegmann, 1833)",-87.754738,20.797568,31,HUMAN_OBSERVATION,iNaturalist,50c9509d-22c7-4a22-a47d-8c48425ef4a7,MX,Yucatán,2024,2024-11-11T09:03,"cdc,cdround"
5892490252,Incilius valliceps,"Incilius valliceps (Wiegmann, 1833)",-87.754308,20.798149,61,HUMAN_OBSERVATION,iNaturalist,50c9509d-22c7-4a22-a47d-8c48425ef4a7,MX,Yucatán,2024,2024-11-11T09:06,"cdc,cdround"
5892627020,Incilius valliceps,"Incilius valliceps (Wiegmann, 1833)",-87.671722,21.515547,NA,HUMAN_OBSERVATION,iNaturalist,50c9509d-22c7-4a22-a47d-8c48425ef4a7,MX,Yucatán,2024,2024-11-15T16:00:19,"cdc,cdround"
5892688592,Incilius valliceps,"Incilius valliceps (Wiegmann, 1833)",-87.755553,20.796524,31,HUMAN_OBSERVATION,iNaturalist,50c9509d-22c7-4a22-a47d-8c48425ef4a7,MX,Yucatán,2024,2024-11-11T09:01,"cdc,cdround"
5892794733,Incilius valliceps,"Incilius valliceps (Wiegmann, 1833)",-87.75463,20.798089,31,HUMAN_OBSERVATION,iNaturalist,50c9509d-22c7-4a22-a47d-8c48425ef4a7,MX,Yucatán,2024,2024-11-11T09:11,"cdc,cdround"
6159474695,Incilius valliceps,"Incilius valliceps (Wiegmann, 1833)",-89.71703,21.012369,NA,HUMAN_OBSERVATION,iNaturalist,50c9509d-22c7-4a22-a47d-8c48425ef4a7,MX,Yucatán,2024,2024-11-16T18:01:13,"cdc,cdround"
6185058805,Incilius valliceps,"Incilius valliceps (Wiegmann, 1833)",-95.015072,18.356653,NA,HUMAN_OBSERVATION,iNaturalist,50c9509d-22c7-4a22-a47d-8c48425ef4a7,MX,Veracruz,2024,2024-11-11T15:20:04,"cdc,cdround"
6185998096,Incilius valliceps,"Incilius valliceps (Wiegmann, 1833)",-96.706767,19.351481,NA,HUMAN_OBSERVATION,iNaturalist,50c9509d-22c7-4a22-a47d-8c48425ef4a7,MX,Veracruz,2024,2024-11-01T14:31:32,"cdc,cdround"
6480215134,Incilius valliceps,"Incilius valliceps (Wiegmann, 1833)",-96.747492,19.429124,628,HUMAN_OBSERVATION,iNaturalist,50c9509d-22c7-4a22-a47d-8c48425ef4a7,MX,Veracruz,2024,2024-11-24T12:34,"cdc,cdround"
6481217345,Incilius valliceps,"Incilius valliceps (Wiegmann, 1833)",-97.004152,19.424783,2482,HUMAN_OBSERVATION,iNaturalist,50c9509d-22c7-4a22-a47d-8c48425ef4a7,MX,Veracruz,2024,2024-11-09T07:21,cdc
6499122378,Incilius valliceps,"Incilius valliceps (Wiegmann, 1833)",-88.22945,21.155193,15,HUMAN_OBSERVATION,iNaturalist,50c9509d-22c7-4a22-a47d-8c48425ef4a7,MX,Yucatán,2024,2024-11-17T05:21,"cdc,cdround"
4993807344,Incilius valliceps,"Incilius valliceps (Wiegmann, 1833)",-88.967543,17.075793,NA,HUMAN_OBSERVATION,iNaturalist,50c9509d-22c7-4a22-a47d-8c48425ef4a7,BZ,Cayo,2024,2024-12-06T10:02:21,"cdc,cdround"
4994205594,Incilius valliceps,"Incilius valliceps (Wiegmann, 1833)",-87.634737,20.645901,20,HUMAN_OBSERVATION,iNaturalist,50c9509d-22c7-4a22-a47d-8c48425ef4a7,MX,Quintana Roo,2024,2024-12-01T14:52:42,"cdc,cdround"
4994312839,Incilius valliceps,"Incilius valliceps (Wiegmann, 1833)",-88.388745,16.936356,335,HUMAN_OBSERVATION,iNaturalist,50c9509d-22c7-4a22-a47d-8c48425ef4a7,BZ,Stann Creek,2024,2024-12-06T12:57,"cdc,cdround"
4994463864,Incilius valliceps,"Incilius valliceps (Wiegmann, 1833)",-88.399375,16.925425,NA,HUMAN_OBSERVATION,iNaturalist,50c9509d-22c7-4a22-a47d-8c48425ef4a7,BZ,Stann Creek,2024,2024-12-10T08:50:15,cdc
5006770250,Incilius valliceps,"Incilius valliceps (Wiegmann, 1833)",-89.041728,15.796129,3906,HUMAN_OBSERVATION,iNaturalist,50c9509d-22c7-4a22-a47d-8c48425ef4a7,GT,Izabal,2024,2024-12-27T13:43,"cdc,cdround"
5007427402,Incilius valliceps,"Incilius valliceps (Wiegmann, 1833)",-86.972292,20.481285,NA,HUMAN_OBSERVATION,iNaturalist,50c9509d-22c7-4a22-a47d-8c48425ef4a7,MX,Quintana Roo,2024,2024-12-29T06:58:55,"cdc,cdround"
5007479277,Incilius valliceps,"Incilius valliceps (Wiegmann, 1833)",-87.144276,20.601005,4,HUMAN_OBSERVATION,iNaturalist,50c9509d-22c7-4a22-a47d-8c48425ef4a7,MX,Quintana Roo,2024,2024-12-18T23:26:13,"cdc,cdround"
5007495302,Incilius valliceps,"Incilius valliceps (Wiegmann, 1833)",-88.833615,21.291007,15,HUMAN_OBSERVATION,iNaturalist,50c9509d-22c7-4a22-a47d-8c48425ef4a7,MX,Yucatán,2024,2024-12-18T19:59,"cdc,cdround"
5007553508,Incilius valliceps,"Incilius valliceps (Wiegmann, 1833)",-88.946237,17.213638,4,HUMAN_OBSERVATION,iNaturalist,50c9509d-22c7-4a22-a47d-8c48425ef4a7,BZ,Cayo,2024,2024-12-31T21:18:06,"cdc,cdround"
5007661563,Incilius valliceps,"Incilius valliceps (Wiegmann, 1833)",-88.832785,21.290975,15,HUMAN_OBSERVATION,iNaturalist,50c9509d-22c7-4a22-a47d-8c48425ef4a7,MX,Yucatán,2024,2024-12-18T20:07,"cdc,cdround"
5007953026,Incilius valliceps,"Incilius valliceps (Wiegmann, 1833)",-87.82319,20.740797,600,HUMAN_OBSERVATION,iNaturalist,50c9509d-22c7-4a22-a47d-8c48425ef4a7,MX,Yucatán,2024,2024-12-11T00:53,"cdc,cdround"
5008066098,Incilius valliceps,"Incilius valliceps (Wiegmann, 1833)",-89.412169,20.810619,NA,HUMAN_OBSERVATION,iNaturalist,50c9509d-22c7-4a22-a47d-8c48425ef4a7,MX,Yucatán,2024,2024-12-12T17:46:22,"cdc,cdround"
5008182657,Incilius valliceps,"Incilius valliceps (Wiegmann, 1833)",-88.834638,21.291337,31,HUMAN_OBSERVATION,iNaturalist,50c9509d-22c7-4a22-a47d-8c48425ef4a7,MX,Yucatán,2024,2024-12-18T19:53,"cdc,cdround"
5008382562,Incilius valliceps,"Incilius valliceps (Wiegmann, 1833)",-88.830238,21.290792,8,HUMAN_OBSERVATION,iNaturalist,50c9509d-22c7-4a22-a47d-8c48425ef4a7,MX,Yucatán,2024,2024-12-18T20:31,"cdc,cdround"
5008390199,Incilius valliceps,"Incilius valliceps (Wiegmann, 1833)",-88.8326,21.290976,15,HUMAN_OBSERVATION,iNaturalist,50c9509d-22c7-4a22-a47d-8c48425ef4a7,MX,Yucatán,2024,2024-12-18T20:00,"cdc,cdround"
5036820202,Incilius valliceps,"Incilius valliceps (Wiegmann, 1833)",-86.919867,20.888746,30434,HUMAN_OBSERVATION,iNaturalist,50c9509d-22c7-4a22-a47d-8c48425ef4a7,MX,Quintana Roo,2024,2024-12-15T18:36:52,"cdc,cdround"
5036885398,Incilius valliceps,"Incilius valliceps (Wiegmann, 1833)",-89.899017,18.487304,169,HUMAN_OBSERVATION,iNaturalist,50c9509d-22c7-4a22-a47d-8c48425ef4a7,MX,Campeche,2024,2024-12-16T21:36,"cdc,cdround"
5037035116,Incilius valliceps,"Incilius valliceps (Wiegmann, 1833)",-87.052005,20.860861,128,HUMAN_OBSERVATION,iNaturalist,50c9509d-22c7-4a22-a47d-8c48425ef4a7,MX,Quintana Roo,2024,2024-12-20T19:06,"cdc,cdround"
5037096876,Incilius valliceps,"Incilius valliceps (Wiegmann, 1833)",-88.8977,21.312772,4,HUMAN_OBSERVATION,iNaturalist,50c9509d-22c7-4a22-a47d-8c48425ef4a7,MX,Yucatán,2024,2024-12-16T20:12,"cdc,cdround"
5037230819,Incilius valliceps,"Incilius valliceps (Wiegmann, 1833)",-87.052104,20.860724,102,HUMAN_OBSERVATION,iNaturalist,50c9509d-22c7-4a22-a47d-8c48425ef4a7,MX,Quintana Roo,2024,2024-12-20T19:55,"cdc,cdround"
5062939971,Incilius valliceps,"Incilius valliceps (Wiegmann, 1833)",-88.062928,15.50715,4,HUMAN_OBSERVATION,iNaturalist,50c9509d-22c7-4a22-a47d-8c48425ef4a7,HN,Cortés,2024,2024-12-14T08:43:43,"cdc,cdround"
5083206242,Incilius valliceps,"Incilius valliceps (Wiegmann, 1833)",-85.176346,10.69997,5000,HUMAN_OBSERVATION,NA,e03a781b-fe24-4bd2-af19-34ab4a3bb5ab,CR,NA,2024,2024-12-17,"cdc,cdround,cudc,gass84,osiic"
5083206675,Incilius valliceps,"Incilius valliceps (Wiegmann, 1833)",-85.176346,10.69997,5000,HUMAN_OBSERVATION,NA,e03a781b-fe24-4bd2-af19-34ab4a3bb5ab,CR,NA,2024,2024-12-16,"cdc,cdround,cudc,gass84,osiic"
5104356087,Incilius valliceps,"Incilius valliceps (Wiegmann, 1833)",-88.913852,21.284166,8,HUMAN_OBSERVATION,iNaturalist,50c9509d-22c7-4a22-a47d-8c48425ef4a7,MX,Yucatán,2024,2024-12-19T20:57,"cdc,cdround"
5840441416,Incilius valliceps,"Incilius valliceps (Wiegmann, 1833)",-89.015364,15.69129,2401,HUMAN_OBSERVATION,iNaturalist,50c9509d-22c7-4a22-a47d-8c48425ef4a7,GT,Izabal,2024,2024-12-29T13:41,"cdc,cdround"
5890354289,Incilius valliceps,"Incilius valliceps (Wiegmann, 1833)",-89.518461,18.857656,206,HUMAN_OBSERVATION,iNaturalist,50c9509d-22c7-4a22-a47d-8c48425ef4a7,MX,Campeche,2024,2024-12-06,"cdc,cdround"
5892363395,Incilius valliceps,"Incilius valliceps (Wiegmann, 1833)",-89.553047,21.081531,40,HUMAN_OBSERVATION,iNaturalist,50c9509d-22c7-4a22-a47d-8c48425ef4a7,MX,Yucatán,2024,2024-12-25T18:34:55,"cdc,cdround"
5892654863,Incilius valliceps,"Incilius valliceps (Wiegmann, 1833)",-88.870211,21.307185,15,HUMAN_OBSERVATION,iNaturalist,50c9509d-22c7-4a22-a47d-8c48425ef4a7,MX,Yucatán,2024,2024-12-17T21:52,"cdc,cdround"
5892693786,Incilius valliceps,"Incilius valliceps (Wiegmann, 1833)",-88.882768,21.307539,61,HUMAN_OBSERVATION,iNaturalist,50c9509d-22c7-4a22-a47d-8c48425ef4a7,MX,Yucatán,2024,2024-12-17T21:27,"cdc,cdround"
6441350008,Incilius valliceps,"Incilius valliceps (Wiegmann, 1833)",-88.656058,17.759317,60,HUMAN_OBSERVATION,iNaturalist,50c9509d-22c7-4a22-a47d-8c48425ef4a7,BZ,Orange Walk,2024,2024-12-06T09:53:18,"cdc,cdround"
6553047606,Incilius valliceps,"Incilius valliceps (Wiegmann, 1833)",-89.55188,18.609749,114126,HUMAN_OBSERVATION,iNaturalist,50c9509d-22c7-4a22-a47d-8c48425ef4a7,MX,Campeche,2024,2024-12-27T10:59:18,"cdc,cdround"
4015093437,Incilius valliceps,"Incilius valliceps (Wiegmann, 1833)",-89.069051,14.878837,45,HUMAN_OBSERVATION,iNaturalist,50c9509d-22c7-4a22-a47d-8c48425ef4a7,HN,Copán,2023,2023-01-02T23:44:12,"cdc,cdround"
4021994623,Incilius valliceps,"Incilius valliceps (Wiegmann, 1833)",-87.219683,20.521539,NA,HUMAN_OBSERVATION,iNaturalist,50c9509d-22c7-4a22-a47d-8c48425ef4a7,MX,Quintana Roo,2023,2023-01-13T09:41:22,"cdc,cdround"
4022307892,Incilius valliceps,"Incilius valliceps (Wiegmann, 1833)",-88.447053,18.679583,2094,HUMAN_OBSERVATION,iNaturalist,50c9509d-22c7-4a22-a47d-8c48425ef4a7,MX,Quintana Roo,2023,2023-01-17T15:44:11,"cdc,cdround"
4028769239,Incilius valliceps,"Incilius valliceps (Wiegmann, 1833)",-96.958205,18.921172,5,HUMAN_OBSERVATION,iNaturalist,50c9509d-22c7-4a22-a47d-8c48425ef4a7,MX,Veracruz,2023,2023-01-04T22:24:54,"cdc,cdround"
4028876368,Incilius valliceps,"Incilius valliceps (Wiegmann, 1833)",-89.676185,20.978637,308,HUMAN_OBSERVATION,iNaturalist,50c9509d-22c7-4a22-a47d-8c48425ef4a7,MX,Yucatán,2023,2023-01-23T22:00,"cdc,cdround"
4029157842,Incilius valliceps,"Incilius valliceps (Wiegmann, 1833)",-87.086861,20.65058,25,HUMAN_OBSERVATION,iNaturalist,50c9509d-22c7-4a22-a47d-8c48425ef4a7,MX,Quintana Roo,2023,2023-01-31T19:27,"cdc,cdround"
4029195702,Incilius valliceps,"Incilius valliceps (Wiegmann, 1833)",-88.363763,16.553215,4,HUMAN_OBSERVATION,iNaturalist,50c9509d-22c7-4a22-a47d-8c48425ef4a7,BZ,Stann Creek,2023,2023-01-30T18:46,"cdc,cdround"
4029222602,Incilius valliceps,"Incilius valliceps (Wiegmann, 1833)",-88.3637,16.553241,4,HUMAN_OBSERVATION,iNaturalist,50c9509d-22c7-4a22-a47d-8c48425ef4a7,BZ,Stann Creek,2023,2023-01-30T18:43,"cdc,cdround"
4034997115,Incilius valliceps,"Incilius valliceps (Wiegmann, 1833)",-86.742164,15.721261,4,HUMAN_OBSERVATION,iNaturalist,50c9509d-22c7-4a22-a47d-8c48425ef4a7,HN,Atlántida,2023,2023-01-27T09:53,"cdc,cdround"
4039346153,Incilius valliceps,"Incilius valliceps (Wiegmann, 1833)",-88.568342,17.052783,NA,HUMAN_OBSERVATION,iNaturalist,50c9509d-22c7-4a22-a47d-8c48425ef4a7,BZ,Cayo,2023,2023-01-25T20:39,"cdc,cdround"
4046229627,Incilius valliceps,"Incilius valliceps (Wiegmann, 1833)",-93.228592,18.248194,NA,HUMAN_OBSERVATION,iNaturalist,50c9509d-22c7-4a22-a47d-8c48425ef4a7,MX,Tabasco,2023,2023-01-01T01:42:45,"cdc,cdround"
4046334275,Incilius valliceps,"Incilius valliceps (Wiegmann, 1833)",-88.56212,17.04656,NA,HUMAN_OBSERVATION,iNaturalist,50c9509d-22c7-4a22-a47d-8c48425ef4a7,BZ,Cayo,2023,2023-01-30T13:31,cdc
4046349310,Incilius valliceps,"Incilius valliceps (Wiegmann, 1833)",-89.683222,16.994063,15,HUMAN_OBSERVATION,iNaturalist,50c9509d-22c7-4a22-a47d-8c48425ef4a7,GT,Petén,2023,2023-01-22T10:53,"cdc,cdround"
4129696522,Incilius valliceps,"Incilius valliceps (Wiegmann, 1833)",-88.56921,17.053057,NA,HUMAN_OBSERVATION,iNaturalist,50c9509d-22c7-4a22-a47d-8c48425ef4a7,BZ,Cayo,2023,2023-01-22T19:35,"cdc,cdround"
4129754395,Incilius valliceps,"Incilius valliceps (Wiegmann, 1833)",-89.096745,17.029806,NA,HUMAN_OBSERVATION,iNaturalist,50c9509d-22c7-4a22-a47d-8c48425ef4a7,BZ,Cayo,2023,2023-01-30T11:02:49,"cdc,cdround"
4129802449,Incilius valliceps,"Incilius valliceps (Wiegmann, 1833)",-88.363635,16.553202,4,HUMAN_OBSERVATION,iNaturalist,50c9509d-22c7-4a22-a47d-8c48425ef4a7,BZ,Stann Creek,2023,2023-01-29T19:04,"cdc,cdround"
4129816385,Incilius valliceps,"Incilius valliceps (Wiegmann, 1833)",-89.107823,17.538688,313,HUMAN_OBSERVATION,iNaturalist,50c9509d-22c7-4a22-a47d-8c48425ef4a7,BZ,Orange Walk,2023,2023-01-30T18:58,"cdc,cdround"
4129849526,Incilius valliceps,"Incilius valliceps (Wiegmann, 1833)",-88.594855,17.131665,NA,HUMAN_OBSERVATION,iNaturalist,50c9509d-22c7-4a22-a47d-8c48425ef4a7,BZ,Cayo,2023,2023-01-29T12:19,cdc
4129901500,Incilius valliceps,"Incilius valliceps (Wiegmann, 1833)",-88.594008,17.128927,NA,HUMAN_OBSERVATION,iNaturalist,50c9509d-22c7-4a22-a47d-8c48425ef4a7,BZ,Cayo,2023,2023-01-22T12:23,"cdc,cdround"
4129934491,Incilius valliceps,"Incilius valliceps (Wiegmann, 1833)",-88.363748,16.553189,4,HUMAN_OBSERVATION,iNaturalist,50c9509d-22c7-4a22-a47d-8c48425ef4a7,BZ,Stann Creek,2023,2023-01-29T19:26,"cdc,cdround"
4129937444,Incilius valliceps,"Incilius valliceps (Wiegmann, 1833)",-88.680116,17.161789,NA,HUMAN_OBSERVATION,iNaturalist,50c9509d-22c7-4a22-a47d-8c48425ef4a7,BZ,Cayo,2023,2023-01-07T17:02:34,"cdc,cdround"
4399914535,Incilius valliceps,"Incilius valliceps (Wiegmann, 1833)",-89.516476,21.04942,8,HUMAN_OBSERVATION,iNaturalist,50c9509d-22c7-4a22-a47d-8c48425ef4a7,MX,Yucatán,2023,2023-01-26T05:56,"cdc,cdround"
4407098467,Incilius valliceps,"Incilius valliceps (Wiegmann, 1833)",-89.551198,21.003707,6,HUMAN_OBSERVATION,iNaturalist,50c9509d-22c7-4a22-a47d-8c48425ef4a7,MX,Yucatán,2023,2023-01-03T22:11:17,"cdc,cdround"
4407199519,Incilius valliceps,"Incilius valliceps (Wiegmann, 1833)",-90.493788,19.755413,8,HUMAN_OBSERVATION,iNaturalist,50c9509d-22c7-4a22-a47d-8c48425ef4a7,MX,Campeche,2023,2023-01-06T07:39:05,"cdc,cdround"
4440646628,Incilius valliceps,"Incilius valliceps (Wiegmann, 1833)",-88.083778,20.77621,30453,HUMAN_OBSERVATION,iNaturalist,50c9509d-22c7-4a22-a47d-8c48425ef4a7,MX,Yucatán,2023,2023-01-25T09:06,"cdc,cdround"
4440870621,Incilius valliceps,"Incilius valliceps (Wiegmann, 1833)",-88.027063,20.905806,30434,HUMAN_OBSERVATION,iNaturalist,50c9509d-22c7-4a22-a47d-8c48425ef4a7,MX,Yucatán,2023,2023-01-26T09:14:08,"cdc,cdround"
4937002524,Incilius valliceps,"Incilius valliceps (Wiegmann, 1833)",-90.29288,17.247216,209,HUMAN_OBSERVATION,iNaturalist,50c9509d-22c7-4a22-a47d-8c48425ef4a7,GT,Petén,2023,2023-01-19T18:27:23,"cdc,cdround"
5086944758,Incilius valliceps,"Incilius valliceps (Wiegmann, 1833)",-84.979724,10.680295,9467,HUMAN_OBSERVATION,iNaturalist,50c9509d-22c7-4a22-a47d-8c48425ef4a7,CR,Alajuela,2023,2023-01-23T19:15:02,"cdc,cdround"
4029125057,Incilius valliceps,"Incilius valliceps (Wiegmann, 1833)",-85.838675,14.817067,9,HUMAN_OBSERVATION,iNaturalist,50c9509d-22c7-4a22-a47d-8c48425ef4a7,HN,Olancho,2023,2023-02-03T09:20:58,"cdc,cdround"
4029284896,Incilius valliceps,"Incilius valliceps (Wiegmann, 1833)",-88.469949,16.781456,152,HUMAN_OBSERVATION,iNaturalist,50c9509d-22c7-4a22-a47d-8c48425ef4a7,BZ,Stann Creek,2023,2023-02-04T19:59,"cdc,cdround"
4034785983,Incilius valliceps,"Incilius valliceps (Wiegmann, 1833)",-88.363702,16.553211,4,HUMAN_OBSERVATION,iNaturalist,50c9509d-22c7-4a22-a47d-8c48425ef4a7,BZ,Stann Creek,2023,2023-02-06T21:07,"cdc,cdround"
4034819732,Incilius valliceps,"Incilius valliceps (Wiegmann, 1833)",-90.377778,20.924553,NA,HUMAN_OBSERVATION,iNaturalist,50c9509d-22c7-4a22-a47d-8c48425ef4a7,MX,Yucatán,2023,2023-02-06T00:03:48,"cdc,cdround"
4034944697,Incilius valliceps,"Incilius valliceps (Wiegmann, 1833)",-88.363766,16.553208,4,HUMAN_OBSERVATION,iNaturalist,50c9509d-22c7-4a22-a47d-8c48425ef4a7,BZ,Stann Creek,2023,2023-02-06T21:04,"cdc,cdround"
4035014383,Incilius valliceps,"Incilius valliceps (Wiegmann, 1833)",-87.991514,15.339489,8,HUMAN_OBSERVATION,iNaturalist,50c9509d-22c7-4a22-a47d-8c48425ef4a7,HN,Cortés,2023,2023-02-12T19:53,"cdc,cdround"
4039144159,Incilius valliceps,"Incilius valliceps (Wiegmann, 1833)",-88.929015,17.196367,3056,HUMAN_OBSERVATION,iNaturalist,50c9509d-22c7-4a22-a47d-8c48425ef4a7,BZ,Cayo,2023,2023-02-16T18:44:49,"cdc,cdround"
4039528312,Incilius valliceps,"Incilius valliceps (Wiegmann, 1833)",-89.328044,21.213925,NA,HUMAN_OBSERVATION,iNaturalist,50c9509d-22c7-4a22-a47d-8c48425ef4a7,MX,Yucatán,2023,2023-02-18T19:48:03,"cdc,cdround"
4046247740,Incilius valliceps,"Incilius valliceps (Wiegmann, 1833)",-96.130816,19.075009,NA,HUMAN_OBSERVATION,iNaturalist,50c9509d-22c7-4a22-a47d-8c48425ef4a7,MX,Veracruz,2023,2023-02-06T17:45:07,"cdc,cdround"
4046318889,Incilius valliceps,"Incilius valliceps (Wiegmann, 1833)",-89.075194,17.148439,11,HUMAN_OBSERVATION,iNaturalist,50c9509d-22c7-4a22-a47d-8c48425ef4a7,BZ,Cayo,2023,2023-02-23T19:41:31,"cdc,cdround"
4054830635,Incilius valliceps,"Incilius valliceps (Wiegmann, 1833)",-88.896479,17.136481,4,HUMAN_OBSERVATION,iNaturalist,50c9509d-22c7-4a22-a47d-8c48425ef4a7,BZ,Cayo,2023,2023-02-28T09:02,"cdc,cdround"
4054859542,Incilius valliceps,"Incilius valliceps (Wiegmann, 1833)",-89.327891,21.213972,NA,HUMAN_OBSERVATION,iNaturalist,50c9509d-22c7-4a22-a47d-8c48425ef4a7,MX,Yucatán,2023,2023-02-19T08:42:48,"cdc,cdround"
4116375702,Incilius valliceps,"Incilius valliceps (Wiegmann, 1833)",-89.837123,17.190815,122,HUMAN_OBSERVATION,iNaturalist,50c9509d-22c7-4a22-a47d-8c48425ef4a7,GT,Petén,2023,2023-02-26T10:22,"cdc,cdround"
4126958933,Incilius valliceps,"Incilius valliceps (Wiegmann, 1833)",-87.205195,20.544761,88,HUMAN_OBSERVATION,iNaturalist,50c9509d-22c7-4a22-a47d-8c48425ef4a7,MX,Quintana Roo,2023,2023-02-18T13:34,cdc
4129849517,Incilius valliceps,"Incilius valliceps (Wiegmann, 1833)",-88.363896,16.553173,8,HUMAN_OBSERVATION,iNaturalist,50c9509d-22c7-4a22-a47d-8c48425ef4a7,BZ,Stann Creek,2023,2023-02-01T20:50,"cdc,cdround"
4400286532,Incilius valliceps,"Incilius valliceps (Wiegmann, 1833)",-87.385375,20.330332,10,HUMAN_OBSERVATION,iNaturalist,50c9509d-22c7-4a22-a47d-8c48425ef4a7,MX,Quintana Roo,2023,2023-02-19T23:01:41,"cdc,cdround"
4525146590,Incilius valliceps,"Incilius valliceps (Wiegmann, 1833)",-84.067816,10.452097,100,HUMAN_OBSERVATION,iNaturalist,50c9509d-22c7-4a22-a47d-8c48425ef4a7,CR,Heredia,2023,2023-02-01T03:02,cdc
6195975998,Incilius valliceps,"Incilius valliceps (Wiegmann, 1833)",-87.916844,15.035454,78249,HUMAN_OBSERVATION,iNaturalist,50c9509d-22c7-4a22-a47d-8c48425ef4a7,HN,Cortés,2023,2023-02-16T19:36,"cdc,cdround"
6235438662,Incilius valliceps,"Incilius valliceps (Wiegmann, 1833)",-89.139268,14.827015,7894,HUMAN_OBSERVATION,iNaturalist,50c9509d-22c7-4a22-a47d-8c48425ef4a7,HN,Copán,2023,2023-02-25T20:41:28,"cdc,cdround"
4062732657,Incilius valliceps,"Incilius valliceps (Wiegmann, 1833)",-87.991512,15.338431,2,HUMAN_OBSERVATION,iNaturalist,50c9509d-22c7-4a22-a47d-8c48425ef4a7,HN,Cortés,2023,2023-03-07T08:24,"cdc,cdround"
4067494532,Incilius valliceps,"Incilius valliceps (Wiegmann, 1833)",-88.298308,17.548166,NA,HUMAN_OBSERVATION,iNaturalist,50c9509d-22c7-4a22-a47d-8c48425ef4a7,BZ,Belize,2023,2023-03-19T19:12:58,"cdc,cdround"
4075646208,Incilius valliceps,"Incilius valliceps (Wiegmann, 1833)",-88.565788,17.052073,NA,HUMAN_OBSERVATION,iNaturalist,50c9509d-22c7-4a22-a47d-8c48425ef4a7,BZ,Cayo,2023,2023-03-19T00:42:29,"cdc,cdround"
4075702270,Incilius valliceps,"Incilius valliceps (Wiegmann, 1833)",-89.327788,21.213955,7,HUMAN_OBSERVATION,iNaturalist,50c9509d-22c7-4a22-a47d-8c48425ef4a7,MX,Yucatán,2023,2023-03-22T19:52,"cdc,cdround"
4075822901,Incilius valliceps,"Incilius valliceps (Wiegmann, 1833)",-88.46068,16.777298,NA,HUMAN_OBSERVATION,iNaturalist,50c9509d-22c7-4a22-a47d-8c48425ef4a7,BZ,Stann Creek,2023,2023-03-25T08:56:51,"cdc,cdround"
4075883943,Incilius valliceps,"Incilius valliceps (Wiegmann, 1833)",-88.896258,17.135353,NA,HUMAN_OBSERVATION,iNaturalist,50c9509d-22c7-4a22-a47d-8c48425ef4a7,BZ,Cayo,2023,2023-03-23T10:16,"cdc,cdround"
4075892407,Incilius valliceps,"Incilius valliceps (Wiegmann, 1833)",-89.499419,21.079248,84,HUMAN_OBSERVATION,iNaturalist,50c9509d-22c7-4a22-a47d-8c48425ef4a7,MX,Yucatán,2023,2023-03-21T10:00,"cdc,cdround"
4080640554,Incilius valliceps,"Incilius valliceps (Wiegmann, 1833)",-88.700359,17.601088,78,HUMAN_OBSERVATION,iNaturalist,50c9509d-22c7-4a22-a47d-8c48425ef4a7,BZ,Orange Walk,2023,2023-03-26T20:21:05,"cdc,cdround"
4080654571,Incilius valliceps,"Incilius valliceps (Wiegmann, 1833)",-96.902446,18.861372,NA,HUMAN_OBSERVATION,iNaturalist,50c9509d-22c7-4a22-a47d-8c48425ef4a7,MX,Veracruz,2023,2023-03-27T13:19:22,"cdc,cdround"
4116062565,Incilius valliceps,"Incilius valliceps (Wiegmann, 1833)",-89.327513,21.213872,12,HUMAN_OBSERVATION,iNaturalist,50c9509d-22c7-4a22-a47d-8c48425ef4a7,MX,Yucatán,2023,2023-03-22T22:58,"cdc,cdround"
4116207434,Incilius valliceps,"Incilius valliceps (Wiegmann, 1833)",-89.656115,20.769485,4,HUMAN_OBSERVATION,iNaturalist,50c9509d-22c7-4a22-a47d-8c48425ef4a7,MX,Yucatán,2023,2023-03-15T07:09,"cdc,cdround"
4116343453,Incilius valliceps,"Incilius valliceps (Wiegmann, 1833)",-89.516625,21.050481,8,HUMAN_OBSERVATION,iNaturalist,50c9509d-22c7-4a22-a47d-8c48425ef4a7,MX,Yucatán,2023,2023-03-12T19:51:35,"cdc,cdround"
4116409502,Incilius valliceps,"Incilius valliceps (Wiegmann, 1833)",-89.656118,20.769488,2,HUMAN_OBSERVATION,iNaturalist,50c9509d-22c7-4a22-a47d-8c48425ef4a7,MX,Yucatán,2023,2023-03-15T07:14,"cdc,cdround"
4116483550,Incilius valliceps,"Incilius valliceps (Wiegmann, 1833)",-89.557952,20.950199,2,HUMAN_OBSERVATION,iNaturalist,50c9509d-22c7-4a22-a47d-8c48425ef4a7,MX,Yucatán,2023,2023-03-07T14:18,"cdc,cdround"
4129713518,Incilius valliceps,"Incilius valliceps (Wiegmann, 1833)",-88.534795,16.785723,2754,HUMAN_OBSERVATION,iNaturalist,50c9509d-22c7-4a22-a47d-8c48425ef4a7,BZ,Stann Creek,2023,2023-03-15T09:09:45,"cdc,cdround"
4129795457,Incilius valliceps,"Incilius valliceps (Wiegmann, 1833)",-88.843405,16.137536,17,HUMAN_OBSERVATION,iNaturalist,50c9509d-22c7-4a22-a47d-8c48425ef4a7,BZ,Toledo,2023,2023-03-08T18:34:51,"cdc,cdround"
4129803463,Incilius valliceps,"Incilius valliceps (Wiegmann, 1833)",-88.565623,17.052513,228,HUMAN_OBSERVATION,iNaturalist,50c9509d-22c7-4a22-a47d-8c48425ef4a7,BZ,Cayo,2023,2023-03-13T19:43:09,"cdc,cdround"
4407209497,Incilius valliceps,"Incilius valliceps (Wiegmann, 1833)",-88.0311,19.586883,9,HUMAN_OBSERVATION,iNaturalist,50c9509d-22c7-4a22-a47d-8c48425ef4a7,MX,Quintana Roo,2023,2023-03-22T20:00:53,"cdc,cdround"
4458680397,Incilius valliceps,"Incilius valliceps (Wiegmann, 1833)",-89.009031,16.752452,NA,HUMAN_OBSERVATION,iNaturalist,50c9509d-22c7-4a22-a47d-8c48425ef4a7,BZ,Cayo,2023,2023-03-23T18:33:24,"cdc,cdround"
4507792778,Incilius valliceps,"Incilius valliceps (Wiegmann, 1833)",-91.136219,14.522981,201,HUMAN_OBSERVATION,iNaturalist,50c9509d-22c7-4a22-a47d-8c48425ef4a7,GT,Suchitepéquez,2023,2023-03-25T09:45:58,"cdc,cdround"
4522480703,Incilius valliceps,"Incilius valliceps (Wiegmann, 1833)",-85.845191,14.827248,129,HUMAN_OBSERVATION,iNaturalist,50c9509d-22c7-4a22-a47d-8c48425ef4a7,HN,Olancho,2023,2023-03-05T18:31:09,"cdc,cdround"
4076076632,Incilius valliceps,"Incilius valliceps (Wiegmann, 1833)",-87.949869,15.471191,NA,HUMAN_OBSERVATION,iNaturalist,50c9509d-22c7-4a22-a47d-8c48425ef4a7,HN,Cortés,2023,2023-04-02,"cdc,cdround"
4076140597,Incilius valliceps,"Incilius valliceps (Wiegmann, 1833)",-88.294625,20.993444,189,HUMAN_OBSERVATION,iNaturalist,50c9509d-22c7-4a22-a47d-8c48425ef4a7,MX,Yucatán,2023,2023-04-02T00:52:55,"cdc,cdround"
4080490633,Incilius valliceps,"Incilius valliceps (Wiegmann, 1833)",-88.024757,15.558332,4,HUMAN_OBSERVATION,iNaturalist,50c9509d-22c7-4a22-a47d-8c48425ef4a7,HN,Cortés,2023,2023-04-04T18:49,"cdc,cdround"
4080919359,Incilius valliceps,"Incilius valliceps (Wiegmann, 1833)",-87.75512,15.383441,122,HUMAN_OBSERVATION,iNaturalist,50c9509d-22c7-4a22-a47d-8c48425ef4a7,HN,Yoro,2023,2023-04-02T18:08,"cdc,cdround"
4102725133,Incilius valliceps,"Incilius valliceps (Wiegmann, 1833)",-88.135334,21.140606,7,HUMAN_OBSERVATION,iNaturalist,50c9509d-22c7-4a22-a47d-8c48425ef4a7,MX,Yucatán,2023,2023-04-28T13:18:31,"cdc,cdround"
4102889100,Incilius valliceps,"Incilius valliceps (Wiegmann, 1833)",-92.61605,16.733958,10,HUMAN_OBSERVATION,iNaturalist,50c9509d-22c7-4a22-a47d-8c48425ef4a7,MX,Chiapas,2023,2023-04-14T07:40:41,"cdc,cdround"
4111614610,Incilius valliceps,"Incilius valliceps (Wiegmann, 1833)",-89.392656,18.503573,NA,HUMAN_OBSERVATION,iNaturalist,50c9509d-22c7-4a22-a47d-8c48425ef4a7,MX,Campeche,2023,2023-04-29T20:36:58,"cdc,cdround"
4111647624,Incilius valliceps,"Incilius valliceps (Wiegmann, 1833)",-89.304528,18.955552,NA,HUMAN_OBSERVATION,iNaturalist,50c9509d-22c7-4a22-a47d-8c48425ef4a7,MX,Campeche,2023,2023-04-30T09:48:32,cdc
4111854681,Incilius valliceps,"Incilius valliceps (Wiegmann, 1833)",-85.453808,15.1342,NA,HUMAN_OBSERVATION,iNaturalist,50c9509d-22c7-4a22-a47d-8c48425ef4a7,HN,Olancho,2023,2023-04-26T20:05,"cdc,cdround"
4112120579,Incilius valliceps,"Incilius valliceps (Wiegmann, 1833)",-89.392656,18.503573,NA,HUMAN_OBSERVATION,iNaturalist,50c9509d-22c7-4a22-a47d-8c48425ef4a7,MX,Campeche,2023,2023-04-29T20:37:04,"cdc,cdround"
4116458776,Incilius valliceps,"Incilius valliceps (Wiegmann, 1833)",-85.315833,15.293889,NA,HUMAN_OBSERVATION,iNaturalist,50c9509d-22c7-4a22-a47d-8c48425ef4a7,HN,Olancho,2023,2023-04-24T21:36,"cdc,cdround"
4116531639,Incilius valliceps,"Incilius valliceps (Wiegmann, 1833)",-85.313711,15.291992,NA,HUMAN_OBSERVATION,iNaturalist,50c9509d-22c7-4a22-a47d-8c48425ef4a7,HN,Olancho,2023,2023-04-24T19:56,"cdc,cdround"
4116550566,Incilius valliceps,"Incilius valliceps (Wiegmann, 1833)",-89.515955,21.073916,19,HUMAN_OBSERVATION,iNaturalist,50c9509d-22c7-4a22-a47d-8c48425ef4a7,MX,Yucatán,2023,2023-04-07T00:18:26,"cdc,cdround"
4126686709,Incilius valliceps,"Incilius valliceps (Wiegmann, 1833)",-87.702485,18.724277,29,HUMAN_OBSERVATION,iNaturalist,50c9509d-22c7-4a22-a47d-8c48425ef4a7,MX,Quintana Roo,2023,2023-04-25T07:13:34,"cdc,cdround"
4126698077,Incilius valliceps,"Incilius valliceps (Wiegmann, 1833)",-85.313889,15.2925,NA,HUMAN_OBSERVATION,iNaturalist,50c9509d-22c7-4a22-a47d-8c48425ef4a7,HN,Olancho,2023,2023-04-23T21:47,"cdc,cdround"
4126699708,Incilius valliceps,"Incilius valliceps (Wiegmann, 1833)",-87.340271,20.380657,8,HUMAN_OBSERVATION,iNaturalist,50c9509d-22c7-4a22-a47d-8c48425ef4a7,MX,Quintana Roo,2023,2023-04-28T15:02,"cdc,cdround"
4126763028,Incilius valliceps,"Incilius valliceps (Wiegmann, 1833)",-85.313611,15.291944,NA,HUMAN_OBSERVATION,iNaturalist,50c9509d-22c7-4a22-a47d-8c48425ef4a7,HN,Olancho,2023,2023-04-24T19:56,"cdc,cdround"
4126833629,Incilius valliceps,"Incilius valliceps (Wiegmann, 1833)",-85.31788,15.257671,488,HUMAN_OBSERVATION,iNaturalist,50c9509d-22c7-4a22-a47d-8c48425ef4a7,HN,Olancho,2023,2023-04-22T19:47,"cdc,cdround"
4126955695,Incilius valliceps,"Incilius valliceps (Wiegmann, 1833)",-85.317258,15.256294,488,HUMAN_OBSERVATION,iNaturalist,50c9509d-22c7-4a22-a47d-8c48425ef4a7,HN,Olancho,2023,2023-04-22T19:45,"cdc,cdround"
4129747535,Incilius valliceps,"Incilius valliceps (Wiegmann, 1833)",-88.148441,21.136144,2131,HUMAN_OBSERVATION,iNaturalist,50c9509d-22c7-4a22-a47d-8c48425ef4a7,MX,Yucatán,2023,2023-04-30T19:42:51,"cdc,cdround"
4137698201,Incilius valliceps,"Incilius valliceps (Wiegmann, 1833)",-93.097722,16.740005,3,HUMAN_OBSERVATION,iNaturalist,50c9509d-22c7-4a22-a47d-8c48425ef4a7,MX,Chiapas,2023,2023-04-17T21:11,"cdc,cdround"
4399913563,Incilius valliceps,"Incilius valliceps (Wiegmann, 1833)",-89.915458,18.539403,96,HUMAN_OBSERVATION,iNaturalist,50c9509d-22c7-4a22-a47d-8c48425ef4a7,MX,Campeche,2023,2023-04-12T04:37:16,"cdc,cdround"
4400435535,Incilius valliceps,"Incilius valliceps (Wiegmann, 1833)",-87.723836,18.673394,23,HUMAN_OBSERVATION,iNaturalist,50c9509d-22c7-4a22-a47d-8c48425ef4a7,MX,Quintana Roo,2023,2023-04-14T10:49:38,"cdc,cdround"
4500709374,Incilius valliceps,"Incilius valliceps (Wiegmann, 1833)",-86.7769,21.076725,NA,HUMAN_OBSERVATION,iNaturalist,50c9509d-22c7-4a22-a47d-8c48425ef4a7,MX,Quintana Roo,2023,2023-04-14T12:29:36,"cdc,cdround"
4851940923,Incilius valliceps,"Incilius valliceps (Wiegmann, 1833)",-88.675708,20.542984,15,HUMAN_OBSERVATION,iNaturalist,50c9509d-22c7-4a22-a47d-8c48425ef4a7,MX,Yucatán,2023,2023-04-27T09:08,"cdc,cdround"
6195707146,Incilius valliceps,"Incilius valliceps (Wiegmann, 1833)",-86.777489,15.291696,61,HUMAN_OBSERVATION,iNaturalist,50c9509d-22c7-4a22-a47d-8c48425ef4a7,HN,Yoro,2023,2023-04-25T06:03,"cdc,cdround"
6399233632,Incilius valliceps,"Incilius valliceps (Wiegmann, 1833)",-88.577216,20.690203,NA,HUMAN_OBSERVATION,iNaturalist,50c9509d-22c7-4a22-a47d-8c48425ef4a7,MX,Yucatán,2023,2023-04-15T23:49:34,"cdc,cdround"
6423197616,Incilius valliceps,"Incilius valliceps (Wiegmann, 1833)",-85.315989,15.294311,NA,HUMAN_OBSERVATION,iNaturalist,50c9509d-22c7-4a22-a47d-8c48425ef4a7,HN,Olancho,2023,2023-04-24T21:36,"cdc,cdround"
6430880976,Incilius valliceps,"Incilius valliceps (Wiegmann, 1833)",-87.811511,15.395298,13569,HUMAN_OBSERVATION,iNaturalist,50c9509d-22c7-4a22-a47d-8c48425ef4a7,HN,Yoro,2023,2023-04-24T12:57:38,"cdc,cdround"
6431023928,Incilius valliceps,"Incilius valliceps (Wiegmann, 1833)",-87.956551,15.599379,17442,HUMAN_OBSERVATION,iNaturalist,50c9509d-22c7-4a22-a47d-8c48425ef4a7,HN,Cortés,2023,2023-04-14T12:40:42,"cdc,cdround"
4116543645,Incilius valliceps,"Incilius valliceps (Wiegmann, 1833)",-89.677139,21.041414,NA,HUMAN_OBSERVATION,iNaturalist,50c9509d-22c7-4a22-a47d-8c48425ef4a7,MX,Yucatán,2023,2023-05-08T19:33:26,"cdc,cdround"
4120997972,Incilius valliceps,"Incilius valliceps (Wiegmann, 1833)",-91.971158,17.484261,NA,HUMAN_OBSERVATION,iNaturalist,50c9509d-22c7-4a22-a47d-8c48425ef4a7,MX,Chiapas,2023,2023-05-23T06:24:44,"cdc,cdround"
4126717718,Incilius valliceps,"Incilius valliceps (Wiegmann, 1833)",-88.571406,20.678703,12,HUMAN_OBSERVATION,iNaturalist,50c9509d-22c7-4a22-a47d-8c48425ef4a7,MX,Yucatán,2023,2023-05-20T04:39:46,"cdc,cdround"
4126913438,Incilius valliceps,"Incilius valliceps (Wiegmann, 1833)",-90.397205,20.859304,2033,HUMAN_OBSERVATION,iNaturalist,50c9509d-22c7-4a22-a47d-8c48425ef4a7,MX,Yucatán,2023,2023-05-14,"cdc,cdround"
4127275419,Incilius valliceps,"Incilius valliceps (Wiegmann, 1833)",-87.706817,18.718164,206,HUMAN_OBSERVATION,iNaturalist,50c9509d-22c7-4a22-a47d-8c48425ef4a7,MX,Quintana Roo,2023,2023-05-04T22:31,"cdc,cdround"
4127349352,Incilius valliceps,"Incilius valliceps (Wiegmann, 1833)",-87.090514,20.629503,4,HUMAN_OBSERVATION,iNaturalist,50c9509d-22c7-4a22-a47d-8c48425ef4a7,MX,Quintana Roo,2023,2023-05-13T20:39:12,"cdc,cdround"
4127350982,Incilius valliceps,"Incilius valliceps (Wiegmann, 1833)",-89.688877,21.128355,434,HUMAN_OBSERVATION,iNaturalist,50c9509d-22c7-4a22-a47d-8c48425ef4a7,MX,Yucatán,2023,2023-05-28T19:04,"cdc,cdround"
4127388176,Incilius valliceps,"Incilius valliceps (Wiegmann, 1833)",-88.305669,21.009968,11,HUMAN_OBSERVATION,iNaturalist,50c9509d-22c7-4a22-a47d-8c48425ef4a7,MX,Yucatán,2023,2023-05-19T21:19:58,"cdc,cdround"
4129695081,Incilius valliceps,"Incilius valliceps (Wiegmann, 1833)",-96.870783,18.870097,NA,HUMAN_OBSERVATION,iNaturalist,50c9509d-22c7-4a22-a47d-8c48425ef4a7,MX,Veracruz,2023,2023-05-31T09:46:05,"cdc,cdround"
4129719419,Incilius valliceps,"Incilius valliceps (Wiegmann, 1833)",-89.06008,17.031297,4,HUMAN_OBSERVATION,iNaturalist,50c9509d-22c7-4a22-a47d-8c48425ef4a7,BZ,Cayo,2023,2023-05-15T08:08:51,"cdc,cdround"
4129799902,Incilius valliceps,"Incilius valliceps (Wiegmann, 1833)",-87.500008,15.235588,4,HUMAN_OBSERVATION,iNaturalist,50c9509d-22c7-4a22-a47d-8c48425ef4a7,HN,Yoro,2023,2023-05-25T08:35,"cdc,cdround"
4129947578,Incilius valliceps,"Incilius valliceps (Wiegmann, 1833)",-89.058759,17.125349,25,HUMAN_OBSERVATION,iNaturalist,50c9509d-22c7-4a22-a47d-8c48425ef4a7,BZ,Cayo,2023,2023-05-16T20:52:22,"cdc,cdround"
4130175458,Incilius valliceps,"Incilius valliceps (Wiegmann, 1833)",-96.896508,18.866312,214,HUMAN_OBSERVATION,iNaturalist,50c9509d-22c7-4a22-a47d-8c48425ef4a7,MX,Veracruz,2023,2023-05-17T19:21:25,"cdc,cdround"
4399941801,Incilius valliceps,"Incilius valliceps (Wiegmann, 1833)",-90.101802,20.246554,NA,HUMAN_OBSERVATION,iNaturalist,50c9509d-22c7-4a22-a47d-8c48425ef4a7,MX,Campeche,2023,2023-05-18T22:03,"cdc,cdround"
4400068896,Incilius valliceps,"Incilius valliceps (Wiegmann, 1833)",-90.101657,20.246789,NA,HUMAN_OBSERVATION,iNaturalist,50c9509d-22c7-4a22-a47d-8c48425ef4a7,MX,Campeche,2023,2023-05-18T22:24,"cdc,cdround"
4400240590,Incilius valliceps,"Incilius valliceps (Wiegmann, 1833)",-88.158869,18.955803,NA,HUMAN_OBSERVATION,iNaturalist,50c9509d-22c7-4a22-a47d-8c48425ef4a7,MX,Quintana Roo,2023,2023-05-15T20:34:20,"cdc,cdround"
4400322458,Incilius valliceps,"Incilius valliceps (Wiegmann, 1833)",-89.414354,18.593563,172,HUMAN_OBSERVATION,iNaturalist,50c9509d-22c7-4a22-a47d-8c48425ef4a7,MX,Campeche,2023,2023-05-31T18:53:55,"cdc,cdround"
4400377600,Incilius valliceps,"Incilius valliceps (Wiegmann, 1833)",-90.024487,21.166757,1157,HUMAN_OBSERVATION,iNaturalist,50c9509d-22c7-4a22-a47d-8c48425ef4a7,MX,Yucatán,2023,2023-05-12T17:30,"cdc,cdround"
4404992536,Incilius valliceps,"Incilius valliceps (Wiegmann, 1833)",-91.660851,14.549011,169,HUMAN_OBSERVATION,iNaturalist,50c9509d-22c7-4a22-a47d-8c48425ef4a7,GT,Retalhuleu,2023,2023-05-04T11:02:21,"cdc,cdround"
4405192414,Incilius valliceps,"Incilius valliceps (Wiegmann, 1833)",-89.687935,16.984635,9,HUMAN_OBSERVATION,iNaturalist,50c9509d-22c7-4a22-a47d-8c48425ef4a7,GT,Petén,2023,2023-05-22T21:17,"cdc,cdround"
4413440667,Incilius valliceps,"Incilius valliceps (Wiegmann, 1833)",-88.900894,18.489248,1651,HUMAN_OBSERVATION,iNaturalist,50c9509d-22c7-4a22-a47d-8c48425ef4a7,MX,Quintana Roo,2023,2023-05-13T11:26:27,"cdc,cdround"
4440593729,Incilius valliceps,"Incilius valliceps (Wiegmann, 1833)",-89.851579,20.752526,541,HUMAN_OBSERVATION,iNaturalist,50c9509d-22c7-4a22-a47d-8c48425ef4a7,MX,Yucatán,2023,2023-05-12T19:18:44,"cdc,cdround"
4440788736,Incilius valliceps,"Incilius valliceps (Wiegmann, 1833)",-88.286732,20.581372000000002,9,HUMAN_OBSERVATION,iNaturalist,50c9509d-22c7-4a22-a47d-8c48425ef4a7,MX,Yucatán,2023,2023-05-04T10:25:50,"cdc,cdround"
4465493457,Incilius valliceps,"Incilius valliceps (Wiegmann, 1833)",-89.270408,19.270294,NA,HUMAN_OBSERVATION,iNaturalist,50c9509d-22c7-4a22-a47d-8c48425ef4a7,MX,Campeche,2023,2023-05-06T21:08:51,"cdc,cdround"
5101562749,Incilius valliceps,"Incilius valliceps (Wiegmann, 1833)",-94.35925,18.11004,NA,HUMAN_OBSERVATION,TQPM,50b897e0-442f-4088-8aff-1d9776ff311d,MX,Veracruz de ignacio de la llave,2023,2023-05-31,osiic
6423058732,Incilius valliceps,"Incilius valliceps (Wiegmann, 1833)",-94.358145,18.109138,66,HUMAN_OBSERVATION,iNaturalist,50c9509d-22c7-4a22-a47d-8c48425ef4a7,MX,Veracruz,2023,2023-05-31T15:28,"cdc,cdround"
4129741956,Incilius valliceps,"Incilius valliceps (Wiegmann, 1833)",-88.50812,16.370037,9,HUMAN_OBSERVATION,iNaturalist,50c9509d-22c7-4a22-a47d-8c48425ef4a7,BZ,Toledo,2023,2023-06-04T10:02:31,"cdc,cdround"
4129848832,Incilius valliceps,"Incilius valliceps (Wiegmann, 1833)",-88.507688,16.369147,4,HUMAN_OBSERVATION,iNaturalist,50c9509d-22c7-4a22-a47d-8c48425ef4a7,BZ,Toledo,2023,2023-06-04T10:37:12,"cdc,cdround"
4130149362,Incilius valliceps,"Incilius valliceps (Wiegmann, 1833)",-87.652092,15.532388,35,HUMAN_OBSERVATION,iNaturalist,50c9509d-22c7-4a22-a47d-8c48425ef4a7,HN,Atlántida,2023,2023-06-03T02:08:48,"cdc,cdround"
4133849815,Incilius valliceps,"Incilius valliceps (Wiegmann, 1833)",-87.905016,14.872196,NA,HUMAN_OBSERVATION,iNaturalist,50c9509d-22c7-4a22-a47d-8c48425ef4a7,HN,Cortés,2023,2023-06-07T09:47:14,cdc
4133854501,Incilius valliceps,"Incilius valliceps (Wiegmann, 1833)",-87.390513,20.44826,31,HUMAN_OBSERVATION,iNaturalist,50c9509d-22c7-4a22-a47d-8c48425ef4a7,MX,Quintana Roo,2023,2023-06-01T20:33,"cdc,cdround"
4133897300,Incilius valliceps,"Incilius valliceps (Wiegmann, 1833)",-93.444799,16.007358,NA,HUMAN_OBSERVATION,iNaturalist,50c9509d-22c7-4a22-a47d-8c48425ef4a7,MX,Chiapas,2023,2023-06-07T09:03:29,"cdc,cdround"
4134069237,Incilius valliceps,"Incilius valliceps (Wiegmann, 1833)",-86.93431,15.681504,NA,HUMAN_OBSERVATION,iNaturalist,50c9509d-22c7-4a22-a47d-8c48425ef4a7,HN,Atlántida,2023,2023-06-11T15:27:41,"cdc,cdround"
4137604949,Incilius valliceps,"Incilius valliceps (Wiegmann, 1833)",-87.904808,14.869972,4,HUMAN_OBSERVATION,iNaturalist,50c9509d-22c7-4a22-a47d-8c48425ef4a7,HN,Cortés,2023,2023-06-05T17:14:27,"cdc,cdround"
4137930356,Incilius valliceps,"Incilius valliceps (Wiegmann, 1833)",-88.199853,14.961164,30927,HUMAN_OBSERVATION,iNaturalist,50c9509d-22c7-4a22-a47d-8c48425ef4a7,HN,Cortés,2023,2023-06-09T21:32,"cdc,cdround"
4137992778,Incilius valliceps,"Incilius valliceps (Wiegmann, 1833)",-95.075844,18.58568,20,HUMAN_OBSERVATION,iNaturalist,50c9509d-22c7-4a22-a47d-8c48425ef4a7,MX,Veracruz,2023,2023-06-16T02:00:14,"cdc,cdround"
4138172394,Incilius valliceps,"Incilius valliceps (Wiegmann, 1833)",-86.82256,21.198937,682,HUMAN_OBSERVATION,iNaturalist,50c9509d-22c7-4a22-a47d-8c48425ef4a7,MX,Quintana Roo,2023,2023-06-04T17:53,"cdc,cdround"
4138354842,Incilius valliceps,"Incilius valliceps (Wiegmann, 1833)",-87.936084,14.883847,NA,HUMAN_OBSERVATION,iNaturalist,50c9509d-22c7-4a22-a47d-8c48425ef4a7,HN,Cortés,2023,2023-06-26T12:09:30,"cdc,cdround"
4138360684,Incilius valliceps,"Incilius valliceps (Wiegmann, 1833)",-87.900955,14.87232,3,HUMAN_OBSERVATION,iNaturalist,50c9509d-22c7-4a22-a47d-8c48425ef4a7,HN,Cortés,2023,2023-06-06T11:35:30,cdc
4138609526,Incilius valliceps,"Incilius valliceps (Wiegmann, 1833)",-88.046875,14.944503,12,HUMAN_OBSERVATION,iNaturalist,50c9509d-22c7-4a22-a47d-8c48425ef4a7,HN,Santa Bárbara,2023,2023-06-24T15:46:12,"cdc,cdround"
4138675378,Incilius valliceps,"Incilius valliceps (Wiegmann, 1833)",-92.619797,16.733928,NA,HUMAN_OBSERVATION,iNaturalist,50c9509d-22c7-4a22-a47d-8c48425ef4a7,MX,Chiapas,2023,2023-06-20T20:39:37,"cdc,cdround"
4138693455,Incilius valliceps,"Incilius valliceps (Wiegmann, 1833)",-87.937922,14.885322,NA,HUMAN_OBSERVATION,iNaturalist,50c9509d-22c7-4a22-a47d-8c48425ef4a7,HN,Cortés,2023,2023-06-26T12:19:28,"cdc,cdround"
4138738593,Incilius valliceps,"Incilius valliceps (Wiegmann, 1833)",-87.905147,14.872103,NA,HUMAN_OBSERVATION,iNaturalist,50c9509d-22c7-4a22-a47d-8c48425ef4a7,HN,Cortés,2023,2023-06-14T20:14,"cdc,cdround"
4153747227,Incilius valliceps,"Incilius valliceps (Wiegmann, 1833)",-88.281382,16.8577,NA,HUMAN_OBSERVATION,iNaturalist,50c9509d-22c7-4a22-a47d-8c48425ef4a7,BZ,Stann Creek,2023,2023-06-29T19:00:55,"cdc,cdround"
4162109228,Incilius valliceps,"Incilius valliceps (Wiegmann, 1833)",-87.926975,15.457086,NA,HUMAN_OBSERVATION,iNaturalist,50c9509d-22c7-4a22-a47d-8c48425ef4a7,HN,Cortés,2023,2023-06-03T20:42,"cdc,cdround"
4165492577,Incilius valliceps,"Incilius valliceps (Wiegmann, 1833)",-97.064462,18.807228,NA,HUMAN_OBSERVATION,iNaturalist,50c9509d-22c7-4a22-a47d-8c48425ef4a7,MX,Veracruz,2023,2023-06-03T13:05:16,"cdc,cdround"
4171322721,Incilius valliceps,"Incilius valliceps (Wiegmann, 1833)",-87.926792,15.456864,NA,HUMAN_OBSERVATION,iNaturalist,50c9509d-22c7-4a22-a47d-8c48425ef4a7,HN,Cortés,2023,2023-06-03T20:48,"cdc,cdround"
4171665298,Incilius valliceps,"Incilius valliceps (Wiegmann, 1833)",-86.357752,15.732212,31,HUMAN_OBSERVATION,iNaturalist,50c9509d-22c7-4a22-a47d-8c48425ef4a7,HN,Colón,2023,2023-06-18T21:25,"cdc,cdround"
4171902661,Incilius valliceps,"Incilius valliceps (Wiegmann, 1833)",-87.700568,18.734618,8,HUMAN_OBSERVATION,iNaturalist,50c9509d-22c7-4a22-a47d-8c48425ef4a7,MX,Quintana Roo,2023,2023-06-22T11:42,"cdc,cdround"
4172137281,Incilius valliceps,"Incilius valliceps (Wiegmann, 1833)",-86.356529,15.733507,8,HUMAN_OBSERVATION,iNaturalist,50c9509d-22c7-4a22-a47d-8c48425ef4a7,HN,Colón,2023,2023-06-18T23:49,"cdc,cdround"
4399902546,Incilius valliceps,"Incilius valliceps (Wiegmann, 1833)",-89.496284,20.876923,7,HUMAN_OBSERVATION,iNaturalist,50c9509d-22c7-4a22-a47d-8c48425ef4a7,MX,Yucatán,2023,2023-06-27T21:54:39,"cdc,cdround"
4399904430,Incilius valliceps,"Incilius valliceps (Wiegmann, 1833)",-87.285412,20.462557,15,HUMAN_OBSERVATION,iNaturalist,50c9509d-22c7-4a22-a47d-8c48425ef4a7,MX,Quintana Roo,2023,2023-06-02T21:49:24,"cdc,cdround"
4400009657,Incilius valliceps,"Incilius valliceps (Wiegmann, 1833)",-89.434481,16.390085,15,HUMAN_OBSERVATION,iNaturalist,50c9509d-22c7-4a22-a47d-8c48425ef4a7,GT,Petén,2023,2023-06-17T19:33,"cdc,cdround"
4400254717,Incilius valliceps,"Incilius valliceps (Wiegmann, 1833)",-89.408289,18.657044,NA,HUMAN_OBSERVATION,iNaturalist,50c9509d-22c7-4a22-a47d-8c48425ef4a7,MX,Campeche,2023,2023-06-29,cdc
4400429663,Incilius valliceps,"Incilius valliceps (Wiegmann, 1833)",-89.892525,18.365447,64,HUMAN_OBSERVATION,iNaturalist,50c9509d-22c7-4a22-a47d-8c48425ef4a7,MX,Campeche,2023,2023-06-22T21:17,"cdc,cdround"
4416742536,Incilius valliceps,"Incilius valliceps (Wiegmann, 1833)",-87.907279,14.862892,3906,HUMAN_OBSERVATION,iNaturalist,50c9509d-22c7-4a22-a47d-8c48425ef4a7,HN,Cortés,2023,2023-06-11T02:10,"cdc,cdround"
4416921478,Incilius valliceps,"Incilius valliceps (Wiegmann, 1833)",-88.045625,14.948458,32,HUMAN_OBSERVATION,iNaturalist,50c9509d-22c7-4a22-a47d-8c48425ef4a7,HN,Cortés,2023,2023-06-24T19:43:43,"cdc,cdround"
4424248591,Incilius valliceps,"Incilius valliceps (Wiegmann, 1833)",-88.542938,17.292167,9,HUMAN_OBSERVATION,iNaturalist,50c9509d-22c7-4a22-a47d-8c48425ef4a7,BZ,Belize,2023,2023-06-27T11:07:22,"cdc,cdround"
4465358918,Incilius valliceps,"Incilius valliceps (Wiegmann, 1833)",-87.120134,20.664062,15,HUMAN_OBSERVATION,iNaturalist,50c9509d-22c7-4a22-a47d-8c48425ef4a7,MX,Quintana Roo,2023,2023-06-24T10:04,"cdc,cdround"
4465384010,Incilius valliceps,"Incilius valliceps (Wiegmann, 1833)",-87.120339,20.664203,17,HUMAN_OBSERVATION,iNaturalist,50c9509d-22c7-4a22-a47d-8c48425ef4a7,MX,Quintana Roo,2023,2023-06-30T07:45:49,"cdc,cdround"
4465541907,Incilius valliceps,"Incilius valliceps (Wiegmann, 1833)",-87.120339,20.664203,17,HUMAN_OBSERVATION,iNaturalist,50c9509d-22c7-4a22-a47d-8c48425ef4a7,MX,Quintana Roo,2023,2023-06-30T07:45:49,"cdc,cdround"
4465638926,Incilius valliceps,"Incilius valliceps (Wiegmann, 1833)",-87.119936,20.664153,NA,HUMAN_OBSERVATION,iNaturalist,50c9509d-22c7-4a22-a47d-8c48425ef4a7,MX,Quintana Roo,2023,2023-06-25T10:01:29,"cdc,cdround"
4506249008,Incilius valliceps,"Incilius valliceps (Wiegmann, 1833)",-87.066161,20.863866,1679,HUMAN_OBSERVATION,iNaturalist,50c9509d-22c7-4a22-a47d-8c48425ef4a7,MX,Quintana Roo,2023,2023-06-23T16:47:46,"cdc,cdround"
4522435898,Incilius valliceps,"Incilius valliceps (Wiegmann, 1833)",-85.837183,14.825876,153,HUMAN_OBSERVATION,iNaturalist,50c9509d-22c7-4a22-a47d-8c48425ef4a7,HN,Olancho,2023,2023-06-15T18:51:51,"cdc,cdround"
4522443997,Incilius valliceps,"Incilius valliceps (Wiegmann, 1833)",-85.848684,14.827564,15,HUMAN_OBSERVATION,iNaturalist,50c9509d-22c7-4a22-a47d-8c48425ef4a7,HN,Olancho,2023,2023-06-13T15:05,"cdc,cdround"
4522453020,Incilius valliceps,"Incilius valliceps (Wiegmann, 1833)",-85.839514,14.825796,39,HUMAN_OBSERVATION,iNaturalist,50c9509d-22c7-4a22-a47d-8c48425ef4a7,HN,Olancho,2023,2023-06-08T18:38,"cdc,cdround"
4522524875,Incilius valliceps,"Incilius valliceps (Wiegmann, 1833)",-85.839016,14.825747,35,HUMAN_OBSERVATION,iNaturalist,50c9509d-22c7-4a22-a47d-8c48425ef4a7,HN,Olancho,2023,2023-06-08T20:21,"cdc,cdround"
4872634056,Incilius valliceps,"Incilius valliceps (Wiegmann, 1833)",-89.606256,17.227903,9,HUMAN_OBSERVATION,iNaturalist,50c9509d-22c7-4a22-a47d-8c48425ef4a7,GT,Petén,2023,2023-06-27T05:38,"cdc,cdround"
5100967598,Incilius valliceps,"Incilius valliceps (Wiegmann, 1833)",-89.408289,18.657044,30,HUMAN_OBSERVATION,CIBIO,65908f95-5ab6-48d9-bf6d-6da274ed730e,MX,NA,2023,2023-06-29,
6234616319,Incilius valliceps,"Incilius valliceps (Wiegmann, 1833)",-87.833433,14.817024,30927,HUMAN_OBSERVATION,iNaturalist,50c9509d-22c7-4a22-a47d-8c48425ef4a7,HN,Cortés,2023,2023-06-14T21:04,"cdc,cdround"
6234625689,Incilius valliceps,"Incilius valliceps (Wiegmann, 1833)",-96.883524,19.507986,2000,HUMAN_OBSERVATION,iNaturalist,50c9509d-22c7-4a22-a47d-8c48425ef4a7,MX,Veracruz,2023,2023-06-06T10:24:06,"cdc,cdround"
6235855618,Incilius valliceps,"Incilius valliceps (Wiegmann, 1833)",-87.92955,15.0132,12,HUMAN_OBSERVATION,iNaturalist,50c9509d-22c7-4a22-a47d-8c48425ef4a7,HN,Cortés,2023,2023-06-17T19:25:44,cdc
6236419685,Incilius valliceps,"Incilius valliceps (Wiegmann, 1833)",-85.839099,14.825451,116,HUMAN_OBSERVATION,iNaturalist,50c9509d-22c7-4a22-a47d-8c48425ef4a7,HN,Olancho,2023,2023-06-08T06:01,"cdc,cdround"
6252032444,Incilius valliceps,"Incilius valliceps (Wiegmann, 1833)",-87.901853,14.872737,265,HUMAN_OBSERVATION,iNaturalist,50c9509d-22c7-4a22-a47d-8c48425ef4a7,HN,Cortés,2023,2023-06-08T12:09:19,"cdc,cdround"
6252233071,Incilius valliceps,"Incilius valliceps (Wiegmann, 1833)",-87.902038,14.872421,NA,HUMAN_OBSERVATION,iNaturalist,50c9509d-22c7-4a22-a47d-8c48425ef4a7,HN,Cortés,2023,2023-06-08T10:45:52,"cdc,cdround"
6253176260,Incilius valliceps,"Incilius valliceps (Wiegmann, 1833)",-87.961452,14.942321,30927,HUMAN_OBSERVATION,iNaturalist,50c9509d-22c7-4a22-a47d-8c48425ef4a7,HN,Cortés,2023,2023-06-05T21:32,"cdc,cdround"
6334416890,Incilius valliceps,"Incilius valliceps (Wiegmann, 1833)",-88.390107,18.67787,2889,HUMAN_OBSERVATION,iNaturalist,50c9509d-22c7-4a22-a47d-8c48425ef4a7,MX,Quintana Roo,2023,2023-06-23,"cdc,cdround"
6441397377,Incilius valliceps,"Incilius valliceps (Wiegmann, 1833)",-88.567245,17.318883,9,HUMAN_OBSERVATION,iNaturalist,50c9509d-22c7-4a22-a47d-8c48425ef4a7,BZ,Cayo,2023,2023-06-07T21:52:05,"cdc,cdround"
4153585967,Incilius valliceps,"Incilius valliceps (Wiegmann, 1833)",-88.89717,17.136583,NA,HUMAN_OBSERVATION,iNaturalist,50c9509d-22c7-4a22-a47d-8c48425ef4a7,BZ,Cayo,2023,2023-07-04T19:06,"cdc,cdround"
4153611556,Incilius valliceps,"Incilius valliceps (Wiegmann, 1833)",-88.327529,17.13962,4842,HUMAN_OBSERVATION,iNaturalist,50c9509d-22c7-4a22-a47d-8c48425ef4a7,BZ,Belize,2023,2023-07-03T09:45:20,"cdc,cdround"
4154013041,Incilius valliceps,"Incilius valliceps (Wiegmann, 1833)",-89.060305,17.047957,61,HUMAN_OBSERVATION,iNaturalist,50c9509d-22c7-4a22-a47d-8c48425ef4a7,BZ,Cayo,2023,2023-07-04T17:50,"cdc,cdround"
4165807867,Incilius valliceps,"Incilius valliceps (Wiegmann, 1833)",-88.035086,15.572429,956,HUMAN_OBSERVATION,iNaturalist,50c9509d-22c7-4a22-a47d-8c48425ef4a7,HN,Cortés,2023,2023-07-23T09:52:58,"cdc,cdround"
4171271090,Incilius valliceps,"Incilius valliceps (Wiegmann, 1833)",-89.596448,20.828539,1952,HUMAN_OBSERVATION,iNaturalist,50c9509d-22c7-4a22-a47d-8c48425ef4a7,MX,Yucatán,2023,2023-07-11T11:08,"cdc,cdround"
4171357925,Incilius valliceps,"Incilius valliceps (Wiegmann, 1833)",-96.992635,18.841482,983,HUMAN_OBSERVATION,iNaturalist,50c9509d-22c7-4a22-a47d-8c48425ef4a7,MX,Veracruz,2023,2023-07-23T19:30,"cdc,cdround"
4171381978,Incilius valliceps,"Incilius valliceps (Wiegmann, 1833)",-95.074069,18.584939,35,HUMAN_OBSERVATION,iNaturalist,50c9509d-22c7-4a22-a47d-8c48425ef4a7,MX,Veracruz,2023,2023-07-17T10:05:44,"cdc,cdround"
4171744192,Incilius valliceps,"Incilius valliceps (Wiegmann, 1833)",-97.004831,18.839605,8,HUMAN_OBSERVATION,iNaturalist,50c9509d-22c7-4a22-a47d-8c48425ef4a7,MX,Veracruz,2023,2023-07-23T20:56,"cdc,cdround"
4171992820,Incilius valliceps,"Incilius valliceps (Wiegmann, 1833)",-97.069996,18.844804,2,HUMAN_OBSERVATION,iNaturalist,50c9509d-22c7-4a22-a47d-8c48425ef4a7,MX,Veracruz,2023,2023-07-25T15:39,"cdc,cdround"
4177497853,Incilius valliceps,"Incilius valliceps (Wiegmann, 1833)",-89.505282,18.517033,80,HUMAN_OBSERVATION,iNaturalist,50c9509d-22c7-4a22-a47d-8c48425ef4a7,MX,Campeche,2023,2023-07-29T23:09,"cdc,cdround"
4399859627,Incilius valliceps,"Incilius valliceps (Wiegmann, 1833)",-89.492788,18.40988,13,HUMAN_OBSERVATION,iNaturalist,50c9509d-22c7-4a22-a47d-8c48425ef4a7,MX,Campeche,2023,2023-07-03T19:05:53,"cdc,cdround"
4399861462,Incilius valliceps,"Incilius valliceps (Wiegmann, 1833)",-89.542799,21.033153,3,HUMAN_OBSERVATION,iNaturalist,50c9509d-22c7-4a22-a47d-8c48425ef4a7,MX,Yucatán,2023,2023-07-12T16:45:29,cdc
4400106701,Incilius valliceps,"Incilius valliceps (Wiegmann, 1833)",-86.867752,21.026237,NA,HUMAN_OBSERVATION,iNaturalist,50c9509d-22c7-4a22-a47d-8c48425ef4a7,MX,Quintana Roo,2023,2023-07-05T11:53:03,"cdc,cdround"
4400353664,Incilius valliceps,"Incilius valliceps (Wiegmann, 1833)",-88.263527,18.543652,NA,HUMAN_OBSERVATION,iNaturalist,50c9509d-22c7-4a22-a47d-8c48425ef4a7,MX,Quintana Roo,2023,2023-07-03T13:55,"cdc,cdround"
4400456879,Incilius valliceps,"Incilius valliceps (Wiegmann, 1833)",-86.937858,20.849987,35,HUMAN_OBSERVATION,iNaturalist,50c9509d-22c7-4a22-a47d-8c48425ef4a7,MX,Quintana Roo,2023,2023-07-30T10:02:19,"cdc,cdround"
4405227582,Incilius valliceps,"Incilius valliceps (Wiegmann, 1833)",-89.519518,21.074997,2435,HUMAN_OBSERVATION,iNaturalist,50c9509d-22c7-4a22-a47d-8c48425ef4a7,MX,Yucatán,2023,2023-07-15T23:40:02,"cdc,cdround"
4407220617,Incilius valliceps,"Incilius valliceps (Wiegmann, 1833)",-89.685429,20.644366,2,HUMAN_OBSERVATION,iNaturalist,50c9509d-22c7-4a22-a47d-8c48425ef4a7,MX,Yucatán,2023,2023-07-12T12:55,"cdc,cdround"
4430650035,Incilius valliceps,"Incilius valliceps (Wiegmann, 1833)",-91.145504,16.843495,4,HUMAN_OBSERVATION,iNaturalist,50c9509d-22c7-4a22-a47d-8c48425ef4a7,MX,Chiapas,2023,2023-07-30T05:31,"cdc,cdround"
4436065875,Incilius valliceps,"Incilius valliceps (Wiegmann, 1833)",-88.759621,17.258812,207,HUMAN_OBSERVATION,iNaturalist,50c9509d-22c7-4a22-a47d-8c48425ef4a7,BZ,Cayo,2023,2023-07-18T20:46,"cdc,cdround"
4436107067,Incilius valliceps,"Incilius valliceps (Wiegmann, 1833)",-97.005822,18.839371,61,HUMAN_OBSERVATION,iNaturalist,50c9509d-22c7-4a22-a47d-8c48425ef4a7,MX,Veracruz,2023,2023-07-23T16:46,"cdc,cdround"
4440628938,Incilius valliceps,"Incilius valliceps (Wiegmann, 1833)",-88.229118,21.160298,NA,HUMAN_OBSERVATION,iNaturalist,50c9509d-22c7-4a22-a47d-8c48425ef4a7,MX,Yucatán,2023,2023-07-29T23:35:37,"cdc,cdround"
4440630863,Incilius valliceps,"Incilius valliceps (Wiegmann, 1833)",-88.204052,20.737733,258,HUMAN_OBSERVATION,iNaturalist,50c9509d-22c7-4a22-a47d-8c48425ef4a7,MX,Yucatán,2023,2023-07-10T12:55:21,"cdc,cdround"
4440886894,Incilius valliceps,"Incilius valliceps (Wiegmann, 1833)",-88.202765,20.708856,488,HUMAN_OBSERVATION,iNaturalist,50c9509d-22c7-4a22-a47d-8c48425ef4a7,MX,Yucatán,2023,2023-07-22T10:52,"cdc,cdround"
4458538346,Incilius valliceps,"Incilius valliceps (Wiegmann, 1833)",-89.685522,20.644304,NA,HUMAN_OBSERVATION,iNaturalist,50c9509d-22c7-4a22-a47d-8c48425ef4a7,MX,Yucatán,2023,2023-07-12T12:50:27,cdc
4458674636,Incilius valliceps,"Incilius valliceps (Wiegmann, 1833)",-89.656132,20.975878,NA,HUMAN_OBSERVATION,iNaturalist,50c9509d-22c7-4a22-a47d-8c48425ef4a7,MX,Yucatán,2023,2023-07-17T19:15,"cdc,cdround"
4465705537,Incilius valliceps,"Incilius valliceps (Wiegmann, 1833)",-87.997721,21.451449,1509,HUMAN_OBSERVATION,iNaturalist,50c9509d-22c7-4a22-a47d-8c48425ef4a7,MX,Yucatán,2023,2023-07-18T19:22,"cdc,cdround"
4500748944,Incilius valliceps,"Incilius valliceps (Wiegmann, 1833)",-89.602063,21.105637,NA,HUMAN_OBSERVATION,iNaturalist,50c9509d-22c7-4a22-a47d-8c48425ef4a7,MX,Yucatán,2023,2023-07-10T21:39:32,cdc
4500751935,Incilius valliceps,"Incilius valliceps (Wiegmann, 1833)",-89.530817,21.108416,NA,HUMAN_OBSERVATION,iNaturalist,50c9509d-22c7-4a22-a47d-8c48425ef4a7,MX,Yucatán,2023,2023-07-23T22:43:33,"cdc,cdround"
4516207291,Incilius valliceps,"Incilius valliceps (Wiegmann, 1833)",-90.644878,18.811225,180,HUMAN_OBSERVATION,iNaturalist,50c9509d-22c7-4a22-a47d-8c48425ef4a7,MX,Campeche,2023,2023-07-28T14:39,"cdc,cdround"
4516216848,Incilius valliceps,"Incilius valliceps (Wiegmann, 1833)",-89.505368,18.516366,50,HUMAN_OBSERVATION,iNaturalist,50c9509d-22c7-4a22-a47d-8c48425ef4a7,MX,Campeche,2023,2023-07-31T09:15,"cdc,cdround"
4952564772,Incilius valliceps,"Incilius valliceps (Wiegmann, 1833)",-86.829889,21.117571,48,HUMAN_OBSERVATION,iNaturalist,50c9509d-22c7-4a22-a47d-8c48425ef4a7,MX,Quintana Roo,2023,2023-07-02T08:23:53,"cdc,cdround"
5087019064,Incilius valliceps,"Incilius valliceps (Wiegmann, 1833)",-84.978967,10.721637,122,HUMAN_OBSERVATION,iNaturalist,50c9509d-22c7-4a22-a47d-8c48425ef4a7,CR,Alajuela,2023,2023-07-28T05:12,"cdc,cdround"
5087524276,Incilius valliceps,"Incilius valliceps (Wiegmann, 1833)",-89.619347,17.225162,3,HUMAN_OBSERVATION,iNaturalist,50c9509d-22c7-4a22-a47d-8c48425ef4a7,GT,Petén,2023,2023-07-31T04:41:49,"cdc,cdround"
5153262249,Incilius valliceps,"Incilius valliceps (Wiegmann, 1833)",-96.927769,18.907029,10,HUMAN_OBSERVATION,iNaturalist,50c9509d-22c7-4a22-a47d-8c48425ef4a7,MX,Veracruz,2023,2023-07-12T10:56:06,"cdc,cdround"
5231474429,Incilius valliceps,"Incilius valliceps (Wiegmann, 1833)",-89.727879,21.163131,30415,HUMAN_OBSERVATION,iNaturalist,50c9509d-22c7-4a22-a47d-8c48425ef4a7,MX,Yucatán,2023,2023-07-27T13:14,"cdc,cdround"
5292913734,Incilius valliceps,"Incilius valliceps (Wiegmann, 1833)",-88.144009,20.893786,205,HUMAN_OBSERVATION,iNaturalist,50c9509d-22c7-4a22-a47d-8c48425ef4a7,MX,Yucatán,2023,2023-07-15T21:53,"cdc,cdround"
5890371845,Incilius valliceps,"Incilius valliceps (Wiegmann, 1833)",-85.081986,11.021795,23,HUMAN_OBSERVATION,iNaturalist,50c9509d-22c7-4a22-a47d-8c48425ef4a7,NI,Río San Juan,2023,2023-07-01T18:48:13,"cdc,cdround"
6170866221,Incilius valliceps,"Incilius valliceps (Wiegmann, 1833)",-93.603825,17.336912,207,HUMAN_OBSERVATION,iNaturalist,50c9509d-22c7-4a22-a47d-8c48425ef4a7,MX,Tabasco,2023,2023-07-15T10:52:13,"cdc,cdround"
6178401508,Incilius valliceps,"Incilius valliceps (Wiegmann, 1833)",-87.091775,20.61675,9,HUMAN_OBSERVATION,iNaturalist,50c9509d-22c7-4a22-a47d-8c48425ef4a7,MX,Quintana Roo,2023,2023-07-15T21:52:51,cdc
6234365883,Incilius valliceps,"Incilius valliceps (Wiegmann, 1833)",-88.583289,17.056893,4631,HUMAN_OBSERVATION,iNaturalist,50c9509d-22c7-4a22-a47d-8c48425ef4a7,BZ,Cayo,2023,2023-07-09T21:11:19,"cdc,cdround"
6252616502,Incilius valliceps,"Incilius valliceps (Wiegmann, 1833)",-96.915869,19.510429,215,HUMAN_OBSERVATION,iNaturalist,50c9509d-22c7-4a22-a47d-8c48425ef4a7,MX,Veracruz,2023,2023-07-04T08:03,"cdc,cdround"
6440984569,Incilius valliceps,"Incilius valliceps (Wiegmann, 1833)",-88.940987,17.123725,32,HUMAN_OBSERVATION,iNaturalist,50c9509d-22c7-4a22-a47d-8c48425ef4a7,BZ,Cayo,2023,2023-07-09T22:28:37,"cdc,cdround"
4172280392,Incilius valliceps,"Incilius valliceps (Wiegmann, 1833)",-96.951152,19.469337,10,HUMAN_OBSERVATION,iNaturalist,50c9509d-22c7-4a22-a47d-8c48425ef4a7,MX,Veracruz,2023,2023-08-03T23:10:31,"cdc,cdround"
4176932203,Incilius valliceps,"Incilius valliceps (Wiegmann, 1833)",-96.800246,19.121024,18,HUMAN_OBSERVATION,iNaturalist,50c9509d-22c7-4a22-a47d-8c48425ef4a7,MX,Veracruz,2023,2023-08-07T21:10,"cdc,cdround"
4177381504,Incilius valliceps,"Incilius valliceps (Wiegmann, 1833)",-96.964012,18.912225,35,HUMAN_OBSERVATION,iNaturalist,50c9509d-22c7-4a22-a47d-8c48425ef4a7,MX,Veracruz,2023,2023-08-11T00:09:44,"cdc,cdround"
4177412183,Incilius valliceps,"Incilius valliceps (Wiegmann, 1833)",-86.906483,20.861038,763,HUMAN_OBSERVATION,iNaturalist,50c9509d-22c7-4a22-a47d-8c48425ef4a7,MX,Quintana Roo,2023,2023-08-13T08:13:14,"cdc,cdround"
4400141313,Incilius valliceps,"Incilius valliceps (Wiegmann, 1833)",-87.392499,20.457539,206,HUMAN_OBSERVATION,iNaturalist,50c9509d-22c7-4a22-a47d-8c48425ef4a7,MX,Quintana Roo,2023,2023-08-19T21:54,"cdc,cdround"
4400148822,Incilius valliceps,"Incilius valliceps (Wiegmann, 1833)",-87.392499,20.457539,206,HUMAN_OBSERVATION,iNaturalist,50c9509d-22c7-4a22-a47d-8c48425ef4a7,MX,Quintana Roo,2023,2023-08-19T21:43,"cdc,cdround"
4400285753,Incilius valliceps,"Incilius valliceps (Wiegmann, 1833)",-86.907328,20.861281,NA,HUMAN_OBSERVATION,iNaturalist,50c9509d-22c7-4a22-a47d-8c48425ef4a7,MX,Quintana Roo,2023,2023-08-13T08:10:33,"cdc,cdround"
4400294802,Incilius valliceps,"Incilius valliceps (Wiegmann, 1833)",-89.980178,15.575282,828,HUMAN_OBSERVATION,iNaturalist,50c9509d-22c7-4a22-a47d-8c48425ef4a7,GT,Alta Verapaz,2023,2023-08-01T02:51:23,"cdc,cdround"
4405025872,Incilius valliceps,"Incilius valliceps (Wiegmann, 1833)",-89.663142,21.043647,NA,HUMAN_OBSERVATION,iNaturalist,50c9509d-22c7-4a22-a47d-8c48425ef4a7,MX,Yucatán,2023,2023-08-24T10:31:17,"cdc,cdround"
4405110250,Incilius valliceps,"Incilius valliceps (Wiegmann, 1833)",-89.639508,21.028958,37,HUMAN_OBSERVATION,iNaturalist,50c9509d-22c7-4a22-a47d-8c48425ef4a7,MX,Yucatán,2023,2023-08-25T07:14:21,"cdc,cdround"
4405215791,Incilius valliceps,"Incilius valliceps (Wiegmann, 1833)",-87.39301,20.459228,204,HUMAN_OBSERVATION,iNaturalist,50c9509d-22c7-4a22-a47d-8c48425ef4a7,MX,Quintana Roo,2023,2023-08-19T22:36:12,"cdc,cdround"
4405252219,Incilius valliceps,"Incilius valliceps (Wiegmann, 1833)",-87.393293,20.45944,278,HUMAN_OBSERVATION,iNaturalist,50c9509d-22c7-4a22-a47d-8c48425ef4a7,MX,Quintana Roo,2023,2023-08-19T21:52:04,"cdc,cdround"
4405435947,Incilius valliceps,"Incilius valliceps (Wiegmann, 1833)",-96.804122,19.122467,31,HUMAN_OBSERVATION,iNaturalist,50c9509d-22c7-4a22-a47d-8c48425ef4a7,MX,Veracruz,2023,2023-08-21T21:13:05,"cdc,cdround"
4405526897,Incilius valliceps,"Incilius valliceps (Wiegmann, 1833)",-89.465785,20.730373,2,HUMAN_OBSERVATION,iNaturalist,50c9509d-22c7-4a22-a47d-8c48425ef4a7,MX,Yucatán,2023,2023-08-26T08:50,"cdc,cdround"
4405591428,Incilius valliceps,"Incilius valliceps (Wiegmann, 1833)",-88.055566,20.67555,30453,HUMAN_OBSERVATION,iNaturalist,50c9509d-22c7-4a22-a47d-8c48425ef4a7,MX,Yucatán,2023,2023-08-18T18:43:34,"cdc,cdround"
4407068254,Incilius valliceps,"Incilius valliceps (Wiegmann, 1833)",-89.893721,18.36371,152,HUMAN_OBSERVATION,iNaturalist,50c9509d-22c7-4a22-a47d-8c48425ef4a7,MX,Campeche,2023,2023-08-29T19:46,"cdc,cdround"
4407116895,Incilius valliceps,"Incilius valliceps (Wiegmann, 1833)",-89.461371,18.511522,210,HUMAN_OBSERVATION,iNaturalist,50c9509d-22c7-4a22-a47d-8c48425ef4a7,MX,Campeche,2023,2023-08-25T20:09:15,"cdc,cdround"
4407226859,Incilius valliceps,"Incilius valliceps (Wiegmann, 1833)",-87.392499,20.457539,206,HUMAN_OBSERVATION,iNaturalist,50c9509d-22c7-4a22-a47d-8c48425ef4a7,MX,Quintana Roo,2023,2023-08-19T22:32,"cdc,cdround"
4407304719,Incilius valliceps,"Incilius valliceps (Wiegmann, 1833)",-89.89042,18.356926,6,HUMAN_OBSERVATION,iNaturalist,50c9509d-22c7-4a22-a47d-8c48425ef4a7,MX,Campeche,2023,2023-08-05,cdc
4407533627,Incilius valliceps,"Incilius valliceps (Wiegmann, 1833)",-89.893106,18.364051,4,HUMAN_OBSERVATION,iNaturalist,50c9509d-22c7-4a22-a47d-8c48425ef4a7,MX,Campeche,2023,2023-08-05,cdc
4407588305,Incilius valliceps,"Incilius valliceps (Wiegmann, 1833)",-89.896478,18.382489,4,HUMAN_OBSERVATION,iNaturalist,50c9509d-22c7-4a22-a47d-8c48425ef4a7,MX,Campeche,2023,2023-08-05,cdc
4413440932,Incilius valliceps,"Incilius valliceps (Wiegmann, 1833)",-87.09046,20.629505,24,HUMAN_OBSERVATION,iNaturalist,50c9509d-22c7-4a22-a47d-8c48425ef4a7,MX,Quintana Roo,2023,2023-08-05T20:31:41,"cdc,cdround"
4413809021,Incilius valliceps,"Incilius valliceps (Wiegmann, 1833)",-97.006095,18.835261,61,HUMAN_OBSERVATION,iNaturalist,50c9509d-22c7-4a22-a47d-8c48425ef4a7,MX,Veracruz,2023,2023-08-09T16:53,"cdc,cdround"
4414088383,Incilius valliceps,"Incilius valliceps (Wiegmann, 1833)",-87.456017,15.740267,NA,HUMAN_OBSERVATION,iNaturalist,50c9509d-22c7-4a22-a47d-8c48425ef4a7,HN,Atlántida,2023,2023-08-26T20:02,"cdc,cdround"
4416864725,Incilius valliceps,"Incilius valliceps (Wiegmann, 1833)",-87.972197,15.733064,5277,HUMAN_OBSERVATION,iNaturalist,50c9509d-22c7-4a22-a47d-8c48425ef4a7,HN,Cortés,2023,2023-08-15,"cdc,cdround"
4430478016,Incilius valliceps,"Incilius valliceps (Wiegmann, 1833)",-87.392703,20.455931,200,HUMAN_OBSERVATION,iNaturalist,50c9509d-22c7-4a22-a47d-8c48425ef4a7,MX,Quintana Roo,2023,2023-08-20T02:56,"cdc,cdround"
4430486049,Incilius valliceps,"Incilius valliceps (Wiegmann, 1833)",-87.392525,20.455691,NA,HUMAN_OBSERVATION,iNaturalist,50c9509d-22c7-4a22-a47d-8c48425ef4a7,MX,Quintana Roo,2023,2023-08-20T03:10:16,cdc
4430909976,Incilius valliceps,"Incilius valliceps (Wiegmann, 1833)",-87.392703,20.455931,200,HUMAN_OBSERVATION,iNaturalist,50c9509d-22c7-4a22-a47d-8c48425ef4a7,MX,Quintana Roo,2023,2023-08-19T23:04,"cdc,cdround"
4430935054,Incilius valliceps,"Incilius valliceps (Wiegmann, 1833)",-87.39265,20.455917,NA,HUMAN_OBSERVATION,iNaturalist,50c9509d-22c7-4a22-a47d-8c48425ef4a7,MX,Quintana Roo,2023,2023-08-20T02:04:56,"cdc,cdround"
4431193497,Incilius valliceps,"Incilius valliceps (Wiegmann, 1833)",-89.565335,21.17515,30415,HUMAN_OBSERVATION,iNaturalist,50c9509d-22c7-4a22-a47d-8c48425ef4a7,MX,Yucatán,2023,2023-08-28T20:13:41,"cdc,cdround"
4436104037,Incilius valliceps,"Incilius valliceps (Wiegmann, 1833)",-97.005516,18.842668,122,HUMAN_OBSERVATION,iNaturalist,50c9509d-22c7-4a22-a47d-8c48425ef4a7,MX,Veracruz,2023,2023-08-23T09:11,"cdc,cdround"
4436181951,Incilius valliceps,"Incilius valliceps (Wiegmann, 1833)",-89.100877,17.125829,2734,HUMAN_OBSERVATION,iNaturalist,50c9509d-22c7-4a22-a47d-8c48425ef4a7,BZ,Cayo,2023,2023-08-05T20:22:19,"cdc,cdround"
4436201939,Incilius valliceps,"Incilius valliceps (Wiegmann, 1833)",-88.759621,17.258812,207,HUMAN_OBSERVATION,iNaturalist,50c9509d-22c7-4a22-a47d-8c48425ef4a7,BZ,Cayo,2023,2023-08-10T20:01,"cdc,cdround"
4438811898,Incilius valliceps,"Incilius valliceps (Wiegmann, 1833)",-96.365463,19.538462,5300,HUMAN_OBSERVATION,iNaturalist,50c9509d-22c7-4a22-a47d-8c48425ef4a7,MX,Veracruz,2023,2023-08-28T13:44:31,"cdc,cdround"
4440592990,Incilius valliceps,"Incilius valliceps (Wiegmann, 1833)",-88.195405,20.67802,4,HUMAN_OBSERVATION,iNaturalist,50c9509d-22c7-4a22-a47d-8c48425ef4a7,MX,Yucatán,2023,2023-08-19T08:09,"cdc,cdround"
4440722999,Incilius valliceps,"Incilius valliceps (Wiegmann, 1833)",-88.195747,20.678106,8,HUMAN_OBSERVATION,iNaturalist,50c9509d-22c7-4a22-a47d-8c48425ef4a7,MX,Yucatán,2023,2023-08-18T18:43,"cdc,cdround"
4500826127,Incilius valliceps,"Incilius valliceps (Wiegmann, 1833)",-89.463455,21.126743,30415,HUMAN_OBSERVATION,iNaturalist,50c9509d-22c7-4a22-a47d-8c48425ef4a7,MX,Yucatán,2023,2023-08-01T21:19:28,"cdc,cdround"
4506434612,Incilius valliceps,"Incilius valliceps (Wiegmann, 1833)",-87.619589,20.624079,30453,HUMAN_OBSERVATION,iNaturalist,50c9509d-22c7-4a22-a47d-8c48425ef4a7,MX,Quintana Roo,2023,2023-08-21T19:34:43,"cdc,cdround"
4506471593,Incilius valliceps,"Incilius valliceps (Wiegmann, 1833)",-87.099536,20.966296,30434,HUMAN_OBSERVATION,iNaturalist,50c9509d-22c7-4a22-a47d-8c48425ef4a7,MX,Quintana Roo,2023,2023-08-14T22:44:15,"cdc,cdround"
4516211872,Incilius valliceps,"Incilius valliceps (Wiegmann, 1833)",-89.891826,18.3653,8,HUMAN_OBSERVATION,iNaturalist,50c9509d-22c7-4a22-a47d-8c48425ef4a7,MX,Campeche,2023,2023-08-26T12:22,"cdc,cdround"
4607118349,Incilius valliceps,"Incilius valliceps (Wiegmann, 1833)",-87.329443,20.391846,5201,HUMAN_OBSERVATION,iNaturalist,50c9509d-22c7-4a22-a47d-8c48425ef4a7,MX,Quintana Roo,2023,2023-08-16T22:02,"cdc,cdround"
4875258584,Incilius valliceps,"Incilius valliceps (Wiegmann, 1833)",-86.791901,15.770288,7784,HUMAN_OBSERVATION,iNaturalist,50c9509d-22c7-4a22-a47d-8c48425ef4a7,HN,Atlántida,2023,2023-08-05T18:49,"cdc,cdround"
4901690014,Incilius valliceps,"Incilius valliceps (Wiegmann, 1833)",-96.905342,19.471254,1223,HUMAN_OBSERVATION,iNaturalist,50c9509d-22c7-4a22-a47d-8c48425ef4a7,MX,Veracruz,2023,2023-08-03T15:55,"cdc,cdround"
4993820975,Incilius valliceps,"Incilius valliceps (Wiegmann, 1833)",-86.968972,20.477147,4,HUMAN_OBSERVATION,iNaturalist,50c9509d-22c7-4a22-a47d-8c48425ef4a7,MX,Quintana Roo,2023,2023-08-22T14:05:53,"cdc,cdround"
5100861976,Incilius valliceps,"Incilius valliceps (Wiegmann, 1833)",-89.89042,18.356926,30,HUMAN_OBSERVATION,CIBIO,65908f95-5ab6-48d9-bf6d-6da274ed730e,MX,NA,2023,2023-08-05,
5100981381,Incilius valliceps,"Incilius valliceps (Wiegmann, 1833)",-89.896478,18.382489,30,HUMAN_OBSERVATION,CIBIO,65908f95-5ab6-48d9-bf6d-6da274ed730e,MX,NA,2023,2023-08-05,
5101002858,Incilius valliceps,"Incilius valliceps (Wiegmann, 1833)",-89.893106,18.364051,30,HUMAN_OBSERVATION,CIBIO,65908f95-5ab6-48d9-bf6d-6da274ed730e,MX,NA,2023,2023-08-05,
5166887825,Incilius valliceps,"Incilius valliceps (Wiegmann, 1833)",-88.637731,17.066782,130408,HUMAN_OBSERVATION,iNaturalist,50c9509d-22c7-4a22-a47d-8c48425ef4a7,BZ,Cayo,2023,2023-08-15T17:01,"cdc,cdround"
5167712704,Incilius valliceps,"Incilius valliceps (Wiegmann, 1833)",-88.637731,17.066782,130408,HUMAN_OBSERVATION,iNaturalist,50c9509d-22c7-4a22-a47d-8c48425ef4a7,BZ,Cayo,2023,2023-08-15T17:02,"cdc,cdround"
5230187430,Incilius valliceps,"Incilius valliceps (Wiegmann, 1833)",-97.065764,18.845924,4,HUMAN_OBSERVATION,iNaturalist,50c9509d-22c7-4a22-a47d-8c48425ef4a7,MX,Veracruz,2023,2023-08-26T21:15,"cdc,cdround"
5292169050,Incilius valliceps,"Incilius valliceps (Wiegmann, 1833)",-86.970436,20.474114,NA,HUMAN_OBSERVATION,iNaturalist,50c9509d-22c7-4a22-a47d-8c48425ef4a7,MX,Quintana Roo,2023,2023-08-15T06:09,"cdc,cdround"
6179138562,Incilius valliceps,"Incilius valliceps (Wiegmann, 1833)",-96.397903,19.629137,5000,HUMAN_OBSERVATION,iNaturalist,50c9509d-22c7-4a22-a47d-8c48425ef4a7,MX,Veracruz,2023,2023-08-31T07:12:16,"cdc,cdround"
6179517224,Incilius valliceps,"Incilius valliceps (Wiegmann, 1833)",-96.381233,19.594842,5,HUMAN_OBSERVATION,iNaturalist,50c9509d-22c7-4a22-a47d-8c48425ef4a7,MX,Veracruz,2023,2023-08-31T18:08:40,"cdc,cdround"
6479274936,Incilius valliceps,"Incilius valliceps (Wiegmann, 1833)",-96.403042,19.446629,154,HUMAN_OBSERVATION,iNaturalist,50c9509d-22c7-4a22-a47d-8c48425ef4a7,MX,Veracruz,2023,2023-08-13T11:42,"cdc,cdround"
6479328986,Incilius valliceps,"Incilius valliceps (Wiegmann, 1833)",-96.880537,19.441446,30562,HUMAN_OBSERVATION,iNaturalist,50c9509d-22c7-4a22-a47d-8c48425ef4a7,MX,Veracruz,2023,2023-08-15T10:03:28,"cdc,cdround"
6480217772,Incilius valliceps,"Incilius valliceps (Wiegmann, 1833)",-97.003478,18.838026,488,HUMAN_OBSERVATION,iNaturalist,50c9509d-22c7-4a22-a47d-8c48425ef4a7,MX,Veracruz,2023,2023-08-09T08:49,"cdc,cdround"
4413694483,Incilius valliceps,"Incilius valliceps (Wiegmann, 1833)",-96.804024,19.12251,13,HUMAN_OBSERVATION,iNaturalist,50c9509d-22c7-4a22-a47d-8c48425ef4a7,MX,Veracruz,2023,2023-09-06T20:29:59,"cdc,cdround"
4413795258,Incilius valliceps,"Incilius valliceps (Wiegmann, 1833)",-96.901107,18.859003,212,HUMAN_OBSERVATION,iNaturalist,50c9509d-22c7-4a22-a47d-8c48425ef4a7,MX,Veracruz,2023,2023-09-13T08:28:40,"cdc,cdround"
4414310808,Incilius valliceps,"Incilius valliceps (Wiegmann, 1833)",-96.902326,18.860801,13,HUMAN_OBSERVATION,iNaturalist,50c9509d-22c7-4a22-a47d-8c48425ef4a7,MX,Veracruz,2023,2023-09-05T10:22:10,"cdc,cdround"
4414336486,Incilius valliceps,"Incilius valliceps (Wiegmann, 1833)",-90.549209,19.83001,5,HUMAN_OBSERVATION,iNaturalist,50c9509d-22c7-4a22-a47d-8c48425ef4a7,MX,Campeche,2023,2023-09-08T20:31:56,"cdc,cdround"
4416678810,Incilius valliceps,"Incilius valliceps (Wiegmann, 1833)",-96.860443,18.8557,200,HUMAN_OBSERVATION,iNaturalist,50c9509d-22c7-4a22-a47d-8c48425ef4a7,MX,Veracruz,2023,2023-09-18T08:18,"cdc,cdround"
4416681133,Incilius valliceps,"Incilius valliceps (Wiegmann, 1833)",-85.84017,14.828119,52,HUMAN_OBSERVATION,iNaturalist,50c9509d-22c7-4a22-a47d-8c48425ef4a7,HN,Olancho,2023,2023-09-20T09:51:46,"cdc,cdround"
4417075336,Incilius valliceps,"Incilius valliceps (Wiegmann, 1833)",-87.01331,14.006459,63,HUMAN_OBSERVATION,iNaturalist,50c9509d-22c7-4a22-a47d-8c48425ef4a7,HN,Francisco Morazán,2023,2023-09-14T08:19:08,"cdc,cdround"
4420973558,Incilius valliceps,"Incilius valliceps (Wiegmann, 1833)",-97.069216,18.841502,15,HUMAN_OBSERVATION,iNaturalist,50c9509d-22c7-4a22-a47d-8c48425ef4a7,MX,Veracruz,2023,2023-09-20T11:12,"cdc,cdround"
4421185530,Incilius valliceps,"Incilius valliceps (Wiegmann, 1833)",-96.804184,19.122384,8,HUMAN_OBSERVATION,iNaturalist,50c9509d-22c7-4a22-a47d-8c48425ef4a7,MX,Veracruz,2023,2023-09-24T20:32:58,"cdc,cdround"
4421220022,Incilius valliceps,"Incilius valliceps (Wiegmann, 1833)",-90.21214,17.388168,NA,HUMAN_OBSERVATION,iNaturalist,50c9509d-22c7-4a22-a47d-8c48425ef4a7,GT,Petén,2023,2023-09-20T19:58:42,"cdc,cdround"
4424449538,Incilius valliceps,"Incilius valliceps (Wiegmann, 1833)",-89.285586,15.562167,101,HUMAN_OBSERVATION,iNaturalist,50c9509d-22c7-4a22-a47d-8c48425ef4a7,GT,Izabal,2023,2023-09-14T09:38:08,"cdc,cdround"
4424590851,Incilius valliceps,"Incilius valliceps (Wiegmann, 1833)",-89.54517,21.031196,NA,HUMAN_OBSERVATION,iNaturalist,50c9509d-22c7-4a22-a47d-8c48425ef4a7,MX,Yucatán,2023,2023-09-05T11:33:03,"cdc,cdround"
4430942124,Incilius valliceps,"Incilius valliceps (Wiegmann, 1833)",-87.097008,20.6594,14,HUMAN_OBSERVATION,iNaturalist,50c9509d-22c7-4a22-a47d-8c48425ef4a7,MX,Quintana Roo,2023,2023-09-09T20:28:25,"cdc,cdround"
4430965556,Incilius valliceps,"Incilius valliceps (Wiegmann, 1833)",-87.777008,19.970106,NA,HUMAN_OBSERVATION,iNaturalist,50c9509d-22c7-4a22-a47d-8c48425ef4a7,MX,Quintana Roo,2023,2023-09-29T16:44:38,"cdc,cdround"
4430984333,Incilius valliceps,"Incilius valliceps (Wiegmann, 1833)",-89.625089,20.867353,NA,HUMAN_OBSERVATION,iNaturalist,50c9509d-22c7-4a22-a47d-8c48425ef4a7,MX,Yucatán,2023,2023-09-25T18:31:56,"cdc,cdround"
4438926191,Incilius valliceps,"Incilius valliceps (Wiegmann, 1833)",-89.66744,20.977408,205,HUMAN_OBSERVATION,iNaturalist,50c9509d-22c7-4a22-a47d-8c48425ef4a7,MX,Yucatán,2023,2023-09-26T18:41:32,"cdc,cdround"
4453746692,Incilius valliceps,"Incilius valliceps (Wiegmann, 1833)",-97.103162,18.90436,5,HUMAN_OBSERVATION,iNaturalist,50c9509d-22c7-4a22-a47d-8c48425ef4a7,MX,Veracruz,2023,2023-09-26T14:32:21,"cdc,cdround"
4458628607,Incilius valliceps,"Incilius valliceps (Wiegmann, 1833)",-96.889397,18.847738,NA,HUMAN_OBSERVATION,iNaturalist,50c9509d-22c7-4a22-a47d-8c48425ef4a7,MX,Veracruz,2023,2023-09-07T09:52:12,"cdc,cdround"
4458734402,Incilius valliceps,"Incilius valliceps (Wiegmann, 1833)",-89.407197,21.113084,2,HUMAN_OBSERVATION,iNaturalist,50c9509d-22c7-4a22-a47d-8c48425ef4a7,MX,Yucatán,2023,2023-09-30T10:06,"cdc,cdround"
4506205255,Incilius valliceps,"Incilius valliceps (Wiegmann, 1833)",-87.494942,20.192942,12,HUMAN_OBSERVATION,iNaturalist,50c9509d-22c7-4a22-a47d-8c48425ef4a7,MX,Quintana Roo,2023,2023-09-06T20:24:48,"cdc,cdround"
4535641096,Incilius valliceps,"Incilius valliceps (Wiegmann, 1833)",-96.91023,19.123365,2449,HUMAN_OBSERVATION,iNaturalist,50c9509d-22c7-4a22-a47d-8c48425ef4a7,MX,Veracruz,2023,2023-09-06T08:48:48,"cdc,cdround"
4958340820,Incilius valliceps,"Incilius valliceps (Wiegmann, 1833)",-85.4147,10.819316,5000,HUMAN_OBSERVATION,NA,68a1ea89-99a7-41ce-8194-2a8d91450754,CR,NA,2023,2023-09-18,"cdc,cdround,cudc,gass84,osiic"
6178358360,Incilius valliceps,"Incilius valliceps (Wiegmann, 1833)",-96.892563,18.851747,11,HUMAN_OBSERVATION,iNaturalist,50c9509d-22c7-4a22-a47d-8c48425ef4a7,MX,Veracruz,2023,2023-09-07T08:06,"cdc,cdround"
6178429766,Incilius valliceps,"Incilius valliceps (Wiegmann, 1833)",-96.892505,18.851709,NA,HUMAN_OBSERVATION,iNaturalist,50c9509d-22c7-4a22-a47d-8c48425ef4a7,MX,Veracruz,2023,2023-09-07T08:06:36,"cdc,cdround"
6178483405,Incilius valliceps,"Incilius valliceps (Wiegmann, 1833)",-96.88228,18.849672,263,HUMAN_OBSERVATION,iNaturalist,50c9509d-22c7-4a22-a47d-8c48425ef4a7,MX,Veracruz,2023,2023-09-07T08:07:03,"cdc,cdround"
6178679307,Incilius valliceps,"Incilius valliceps (Wiegmann, 1833)",-96.865792,18.916572,7,HUMAN_OBSERVATION,iNaturalist,50c9509d-22c7-4a22-a47d-8c48425ef4a7,MX,Veracruz,2023,2023-09-03T17:35:43,"cdc,cdround"
6179302834,Incilius valliceps,"Incilius valliceps (Wiegmann, 1833)",-96.892617,18.851397,200,HUMAN_OBSERVATION,iNaturalist,50c9509d-22c7-4a22-a47d-8c48425ef4a7,MX,Veracruz,2023,2023-09-07T08:07:37,"cdc,cdround"
6195224721,Incilius valliceps,"Incilius valliceps (Wiegmann, 1833)",-87.991951,15.338389,2,HUMAN_OBSERVATION,iNaturalist,50c9509d-22c7-4a22-a47d-8c48425ef4a7,HN,Cortés,2023,2023-09-26T18:15,"cdc,cdround"
6195341835,Incilius valliceps,"Incilius valliceps (Wiegmann, 1833)",-87.991966,15.338403,2,HUMAN_OBSERVATION,iNaturalist,50c9509d-22c7-4a22-a47d-8c48425ef4a7,HN,Cortés,2023,2023-09-26T18:04,"cdc,cdround"
4424268739,Incilius valliceps,"Incilius valliceps (Wiegmann, 1833)",-88.154521,21.142803,210,HUMAN_OBSERVATION,iNaturalist,50c9509d-22c7-4a22-a47d-8c48425ef4a7,MX,Yucatán,2023,2023-10-06T09:50:26,"cdc,cdround"
4424296225,Incilius valliceps,"Incilius valliceps (Wiegmann, 1833)",-87.991753,15.339782,2,HUMAN_OBSERVATION,iNaturalist,50c9509d-22c7-4a22-a47d-8c48425ef4a7,HN,Cortés,2023,2023-10-03T18:44,"cdc,cdround"
4424335977,Incilius valliceps,"Incilius valliceps (Wiegmann, 1833)",-88.173853,21.158556,NA,HUMAN_OBSERVATION,iNaturalist,50c9509d-22c7-4a22-a47d-8c48425ef4a7,MX,Yucatán,2023,2023-10-06T00:16,"cdc,cdround"
4424340383,Incilius valliceps,"Incilius valliceps (Wiegmann, 1833)",-88.147772,21.132723,57,HUMAN_OBSERVATION,iNaturalist,50c9509d-22c7-4a22-a47d-8c48425ef4a7,MX,Yucatán,2023,2023-10-06T18:05:46,"cdc,cdround"
4424362089,Incilius valliceps,"Incilius valliceps (Wiegmann, 1833)",-88.172935,21.159418,NA,HUMAN_OBSERVATION,iNaturalist,50c9509d-22c7-4a22-a47d-8c48425ef4a7,MX,Yucatán,2023,2023-10-06T09:50:26,"cdc,cdround"
4424431234,Incilius valliceps,"Incilius valliceps (Wiegmann, 1833)",-87.991704,15.339783,2,HUMAN_OBSERVATION,iNaturalist,50c9509d-22c7-4a22-a47d-8c48425ef4a7,HN,Cortés,2023,2023-10-03T18:42,"cdc,cdround"
4424597035,Incilius valliceps,"Incilius valliceps (Wiegmann, 1833)",-88.149609,21.145469,4106,HUMAN_OBSERVATION,iNaturalist,50c9509d-22c7-4a22-a47d-8c48425ef4a7,MX,Yucatán,2023,2023-10-09T16:02,"cdc,cdround"
4430497557,Incilius valliceps,"Incilius valliceps (Wiegmann, 1833)",-87.058919,20.697658,444,HUMAN_OBSERVATION,iNaturalist,50c9509d-22c7-4a22-a47d-8c48425ef4a7,MX,Quintana Roo,2023,2023-10-06T20:58,"cdc,cdround"
4430499461,Incilius valliceps,"Incilius valliceps (Wiegmann, 1833)",-88.158835,21.121442,31,HUMAN_OBSERVATION,iNaturalist,50c9509d-22c7-4a22-a47d-8c48425ef4a7,MX,Yucatán,2023,2023-10-03T19:17,"cdc,cdround"
4430527540,Incilius valliceps,"Incilius valliceps (Wiegmann, 1833)",-89.095198,14.880056,15,HUMAN_OBSERVATION,iNaturalist,50c9509d-22c7-4a22-a47d-8c48425ef4a7,HN,Copán,2023,2023-10-05T14:01,"cdc,cdround"
4430569265,Incilius valliceps,"Incilius valliceps (Wiegmann, 1833)",-88.164534,21.130101,1,HUMAN_OBSERVATION,iNaturalist,50c9509d-22c7-4a22-a47d-8c48425ef4a7,MX,Yucatán,2023,2023-10-14T18:41,"cdc,cdround"
4430637075,Incilius valliceps,"Incilius valliceps (Wiegmann, 1833)",-96.923613,18.903162,20,HUMAN_OBSERVATION,iNaturalist,50c9509d-22c7-4a22-a47d-8c48425ef4a7,MX,Veracruz,2023,2023-10-05T09:26,"cdc,cdround"
4430679575,Incilius valliceps,"Incilius valliceps (Wiegmann, 1833)",-89.596332,20.84719,283,HUMAN_OBSERVATION,iNaturalist,50c9509d-22c7-4a22-a47d-8c48425ef4a7,MX,Yucatán,2023,2023-10-17T08:52,"cdc,cdround"
4430705923,Incilius valliceps,"Incilius valliceps (Wiegmann, 1833)",-90.743869,18.583217,30649,HUMAN_OBSERVATION,iNaturalist,50c9509d-22c7-4a22-a47d-8c48425ef4a7,MX,Campeche,2023,2023-10-13T20:56,"cdc,cdround"
4430856440,Incilius valliceps,"Incilius valliceps (Wiegmann, 1833)",-92.901612,17.57027,8,HUMAN_OBSERVATION,iNaturalist,50c9509d-22c7-4a22-a47d-8c48425ef4a7,MX,Tabasco,2023,2023-10-13T20:38,"cdc,cdround"
4430983621,Incilius valliceps,"Incilius valliceps (Wiegmann, 1833)",-90.714436,19.348332,NA,HUMAN_OBSERVATION,iNaturalist,50c9509d-22c7-4a22-a47d-8c48425ef4a7,MX,Campeche,2023,2023-10-08T23:34:11,"cdc,cdround"
4431094236,Incilius valliceps,"Incilius valliceps (Wiegmann, 1833)",-93.123998,16.768602,NA,HUMAN_OBSERVATION,iNaturalist,50c9509d-22c7-4a22-a47d-8c48425ef4a7,MX,Chiapas,2023,2023-10-13T11:27,"cdc,cdround"
4431160535,Incilius valliceps,"Incilius valliceps (Wiegmann, 1833)",-89.641045,20.875082,61,HUMAN_OBSERVATION,iNaturalist,50c9509d-22c7-4a22-a47d-8c48425ef4a7,MX,Yucatán,2023,2023-10-17T08:31,"cdc,cdround"
4431187463,Incilius valliceps,"Incilius valliceps (Wiegmann, 1833)",-89.641158,20.873984,122,HUMAN_OBSERVATION,iNaturalist,50c9509d-22c7-4a22-a47d-8c48425ef4a7,MX,Yucatán,2023,2023-10-17T08:37,"cdc,cdround"
4431197020,Incilius valliceps,"Incilius valliceps (Wiegmann, 1833)",-86.829345,21.117408,4,HUMAN_OBSERVATION,iNaturalist,50c9509d-22c7-4a22-a47d-8c48425ef4a7,MX,Quintana Roo,2023,2023-10-22T08:48,"cdc,cdround"
4431222651,Incilius valliceps,"Incilius valliceps (Wiegmann, 1833)",-97.1491,18.895823,1368,HUMAN_OBSERVATION,iNaturalist,50c9509d-22c7-4a22-a47d-8c48425ef4a7,MX,Veracruz,2023,2023-10-21T19:57:13,"cdc,cdround"
4431236575,Incilius valliceps,"Incilius valliceps (Wiegmann, 1833)",-96.924063,18.903387,35,HUMAN_OBSERVATION,iNaturalist,50c9509d-22c7-4a22-a47d-8c48425ef4a7,MX,Veracruz,2023,2023-10-05T11:36:37,"cdc,cdround"
4431238968,Incilius valliceps,"Incilius valliceps (Wiegmann, 1833)",-87.726334,20.492018,400,HUMAN_OBSERVATION,iNaturalist,50c9509d-22c7-4a22-a47d-8c48425ef4a7,MX,Quintana Roo,2023,2023-10-12T09:39,"cdc,cdround"
4431241798,Incilius valliceps,"Incilius valliceps (Wiegmann, 1833)",-86.829265,21.117708,7,HUMAN_OBSERVATION,iNaturalist,50c9509d-22c7-4a22-a47d-8c48425ef4a7,MX,Quintana Roo,2023,2023-10-22T08:12:36,"cdc,cdround"
4436104245,Incilius valliceps,"Incilius valliceps (Wiegmann, 1833)",-96.801439,19.118458,17,HUMAN_OBSERVATION,iNaturalist,50c9509d-22c7-4a22-a47d-8c48425ef4a7,MX,Veracruz,2023,2023-10-11T20:32:21,"cdc,cdround"
4436170246,Incilius valliceps,"Incilius valliceps (Wiegmann, 1833)",-89.665191,21.177383,30415,HUMAN_OBSERVATION,iNaturalist,50c9509d-22c7-4a22-a47d-8c48425ef4a7,MX,Yucatán,2023,2023-10-17T20:23:23,"cdc,cdround"
4436275966,Incilius valliceps,"Incilius valliceps (Wiegmann, 1833)",-84.334499,12.155234,4,HUMAN_OBSERVATION,iNaturalist,50c9509d-22c7-4a22-a47d-8c48425ef4a7,NI,Atlántico Sur,2023,2023-10-30T19:54,"cdc,cdround"
4436283050,Incilius valliceps,"Incilius valliceps (Wiegmann, 1833)",-84.076135,12.268674,15,HUMAN_OBSERVATION,iNaturalist,50c9509d-22c7-4a22-a47d-8c48425ef4a7,NI,Atlántico Sur,2023,2023-10-24T19:21,"cdc,cdround"
4436372271,Incilius valliceps,"Incilius valliceps (Wiegmann, 1833)",-89.771559,21.043303,30415,HUMAN_OBSERVATION,iNaturalist,50c9509d-22c7-4a22-a47d-8c48425ef4a7,MX,Yucatán,2023,2023-10-17T21:04:26,"cdc,cdround"
4436388864,Incilius valliceps,"Incilius valliceps (Wiegmann, 1833)",-96.902896,18.860708,197,HUMAN_OBSERVATION,iNaturalist,50c9509d-22c7-4a22-a47d-8c48425ef4a7,MX,Veracruz,2023,2023-10-16T09:15:55,"cdc,cdround"
4438672120,Incilius valliceps,"Incilius valliceps (Wiegmann, 1833)",-88.269691,18.545671,NA,HUMAN_OBSERVATION,iNaturalist,50c9509d-22c7-4a22-a47d-8c48425ef4a7,MX,Quintana Roo,2023,2023-10-11T12:08,"cdc,cdround"
4438677226,Incilius valliceps,"Incilius valliceps (Wiegmann, 1833)",-94.627881,16.924921,NA,HUMAN_OBSERVATION,iNaturalist,50c9509d-22c7-4a22-a47d-8c48425ef4a7,MX,Oaxaca,2023,2023-10-06T08:44:20,"cdc,cdround"
4438679100,Incilius valliceps,"Incilius valliceps (Wiegmann, 1833)",-88.149609,21.145466,4113,HUMAN_OBSERVATION,iNaturalist,50c9509d-22c7-4a22-a47d-8c48425ef4a7,MX,Yucatán,2023,2023-10-07T16:23:42,"cdc,cdround"
4438786135,Incilius valliceps,"Incilius valliceps (Wiegmann, 1833)",-89.099164,15.710953,2108,HUMAN_OBSERVATION,iNaturalist,50c9509d-22c7-4a22-a47d-8c48425ef4a7,GT,Izabal,2023,2023-10-17T11:48:18,"cdc,cdround"
4438803106,Incilius valliceps,"Incilius valliceps (Wiegmann, 1833)",-96.536888,19.176188,5,HUMAN_OBSERVATION,iNaturalist,50c9509d-22c7-4a22-a47d-8c48425ef4a7,MX,Veracruz,2023,2023-10-09T08:59:04,"cdc,cdround"
4453952914,Incilius valliceps,"Incilius valliceps (Wiegmann, 1833)",-96.996486,18.844256,488,HUMAN_OBSERVATION,iNaturalist,50c9509d-22c7-4a22-a47d-8c48425ef4a7,MX,Veracruz,2023,2023-10-28T12:54,"cdc,cdround"
4453985122,Incilius valliceps,"Incilius valliceps (Wiegmann, 1833)",-82.982925,12.3011,4,HUMAN_OBSERVATION,iNaturalist,50c9509d-22c7-4a22-a47d-8c48425ef4a7,NI,Atlántico Sur,2023,2023-10-18T21:29:34,cdc
4465412178,Incilius valliceps,"Incilius valliceps (Wiegmann, 1833)",-87.120011,20.664072,33,HUMAN_OBSERVATION,iNaturalist,50c9509d-22c7-4a22-a47d-8c48425ef4a7,MX,Quintana Roo,2023,2023-10-08T09:03:46,"cdc,cdround"
4596809366,Incilius valliceps,"Incilius valliceps (Wiegmann, 1833)",-96.923689,18.902503,8,HUMAN_OBSERVATION,iNaturalist,50c9509d-22c7-4a22-a47d-8c48425ef4a7,MX,Veracruz,2023,2023-10-05T13:39:44,"cdc,cdround"
4599998321,Incilius valliceps,"Incilius valliceps (Wiegmann, 1833)",-90.018056,17.397778,NA,HUMAN_OBSERVATION,iNaturalist,50c9509d-22c7-4a22-a47d-8c48425ef4a7,GT,Petén,2023,2023-10-29T07:55:50,"cdc,cdround"
4958338852,Incilius valliceps,"Incilius valliceps (Wiegmann, 1833)",-85.4147,10.819316,5000,HUMAN_OBSERVATION,NA,68a1ea89-99a7-41ce-8194-2a8d91450754,CR,NA,2023,2023-10-10,"cdc,cdround,cudc,gass84,osiic"
5036699108,Incilius valliceps,"Incilius valliceps (Wiegmann, 1833)",-94.88875,18.32642,4750,HUMAN_OBSERVATION,iNaturalist,50c9509d-22c7-4a22-a47d-8c48425ef4a7,MX,Veracruz,2023,2023-10-10T18:24,"cdc,cdround"
5230553451,Incilius valliceps,"Incilius valliceps (Wiegmann, 1833)",-96.995516,18.842171,244,HUMAN_OBSERVATION,iNaturalist,50c9509d-22c7-4a22-a47d-8c48425ef4a7,MX,Veracruz,2023,2023-10-28T12:32,"cdc,cdround"
5890311012,Incilius valliceps,"Incilius valliceps (Wiegmann, 1833)",-89.80394,20.870379,NA,HUMAN_OBSERVATION,iNaturalist,50c9509d-22c7-4a22-a47d-8c48425ef4a7,MX,Yucatán,2023,2023-10-19T13:52,"cdc,cdround"
6178504878,Incilius valliceps,"Incilius valliceps (Wiegmann, 1833)",-96.902724,18.860932,NA,HUMAN_OBSERVATION,iNaturalist,50c9509d-22c7-4a22-a47d-8c48425ef4a7,MX,Veracruz,2023,2023-10-16T09:15:25,"cdc,cdround"
6195354313,Incilius valliceps,"Incilius valliceps (Wiegmann, 1833)",-87.991761,15.339768,2,HUMAN_OBSERVATION,iNaturalist,50c9509d-22c7-4a22-a47d-8c48425ef4a7,HN,Cortés,2023,2023-10-03T18:45,"cdc,cdround"
6195891014,Incilius valliceps,"Incilius valliceps (Wiegmann, 1833)",-87.991756,15.339791,2,HUMAN_OBSERVATION,iNaturalist,50c9509d-22c7-4a22-a47d-8c48425ef4a7,HN,Cortés,2023,2023-10-03T18:45,"cdc,cdround"
6273351901,Incilius valliceps,"Incilius valliceps (Wiegmann, 1833)",-89.294167,21.099856,15,HUMAN_OBSERVATION,iNaturalist,50c9509d-22c7-4a22-a47d-8c48425ef4a7,MX,Yucatán,2023,2023-10-03T17:31:54,"cdc,cdround"
6320383466,Incilius valliceps,"Incilius valliceps (Wiegmann, 1833)",-96.903204,18.853872,46,HUMAN_OBSERVATION,iNaturalist,50c9509d-22c7-4a22-a47d-8c48425ef4a7,MX,Veracruz,2023,2023-10-23T08:56:20,"cdc,cdround"
6481297699,Incilius valliceps,"Incilius valliceps (Wiegmann, 1833)",-96.923606,18.903175,NA,HUMAN_OBSERVATION,iNaturalist,50c9509d-22c7-4a22-a47d-8c48425ef4a7,MX,Veracruz,2023,2023-10-05T10:16:11,"cdc,cdround"
4440664079,Incilius valliceps,"Incilius valliceps (Wiegmann, 1833)",-89.545319,21.031515,NA,HUMAN_OBSERVATION,iNaturalist,50c9509d-22c7-4a22-a47d-8c48425ef4a7,MX,Yucatán,2023,2023-11-05T16:19:07,"cdc,cdround"
4440692126,Incilius valliceps,"Incilius valliceps (Wiegmann, 1833)",-89.639432,17.396581,NA,HUMAN_OBSERVATION,iNaturalist,50c9509d-22c7-4a22-a47d-8c48425ef4a7,GT,Petén,2023,2023-11-08T14:07:46,"cdc,cdround"
4440735354,Incilius valliceps,"Incilius valliceps (Wiegmann, 1833)",-87.01057,14.009907,45,HUMAN_OBSERVATION,iNaturalist,50c9509d-22c7-4a22-a47d-8c48425ef4a7,HN,Francisco Morazán,2023,2023-11-09T18:45:31,"cdc,cdround"
4440757406,Incilius valliceps,"Incilius valliceps (Wiegmann, 1833)",-87.934768,17.960368,35,HUMAN_OBSERVATION,iNaturalist,50c9509d-22c7-4a22-a47d-8c48425ef4a7,BZ,Corozal,2023,2023-11-13T20:58:03,"cdc,cdround"
4440790864,Incilius valliceps,"Incilius valliceps (Wiegmann, 1833)",-92.94125,18.011414,NA,HUMAN_OBSERVATION,iNaturalist,50c9509d-22c7-4a22-a47d-8c48425ef4a7,MX,Tabasco,2023,2023-11-08T07:09,"cdc,cdround"
4440961579,Incilius valliceps,"Incilius valliceps (Wiegmann, 1833)",-88.024371,15.215944,15,HUMAN_OBSERVATION,iNaturalist,50c9509d-22c7-4a22-a47d-8c48425ef4a7,HN,Cortés,2023,2023-11-08T19:51,"cdc,cdround"
4442372211,Incilius valliceps,"Incilius valliceps (Wiegmann, 1833)",-96.740776,19.104263,512,HUMAN_OBSERVATION,iNaturalist,50c9509d-22c7-4a22-a47d-8c48425ef4a7,MX,Veracruz,2023,2023-11-11T03:17:30,"cdc,cdround"
4442568872,Incilius valliceps,"Incilius valliceps (Wiegmann, 1833)",-92.051033,17.486887,7,HUMAN_OBSERVATION,iNaturalist,50c9509d-22c7-4a22-a47d-8c48425ef4a7,MX,Chiapas,2023,2023-11-15T06:25:30,"cdc,cdround"
4453783113,Incilius valliceps,"Incilius valliceps (Wiegmann, 1833)",-91.846647,18.657018,9,HUMAN_OBSERVATION,iNaturalist,50c9509d-22c7-4a22-a47d-8c48425ef4a7,MX,Campeche,2023,2023-11-23T12:26:13,"cdc,cdround"
4453783764,Incilius valliceps,"Incilius valliceps (Wiegmann, 1833)",-86.912742,20.865503,4,HUMAN_OBSERVATION,iNaturalist,50c9509d-22c7-4a22-a47d-8c48425ef4a7,MX,Quintana Roo,2023,2023-11-21T19:55:30,"cdc,cdround"
4453813126,Incilius valliceps,"Incilius valliceps (Wiegmann, 1833)",-87.112501,20.63219,309,HUMAN_OBSERVATION,iNaturalist,50c9509d-22c7-4a22-a47d-8c48425ef4a7,MX,Quintana Roo,2023,2023-11-20T09:59:59,"cdc,cdround"
4453934094,Incilius valliceps,"Incilius valliceps (Wiegmann, 1833)",-89.625573,20.865579,7,HUMAN_OBSERVATION,iNaturalist,50c9509d-22c7-4a22-a47d-8c48425ef4a7,MX,Yucatán,2023,2023-11-22T12:21:23,"cdc,cdround"
4453944209,Incilius valliceps,"Incilius valliceps (Wiegmann, 1833)",-88.569642,17.052631,4,HUMAN_OBSERVATION,iNaturalist,50c9509d-22c7-4a22-a47d-8c48425ef4a7,BZ,Cayo,2023,2023-11-20T08:35:08,"cdc,cdround"
4453949124,Incilius valliceps,"Incilius valliceps (Wiegmann, 1833)",-96.917503,18.919122,29,HUMAN_OBSERVATION,iNaturalist,50c9509d-22c7-4a22-a47d-8c48425ef4a7,MX,Veracruz,2023,2023-11-11T13:04:09,"cdc,cdround"
4453985752,Incilius valliceps,"Incilius valliceps (Wiegmann, 1833)",-86.912987,20.865583,3,HUMAN_OBSERVATION,iNaturalist,50c9509d-22c7-4a22-a47d-8c48425ef4a7,MX,Quintana Roo,2023,2023-11-26T13:21:54,"cdc,cdround"
4453986696,Incilius valliceps,"Incilius valliceps (Wiegmann, 1833)",-87.365897,20.319105,9,HUMAN_OBSERVATION,iNaturalist,50c9509d-22c7-4a22-a47d-8c48425ef4a7,MX,Quintana Roo,2023,2023-11-26T15:12:53,"cdc,cdround"
4458393451,Incilius valliceps,"Incilius valliceps (Wiegmann, 1833)",-96.064444,18.256218,50,HUMAN_OBSERVATION,iNaturalist,50c9509d-22c7-4a22-a47d-8c48425ef4a7,MX,Veracruz,2023,2023-11-02T21:45,"cdc,cdround"
4458394041,Incilius valliceps,"Incilius valliceps (Wiegmann, 1833)",-96.998128,18.841608,244,HUMAN_OBSERVATION,iNaturalist,50c9509d-22c7-4a22-a47d-8c48425ef4a7,MX,Veracruz,2023,2023-11-04T18:09,"cdc,cdround"
4458409447,Incilius valliceps,"Incilius valliceps (Wiegmann, 1833)",-88.631047,17.317846,8871,HUMAN_OBSERVATION,iNaturalist,50c9509d-22c7-4a22-a47d-8c48425ef4a7,BZ,Cayo,2023,2023-11-16T07:21:47,"cdc,cdround"
4458419588,Incilius valliceps,"Incilius valliceps (Wiegmann, 1833)",-84.05783,10.460162,4,HUMAN_OBSERVATION,iNaturalist,50c9509d-22c7-4a22-a47d-8c48425ef4a7,CR,Heredia,2023,2023-11-24T23:33:09,"cdc,cdround"
4458424447,Incilius valliceps,"Incilius valliceps (Wiegmann, 1833)",-96.995778,18.838807,488,HUMAN_OBSERVATION,iNaturalist,50c9509d-22c7-4a22-a47d-8c48425ef4a7,MX,Veracruz,2023,2023-11-19T11:02,"cdc,cdround"
4458630626,Incilius valliceps,"Incilius valliceps (Wiegmann, 1833)",-96.902937,18.860687,206,HUMAN_OBSERVATION,iNaturalist,50c9509d-22c7-4a22-a47d-8c48425ef4a7,MX,Veracruz,2023,2023-11-14T13:34:43,"cdc,cdround"
4458636676,Incilius valliceps,"Incilius valliceps (Wiegmann, 1833)",-89.567358,21.030561,NA,HUMAN_OBSERVATION,iNaturalist,50c9509d-22c7-4a22-a47d-8c48425ef4a7,MX,Yucatán,2023,2023-11-25T18:00:47,"cdc,cdround"
4458645177,Incilius valliceps,"Incilius valliceps (Wiegmann, 1833)",-86.96882,20.477192,4,HUMAN_OBSERVATION,iNaturalist,50c9509d-22c7-4a22-a47d-8c48425ef4a7,MX,Quintana Roo,2023,2023-11-30T15:58:52,"cdc,cdround"
4458674878,Incilius valliceps,"Incilius valliceps (Wiegmann, 1833)",-88.146141,18.99958,488,HUMAN_OBSERVATION,iNaturalist,50c9509d-22c7-4a22-a47d-8c48425ef4a7,MX,Quintana Roo,2023,2023-11-29T11:19,"cdc,cdround"
4458736454,Incilius valliceps,"Incilius valliceps (Wiegmann, 1833)",-93.199719,18.277706,15,HUMAN_OBSERVATION,iNaturalist,50c9509d-22c7-4a22-a47d-8c48425ef4a7,MX,Tabasco,2023,2023-11-03T16:33,"cdc,cdround"
4458742392,Incilius valliceps,"Incilius valliceps (Wiegmann, 1833)",-86.907911,20.860636,NA,HUMAN_OBSERVATION,iNaturalist,50c9509d-22c7-4a22-a47d-8c48425ef4a7,MX,Quintana Roo,2023,2023-11-26T12:05:42,"cdc,cdround"
4506400250,Incilius valliceps,"Incilius valliceps (Wiegmann, 1833)",-87.277237,20.483328,NA,HUMAN_OBSERVATION,iNaturalist,50c9509d-22c7-4a22-a47d-8c48425ef4a7,MX,Quintana Roo,2023,2023-11-17T10:52:32,"cdc,cdround"
4506543774,Incilius valliceps,"Incilius valliceps (Wiegmann, 1833)",-86.910966,20.919327,30434,HUMAN_OBSERVATION,iNaturalist,50c9509d-22c7-4a22-a47d-8c48425ef4a7,MX,Quintana Roo,2023,2023-11-09T15:06:44,"cdc,cdround"
4507834299,Incilius valliceps,"Incilius valliceps (Wiegmann, 1833)",-88.015528,15.216071,15,HUMAN_OBSERVATION,iNaturalist,50c9509d-22c7-4a22-a47d-8c48425ef4a7,HN,Cortés,2023,2023-11-11T19:49,"cdc,cdround"
4516765765,Incilius valliceps,"Incilius valliceps (Wiegmann, 1833)",-89.666266,20.982344,69,HUMAN_OBSERVATION,iNaturalist,50c9509d-22c7-4a22-a47d-8c48425ef4a7,MX,Yucatán,2023,2023-11-28T21:20:18,"cdc,cdround"
4525103935,Incilius valliceps,"Incilius valliceps (Wiegmann, 1833)",-87.109658,20.630015,138,HUMAN_OBSERVATION,iNaturalist,50c9509d-22c7-4a22-a47d-8c48425ef4a7,MX,Quintana Roo,2023,2023-11-19T21:47,"cdc,cdround"
4847132702,Incilius valliceps,"Incilius valliceps (Wiegmann, 1833)",-89.608863,17.226811,973,HUMAN_OBSERVATION,iNaturalist,50c9509d-22c7-4a22-a47d-8c48425ef4a7,GT,Petén,2023,2023-11-23T20:55,"cdc,cdround"
4958339070,Incilius valliceps,"Incilius valliceps (Wiegmann, 1833)",-85.4147,10.819316,5000,HUMAN_OBSERVATION,NA,68a1ea89-99a7-41ce-8194-2a8d91450754,CR,NA,2023,2023-11-20,"cdc,cdround,cudc,gass84,osiic"
5187518008,Incilius valliceps,"Incilius valliceps (Wiegmann, 1833)",-89.001886,16.975925,375,HUMAN_OBSERVATION,iNaturalist,50c9509d-22c7-4a22-a47d-8c48425ef4a7,BZ,Cayo,2023,2023-11-27T11:38:10,"cdc,cdround"
5229966445,Incilius valliceps,"Incilius valliceps (Wiegmann, 1833)",-96.993148,18.84396,244,HUMAN_OBSERVATION,iNaturalist,50c9509d-22c7-4a22-a47d-8c48425ef4a7,MX,Veracruz,2023,2023-11-19T08:46,"cdc,cdround"
5230026441,Incilius valliceps,"Incilius valliceps (Wiegmann, 1833)",-96.993214,18.843183,244,HUMAN_OBSERVATION,iNaturalist,50c9509d-22c7-4a22-a47d-8c48425ef4a7,MX,Veracruz,2023,2023-11-05T08:48,"cdc,cdround"
6352606079,Incilius valliceps,"Incilius valliceps (Wiegmann, 1833)",-96.915841,19.510392,215,HUMAN_OBSERVATION,iNaturalist,50c9509d-22c7-4a22-a47d-8c48425ef4a7,MX,Veracruz,2023,2023-11-17T10:20,"cdc,cdround"
6479584118,Incilius valliceps,"Incilius valliceps (Wiegmann, 1833)",-96.065921,18.238961,50,HUMAN_OBSERVATION,iNaturalist,50c9509d-22c7-4a22-a47d-8c48425ef4a7,MX,Veracruz,2023,2023-11-02T13:36,"cdc,cdround"
6481228885,Incilius valliceps,"Incilius valliceps (Wiegmann, 1833)",-96.964064,19.447055,874,HUMAN_OBSERVATION,iNaturalist,50c9509d-22c7-4a22-a47d-8c48425ef4a7,MX,Veracruz,2023,2023-11-11T16:54,"cdc,cdround"
4458501467,Incilius valliceps,"Incilius valliceps (Wiegmann, 1833)",-86.909544,20.858447,NA,HUMAN_OBSERVATION,iNaturalist,50c9509d-22c7-4a22-a47d-8c48425ef4a7,MX,Quintana Roo,2023,2023-12-02T08:09:51,"cdc,cdround"
4458723813,Incilius valliceps,"Incilius valliceps (Wiegmann, 1833)",-90.231453,19.597976,39,HUMAN_OBSERVATION,iNaturalist,50c9509d-22c7-4a22-a47d-8c48425ef4a7,MX,Campeche,2023,2023-12-02T15:15:27,"cdc,cdround"
4458741263,Incilius valliceps,"Incilius valliceps (Wiegmann, 1833)",-88.679971,17.161447,40,HUMAN_OBSERVATION,iNaturalist,50c9509d-22c7-4a22-a47d-8c48425ef4a7,BZ,Cayo,2023,2023-12-04T10:23:41,"cdc,cdround"
4465737812,Incilius valliceps,"Incilius valliceps (Wiegmann, 1833)",-87.720528,20.4818,4,HUMAN_OBSERVATION,iNaturalist,50c9509d-22c7-4a22-a47d-8c48425ef4a7,MX,Quintana Roo,2023,2023-12-08T12:45:51,"cdc,cdround"
4465767881,Incilius valliceps,"Incilius valliceps (Wiegmann, 1833)",-88.653523,17.763524,110,HUMAN_OBSERVATION,iNaturalist,50c9509d-22c7-4a22-a47d-8c48425ef4a7,BZ,Orange Walk,2023,2023-12-10T11:41:37,"cdc,cdround"
4500531819,Incilius valliceps,"Incilius valliceps (Wiegmann, 1833)",-86.951662,20.77045,6,HUMAN_OBSERVATION,iNaturalist,50c9509d-22c7-4a22-a47d-8c48425ef4a7,MX,Quintana Roo,2023,2023-12-09T05:05:36,"cdc,cdround"
4500585182,Incilius valliceps,"Incilius valliceps (Wiegmann, 1833)",-90.229083,19.599173,15,HUMAN_OBSERVATION,iNaturalist,50c9509d-22c7-4a22-a47d-8c48425ef4a7,MX,Campeche,2023,2023-12-10T08:44,"cdc,cdround"
4500676386,Incilius valliceps,"Incilius valliceps (Wiegmann, 1833)",-92.025505,17.505603,13,HUMAN_OBSERVATION,iNaturalist,50c9509d-22c7-4a22-a47d-8c48425ef4a7,MX,Chiapas,2023,2023-12-18T09:38:56,"cdc,cdround"
4500800852,Incilius valliceps,"Incilius valliceps (Wiegmann, 1833)",-96.917258,18.919537,45,HUMAN_OBSERVATION,iNaturalist,50c9509d-22c7-4a22-a47d-8c48425ef4a7,MX,Veracruz,2023,2023-12-03T12:08:57,"cdc,cdround"
4506276608,Incilius valliceps,"Incilius valliceps (Wiegmann, 1833)",-87.630032,20.650437,NA,HUMAN_OBSERVATION,iNaturalist,50c9509d-22c7-4a22-a47d-8c48425ef4a7,MX,Quintana Roo,2023,2023-12-19T23:10:27,"cdc,cdround"
4506502957,Incilius valliceps,"Incilius valliceps (Wiegmann, 1833)",-89.709778,20.858187,4,HUMAN_OBSERVATION,iNaturalist,50c9509d-22c7-4a22-a47d-8c48425ef4a7,MX,Yucatán,2023,2023-12-25T23:13,"cdc,cdround"
4506526394,Incilius valliceps,"Incilius valliceps (Wiegmann, 1833)",-89.920004,18.453231,5308,HUMAN_OBSERVATION,iNaturalist,50c9509d-22c7-4a22-a47d-8c48425ef4a7,MX,Campeche,2023,2023-12-15T07:53,"cdc,cdround"
4506535460,Incilius valliceps,"Incilius valliceps (Wiegmann, 1833)",-89.920004,18.453231,5308,HUMAN_OBSERVATION,iNaturalist,50c9509d-22c7-4a22-a47d-8c48425ef4a7,MX,Campeche,2023,2023-12-17T07:00,"cdc,cdround"
4508007756,Incilius valliceps,"Incilius valliceps (Wiegmann, 1833)",-89.128462,17.305793,NA,HUMAN_OBSERVATION,iNaturalist,50c9509d-22c7-4a22-a47d-8c48425ef4a7,BZ,Cayo,2023,2023-12-29T08:01:31,"cdc,cdround"
4510337474,Incilius valliceps,"Incilius valliceps (Wiegmann, 1833)",-87.848151,14.622378,69,HUMAN_OBSERVATION,iNaturalist,50c9509d-22c7-4a22-a47d-8c48425ef4a7,HN,Comayagua,2023,2023-12-28T19:06,"cdc,cdround"
4875419387,Incilius valliceps,"Incilius valliceps (Wiegmann, 1833)",-82.978774,12.2989,NA,HUMAN_OBSERVATION,iNaturalist,50c9509d-22c7-4a22-a47d-8c48425ef4a7,NI,Atlántico Sur,2023,2023-12-09T11:19,"cdc,cdround"
5231517433,Incilius valliceps,"Incilius valliceps (Wiegmann, 1833)",-89.735933,21.189532,30415,HUMAN_OBSERVATION,iNaturalist,50c9509d-22c7-4a22-a47d-8c48425ef4a7,MX,Yucatán,2023,2023-12-06T13:15:22,"cdc,cdround"
5837688957,Incilius valliceps,"Incilius valliceps (Wiegmann, 1833)",-91.797881,18.762625,30632,HUMAN_OBSERVATION,iNaturalist,50c9509d-22c7-4a22-a47d-8c48425ef4a7,MX,Campeche,2023,2023-12-28T08:08,"cdc,cdround"
6480672007,Incilius valliceps,"Incilius valliceps (Wiegmann, 1833)",-96.917237,18.919675,112,HUMAN_OBSERVATION,iNaturalist,50c9509d-22c7-4a22-a47d-8c48425ef4a7,MX,Veracruz,2023,2023-12-03T12:08:56,"cdc,cdround"
3455905869,Incilius valliceps,"Incilius valliceps (Wiegmann, 1833)",-85.596799,15.075274,34,HUMAN_OBSERVATION,iNaturalist,50c9509d-22c7-4a22-a47d-8c48425ef4a7,HN,Olancho,2022,2022-01-18,cdc
3456565384,Incilius valliceps,"Incilius valliceps (Wiegmann, 1833)",-88.006007,15.397301,2,HUMAN_OBSERVATION,iNaturalist,50c9509d-22c7-4a22-a47d-8c48425ef4a7,HN,Cortés,2022,2022-01-03T01:17,"cdc,cdround"
3456687059,Incilius valliceps,"Incilius valliceps (Wiegmann, 1833)",-87.062862,20.700093,5,HUMAN_OBSERVATION,iNaturalist,50c9509d-22c7-4a22-a47d-8c48425ef4a7,MX,Quintana Roo,2022,2022-01-14T23:41:05,"cdc,cdround"
3456786414,Incilius valliceps,"Incilius valliceps (Wiegmann, 1833)",-89.060502,17.047107,5,HUMAN_OBSERVATION,iNaturalist,50c9509d-22c7-4a22-a47d-8c48425ef4a7,BZ,Cayo,2022,2022-01-13T16:36:14,"cdc,cdround"
3457205592,Incilius valliceps,"Incilius valliceps (Wiegmann, 1833)",-89.622756,17.221811,100,HUMAN_OBSERVATION,iNaturalist,50c9509d-22c7-4a22-a47d-8c48425ef4a7,GT,Petén,2022,2022-01-13T12:52,"cdc,cdround"
3465896634,Incilius valliceps,"Incilius valliceps (Wiegmann, 1833)",-82.983473,12.298297,NA,HUMAN_OBSERVATION,iNaturalist,50c9509d-22c7-4a22-a47d-8c48425ef4a7,NI,Atlántico Sur,2022,2022-01-08T11:45:28,"cdc,cdround"
3466108324,Incilius valliceps,"Incilius valliceps (Wiegmann, 1833)",-87.235816,20.494443,10,HUMAN_OBSERVATION,iNaturalist,50c9509d-22c7-4a22-a47d-8c48425ef4a7,MX,Quintana Roo,2022,2022-01-27T19:17:06,"cdc,cdround"
3466130589,Incilius valliceps,"Incilius valliceps (Wiegmann, 1833)",-89.564147,21.053433,3,HUMAN_OBSERVATION,iNaturalist,50c9509d-22c7-4a22-a47d-8c48425ef4a7,MX,Yucatán,2022,2022-01-20T21:04:07Z,"cdc,cdround"
3466179586,Incilius valliceps,"Incilius valliceps (Wiegmann, 1833)",-87.401235,20.300101,NA,HUMAN_OBSERVATION,iNaturalist,50c9509d-22c7-4a22-a47d-8c48425ef4a7,MX,Quintana Roo,2022,2022-01-21T09:45:01,"cdc,cdround"
3466239224,Incilius valliceps,"Incilius valliceps (Wiegmann, 1833)",-89.564103,21.053386,4,HUMAN_OBSERVATION,iNaturalist,50c9509d-22c7-4a22-a47d-8c48425ef4a7,MX,Yucatán,2022,2022-01-22T18:16:17Z,"cdc,cdround"
3466391454,Incilius valliceps,"Incilius valliceps (Wiegmann, 1833)",-86.728912,15.727912,10,HUMAN_OBSERVATION,iNaturalist,50c9509d-22c7-4a22-a47d-8c48425ef4a7,HN,Atlántida,2022,2022-01-25T18:51:46,"cdc,cdround"
3466502836,Incilius valliceps,"Incilius valliceps (Wiegmann, 1833)",-87.410548,20.281318,NA,HUMAN_OBSERVATION,iNaturalist,50c9509d-22c7-4a22-a47d-8c48425ef4a7,MX,Quintana Roo,2022,2022-01-25T08:48:49,"cdc,cdround"
3747049884,Incilius valliceps,"Incilius valliceps (Wiegmann, 1833)",-86.803001,21.228258,54,HUMAN_OBSERVATION,iNaturalist,50c9509d-22c7-4a22-a47d-8c48425ef4a7,MX,Quintana Roo,2022,2022-01-21T09:16,"cdc,cdround"
3858842108,Incilius valliceps,"Incilius valliceps (Wiegmann, 1833)",-86.726349,21.217189,23,HUMAN_OBSERVATION,iNaturalist,50c9509d-22c7-4a22-a47d-8c48425ef4a7,MX,Quintana Roo,2022,2022-01-03T10:10,"cdc,cdround"
4133752377,Incilius valliceps,"Incilius valliceps (Wiegmann, 1833)",-88.652031,17.765628,NA,HUMAN_OBSERVATION,iNaturalist,50c9509d-22c7-4a22-a47d-8c48425ef4a7,BZ,Orange Walk,2022,2022-01-13T13:43,"cdc,cdround"
5892775077,Incilius valliceps,"Incilius valliceps (Wiegmann, 1833)",-87.63285,20.647731,5,HUMAN_OBSERVATION,iNaturalist,50c9509d-22c7-4a22-a47d-8c48425ef4a7,MX,Quintana Roo,2022,2022-01-11T13:29,"cdc,cdround"
3468808103,Incilius valliceps,"Incilius valliceps (Wiegmann, 1833)",-87.734035,20.490325,15,HUMAN_OBSERVATION,iNaturalist,50c9509d-22c7-4a22-a47d-8c48425ef4a7,MX,Quintana Roo,2022,2022-02-07T16:57Z,"cdc,cdround"
3698224157,Incilius valliceps,"Incilius valliceps (Wiegmann, 1833)",-84.729286,15.883668,NA,HUMAN_OBSERVATION,iNaturalist,50c9509d-22c7-4a22-a47d-8c48425ef4a7,HN,Gracias a Dios,2022,2022-02-18T18:04:13,"cdc,cdround"
3712613533,Incilius valliceps,"Incilius valliceps (Wiegmann, 1833)",-86.822855,21.198313,16,HUMAN_OBSERVATION,iNaturalist,50c9509d-22c7-4a22-a47d-8c48425ef4a7,MX,Quintana Roo,2022,2022-02-12T10:16,cdc
3759485359,Incilius valliceps,"Incilius valliceps (Wiegmann, 1833)",-89.589362,20.486517,30472,HUMAN_OBSERVATION,iNaturalist,50c9509d-22c7-4a22-a47d-8c48425ef4a7,MX,Yucatán,2022,2022-02-06T00:03Z,"cdc,cdround"
3712422739,Incilius valliceps,"Incilius valliceps (Wiegmann, 1833)",-90.886483,16.81996,NA,HUMAN_OBSERVATION,iNaturalist,50c9509d-22c7-4a22-a47d-8c48425ef4a7,MX,Chiapas,2022,2022-03-07T02:03:46,"cdc,cdround"
3712497779,Incilius valliceps,"Incilius valliceps (Wiegmann, 1833)",-87.560689,21.309535,NA,HUMAN_OBSERVATION,iNaturalist,50c9509d-22c7-4a22-a47d-8c48425ef4a7,MX,Yucatán,2022,2022-03-04T23:32:59,"cdc,cdround"
3743123742,Incilius valliceps,"Incilius valliceps (Wiegmann, 1833)",-87.009475,20.703853,4,HUMAN_OBSERVATION,iNaturalist,50c9509d-22c7-4a22-a47d-8c48425ef4a7,MX,Quintana Roo,2022,2022-03-11T22:00:45,"cdc,cdround"
3747234754,Incilius valliceps,"Incilius valliceps (Wiegmann, 1833)",-87.062425,15.59263,4,HUMAN_OBSERVATION,iNaturalist,50c9509d-22c7-4a22-a47d-8c48425ef4a7,HN,Atlántida,2022,2022-03-19T07:59:32,cdc
3873843471,Incilius valliceps,"Incilius valliceps (Wiegmann, 1833)",-87.634832,20.64653,488,HUMAN_OBSERVATION,iNaturalist,50c9509d-22c7-4a22-a47d-8c48425ef4a7,MX,Quintana Roo,2022,2022-03-17T09:42,"cdc,cdround"
6235322866,Incilius valliceps,"Incilius valliceps (Wiegmann, 1833)",-88.999846,14.925046,244,HUMAN_OBSERVATION,iNaturalist,50c9509d-22c7-4a22-a47d-8c48425ef4a7,HN,Copán,2022,2022-03-06T21:05Z,"cdc,cdround"
6431236550,Incilius valliceps,"Incilius valliceps (Wiegmann, 1833)",-87.829119,14.54608,1410,HUMAN_OBSERVATION,iNaturalist,50c9509d-22c7-4a22-a47d-8c48425ef4a7,HN,Comayagua,2022,2022-03-19T18:56:10,"cdc,cdround"
3759322652,Incilius valliceps,"Incilius valliceps (Wiegmann, 1833)",-87.221922,20.505317,8,HUMAN_OBSERVATION,iNaturalist,50c9509d-22c7-4a22-a47d-8c48425ef4a7,MX,Quintana Roo,2022,2022-04-11T21:36:33,"cdc,cdround"
3760135767,Incilius valliceps,"Incilius valliceps (Wiegmann, 1833)",-89.656467,20.965653,20,HUMAN_OBSERVATION,iNaturalist,50c9509d-22c7-4a22-a47d-8c48425ef4a7,MX,Yucatán,2022,2022-04-12T11:13:51,"cdc,cdround"
3760286628,Incilius valliceps,"Incilius valliceps (Wiegmann, 1833)",-87.968058,17.912742,NA,HUMAN_OBSERVATION,iNaturalist,50c9509d-22c7-4a22-a47d-8c48425ef4a7,BZ,Corozal,2022,2022-04-04T18:03:51,"cdc,cdround"
3764081833,Incilius valliceps,"Incilius valliceps (Wiegmann, 1833)",-89.56035,20.815251,31,HUMAN_OBSERVATION,iNaturalist,50c9509d-22c7-4a22-a47d-8c48425ef4a7,MX,Yucatán,2022,2022-04-23T07:19,"cdc,cdround"
3764168092,Incilius valliceps,"Incilius valliceps (Wiegmann, 1833)",-88.173654,21.158846,13,HUMAN_OBSERVATION,iNaturalist,50c9509d-22c7-4a22-a47d-8c48425ef4a7,MX,Yucatán,2022,2022-04-26T11:17:38,"cdc,cdround"
3764380219,Incilius valliceps,"Incilius valliceps (Wiegmann, 1833)",-87.061408,20.701588,14,HUMAN_OBSERVATION,iNaturalist,50c9509d-22c7-4a22-a47d-8c48425ef4a7,MX,Quintana Roo,2022,2022-04-27T23:03:46,"cdc,cdround"
3764430043,Incilius valliceps,"Incilius valliceps (Wiegmann, 1833)",-87.98172,17.890255,6,HUMAN_OBSERVATION,iNaturalist,50c9509d-22c7-4a22-a47d-8c48425ef4a7,BZ,Corozal,2022,2022-04-22T18:55:01,cdc
3772628635,Incilius valliceps,"Incilius valliceps (Wiegmann, 1833)",-91.59491,17.02015,244,HUMAN_OBSERVATION,iNaturalist,50c9509d-22c7-4a22-a47d-8c48425ef4a7,MX,Chiapas,2022,2022-04-15T05:35,"cdc,cdround"
3772745200,Incilius valliceps,"Incilius valliceps (Wiegmann, 1833)",-89.661223,20.957303,83,HUMAN_OBSERVATION,iNaturalist,50c9509d-22c7-4a22-a47d-8c48425ef4a7,MX,Yucatán,2022,2022-04-30T18:54:24,"cdc,cdround"
3773293649,Incilius valliceps,"Incilius valliceps (Wiegmann, 1833)",-90.966592,18.267791,1953,HUMAN_OBSERVATION,iNaturalist,50c9509d-22c7-4a22-a47d-8c48425ef4a7,MX,Campeche,2022,2022-04-28T21:55,"cdc,cdround"
3784822897,Incilius valliceps,"Incilius valliceps (Wiegmann, 1833)",-95.03791,18.36441,NA,HUMAN_OBSERVATION,iNaturalist,50c9509d-22c7-4a22-a47d-8c48425ef4a7,MX,Veracruz,2022,2022-04-17T21:38:37,"cdc,cdround"
3785145534,Incilius valliceps,"Incilius valliceps (Wiegmann, 1833)",-88.806111,19.929764,2042,HUMAN_OBSERVATION,iNaturalist,50c9509d-22c7-4a22-a47d-8c48425ef4a7,MX,Quintana Roo,2022,2022-04-28T21:59:11,"cdc,cdround"
3802277482,Incilius valliceps,"Incilius valliceps (Wiegmann, 1833)",-90.888658,16.82213,33,HUMAN_OBSERVATION,iNaturalist,50c9509d-22c7-4a22-a47d-8c48425ef4a7,MX,Chiapas,2022,2022-04-25T02:37,"cdc,cdround"
3802305490,Incilius valliceps,"Incilius valliceps (Wiegmann, 1833)",-90.888658,16.82213,33,HUMAN_OBSERVATION,iNaturalist,50c9509d-22c7-4a22-a47d-8c48425ef4a7,MX,Chiapas,2022,2022-04-25T02:52,"cdc,cdround"
3802322528,Incilius valliceps,"Incilius valliceps (Wiegmann, 1833)",-90.888755,16.821951,8,HUMAN_OBSERVATION,iNaturalist,50c9509d-22c7-4a22-a47d-8c48425ef4a7,MX,Chiapas,2022,2022-04-24T02:54,"cdc,cdround"
3802359458,Incilius valliceps,"Incilius valliceps (Wiegmann, 1833)",-90.887886,16.820941,326,HUMAN_OBSERVATION,iNaturalist,50c9509d-22c7-4a22-a47d-8c48425ef4a7,MX,Chiapas,2022,2022-04-25T21:00,"cdc,cdround"
3802381502,Incilius valliceps,"Incilius valliceps (Wiegmann, 1833)",-90.888658,16.82213,33,HUMAN_OBSERVATION,iNaturalist,50c9509d-22c7-4a22-a47d-8c48425ef4a7,MX,Chiapas,2022,2022-04-25T02:30,"cdc,cdround"
3802407476,Incilius valliceps,"Incilius valliceps (Wiegmann, 1833)",-90.888658,16.82213,33,HUMAN_OBSERVATION,iNaturalist,50c9509d-22c7-4a22-a47d-8c48425ef4a7,MX,Chiapas,2022,2022-04-25T02:41,"cdc,cdround"
3802437490,Incilius valliceps,"Incilius valliceps (Wiegmann, 1833)",-90.888755,16.821951,8,HUMAN_OBSERVATION,iNaturalist,50c9509d-22c7-4a22-a47d-8c48425ef4a7,MX,Chiapas,2022,2022-04-24T03:01,"cdc,cdround"
3802493533,Incilius valliceps,"Incilius valliceps (Wiegmann, 1833)",-90.889444,16.821667,NA,HUMAN_OBSERVATION,iNaturalist,50c9509d-22c7-4a22-a47d-8c48425ef4a7,MX,Chiapas,2022,2022-04-23T19:58,"cdc,cdround"
3802689502,Incilius valliceps,"Incilius valliceps (Wiegmann, 1833)",-90.888755,16.821951,8,HUMAN_OBSERVATION,iNaturalist,50c9509d-22c7-4a22-a47d-8c48425ef4a7,MX,Chiapas,2022,2022-04-24T02:02,"cdc,cdround"
3860529534,Incilius valliceps,"Incilius valliceps (Wiegmann, 1833)",-85.442701,15.27147,244,HUMAN_OBSERVATION,iNaturalist,50c9509d-22c7-4a22-a47d-8c48425ef4a7,HN,Olancho,2022,2022-04-19T19:36,"cdc,cdround"
3860596423,Incilius valliceps,"Incilius valliceps (Wiegmann, 1833)",-85.437697,15.225715,1953,HUMAN_OBSERVATION,iNaturalist,50c9509d-22c7-4a22-a47d-8c48425ef4a7,HN,Olancho,2022,2022-04-19T18:01,"cdc,cdround"
3860691552,Incilius valliceps,"Incilius valliceps (Wiegmann, 1833)",-85.432204,15.23499,1953,HUMAN_OBSERVATION,iNaturalist,50c9509d-22c7-4a22-a47d-8c48425ef4a7,HN,Olancho,2022,2022-04-19T18:21,"cdc,cdround"
3889042407,Incilius valliceps,"Incilius valliceps (Wiegmann, 1833)",-88.129403,18.395502,49002,HUMAN_OBSERVATION,iNaturalist,50c9509d-22c7-4a22-a47d-8c48425ef4a7,MX,Quintana Roo,2022,2022-04-23T13:35:43,"cdc,cdround"
3915370891,Incilius valliceps,"Incilius valliceps (Wiegmann, 1833)",-87.723162,21.212202,122,HUMAN_OBSERVATION,iNaturalist,50c9509d-22c7-4a22-a47d-8c48425ef4a7,MX,Yucatán,2022,2022-04-07T21:35,"cdc,cdround"
4440615534,Incilius valliceps,"Incilius valliceps (Wiegmann, 1833)",-89.295341,20.735381,187,HUMAN_OBSERVATION,iNaturalist,50c9509d-22c7-4a22-a47d-8c48425ef4a7,MX,Yucatán,2022,2022-04-23T21:39:39,"cdc,cdround"
4440621534,Incilius valliceps,"Incilius valliceps (Wiegmann, 1833)",-89.294704,20.735422,182,HUMAN_OBSERVATION,iNaturalist,50c9509d-22c7-4a22-a47d-8c48425ef4a7,MX,Yucatán,2022,2022-04-23T22:27:34,"cdc,cdround"
4440630565,Incilius valliceps,"Incilius valliceps (Wiegmann, 1833)",-89.295107,20.735445,187,HUMAN_OBSERVATION,iNaturalist,50c9509d-22c7-4a22-a47d-8c48425ef4a7,MX,Yucatán,2022,2022-04-23T18:44:38,"cdc,cdround"
4440636542,Incilius valliceps,"Incilius valliceps (Wiegmann, 1833)",-89.295289,20.735,295,HUMAN_OBSERVATION,iNaturalist,50c9509d-22c7-4a22-a47d-8c48425ef4a7,MX,Yucatán,2022,2022-04-23T22:11:54,"cdc,cdround"
4440782544,Incilius valliceps,"Incilius valliceps (Wiegmann, 1833)",-89.295285,20.73518,273,HUMAN_OBSERVATION,iNaturalist,50c9509d-22c7-4a22-a47d-8c48425ef4a7,MX,Yucatán,2022,2022-04-23T18:45:40,"cdc,cdround"
4440845532,Incilius valliceps,"Incilius valliceps (Wiegmann, 1833)",-89.295351,20.73498,179,HUMAN_OBSERVATION,iNaturalist,50c9509d-22c7-4a22-a47d-8c48425ef4a7,MX,Yucatán,2022,2022-04-23T22:18:48,"cdc,cdround"
4440845533,Incilius valliceps,"Incilius valliceps (Wiegmann, 1833)",-89.295116,20.735574,250,HUMAN_OBSERVATION,iNaturalist,50c9509d-22c7-4a22-a47d-8c48425ef4a7,MX,Yucatán,2022,2022-04-23T21:17:06,"cdc,cdround"
4852199278,Incilius valliceps,"Incilius valliceps (Wiegmann, 1833)",-94.785033,17.163753,4,HUMAN_OBSERVATION,iNaturalist,50c9509d-22c7-4a22-a47d-8c48425ef4a7,MX,Oaxaca,2022,2022-04-26T05:57:44,"cdc,cdround"
4945733398,Incilius valliceps,"Incilius valliceps (Wiegmann, 1833)",-97.71438,20.010284,909,HUMAN_OBSERVATION,iNaturalist,50c9509d-22c7-4a22-a47d-8c48425ef4a7,MX,Puebla,2022,2022-04-23T16:14,"cdc,cdround"
4950461538,Incilius valliceps,"Incilius valliceps (Wiegmann, 1833)",-88.593807,19.497104,25,HUMAN_OBSERVATION,iNaturalist,50c9509d-22c7-4a22-a47d-8c48425ef4a7,MX,Quintana Roo,2022,2022-04-27T21:05:33,"cdc,cdround"
5281947984,Incilius valliceps,"Incilius valliceps (Wiegmann, 1833)",-88.653693,17.76676,31,HUMAN_OBSERVATION,iNaturalist,50c9509d-22c7-4a22-a47d-8c48425ef4a7,BZ,Orange Walk,2022,2022-04-28T19:25,"cdc,cdround"
6499708496,Incilius valliceps,"Incilius valliceps (Wiegmann, 1833)",-95.825768,18.45356,NA,HUMAN_OBSERVATION,iNaturalist,50c9509d-22c7-4a22-a47d-8c48425ef4a7,MX,Veracruz,2022,2022-04-01T15:00:01,"cdc,cdround"
6500317824,Incilius valliceps,"Incilius valliceps (Wiegmann, 1833)",-95.825,18.448155,NA,HUMAN_OBSERVATION,iNaturalist,50c9509d-22c7-4a22-a47d-8c48425ef4a7,MX,Veracruz,2022,2022-04-02T23:24,"cdc,cdround"
3772582420,Incilius valliceps,"Incilius valliceps (Wiegmann, 1833)",-89.577267,21.044972,25,HUMAN_OBSERVATION,iNaturalist,50c9509d-22c7-4a22-a47d-8c48425ef4a7,MX,Yucatán,2022,2022-05-02T03:01,"cdc,cdround"
3773655822,Incilius valliceps,"Incilius valliceps (Wiegmann, 1833)",-89.577387,21.045186,20,HUMAN_OBSERVATION,iNaturalist,50c9509d-22c7-4a22-a47d-8c48425ef4a7,MX,Yucatán,2022,2022-05-02T03:11:53,"cdc,cdround"
3784790188,Incilius valliceps,"Incilius valliceps (Wiegmann, 1833)",-86.889167,20.540278,NA,HUMAN_OBSERVATION,iNaturalist,50c9509d-22c7-4a22-a47d-8c48425ef4a7,MX,Quintana Roo,2022,2022-05-03T19:38,"cdc,cdround"
3784801566,Incilius valliceps,"Incilius valliceps (Wiegmann, 1833)",-87.432305,20.214428,1414,HUMAN_OBSERVATION,iNaturalist,50c9509d-22c7-4a22-a47d-8c48425ef4a7,MX,Quintana Roo,2022,2022-05-03T04:45:44,"cdc,cdround"
3785093537,Incilius valliceps,"Incilius valliceps (Wiegmann, 1833)",-87.145255,20.619062,4,HUMAN_OBSERVATION,iNaturalist,50c9509d-22c7-4a22-a47d-8c48425ef4a7,MX,Quintana Roo,2022,2022-05-18T19:50:50,"cdc,cdround"
3802339472,Incilius valliceps,"Incilius valliceps (Wiegmann, 1833)",-90.886472,16.819948,NA,HUMAN_OBSERVATION,iNaturalist,50c9509d-22c7-4a22-a47d-8c48425ef4a7,MX,Chiapas,2022,2022-05-03T20:35:34,"cdc,cdround"
3802408201,Incilius valliceps,"Incilius valliceps (Wiegmann, 1833)",-87.095314,20.641718,1414,HUMAN_OBSERVATION,iNaturalist,50c9509d-22c7-4a22-a47d-8c48425ef4a7,MX,Quintana Roo,2022,2022-05-23T10:36:45,"cdc,cdround"
3802491060,Incilius valliceps,"Incilius valliceps (Wiegmann, 1833)",-89.596021,20.84714,2,HUMAN_OBSERVATION,iNaturalist,50c9509d-22c7-4a22-a47d-8c48425ef4a7,MX,Yucatán,2022,2022-05-24T19:58,"cdc,cdround"
3802512103,Incilius valliceps,"Incilius valliceps (Wiegmann, 1833)",-89.59603,20.847245,2,HUMAN_OBSERVATION,iNaturalist,50c9509d-22c7-4a22-a47d-8c48425ef4a7,MX,Yucatán,2022,2022-05-24T20:05,"cdc,cdround"
3802574108,Incilius valliceps,"Incilius valliceps (Wiegmann, 1833)",-89.071281,17.161628,NA,HUMAN_OBSERVATION,iNaturalist,50c9509d-22c7-4a22-a47d-8c48425ef4a7,BZ,Cayo,2022,2022-05-24T19:39:55,"cdc,cdround"
3802588491,Incilius valliceps,"Incilius valliceps (Wiegmann, 1833)",-87.435587,20.2163,41,HUMAN_OBSERVATION,iNaturalist,50c9509d-22c7-4a22-a47d-8c48425ef4a7,MX,Quintana Roo,2022,2022-05-03T04:45:55,"cdc,cdround"
3802648709,Incilius valliceps,"Incilius valliceps (Wiegmann, 1833)",-89.595959,20.847262,2,HUMAN_OBSERVATION,iNaturalist,50c9509d-22c7-4a22-a47d-8c48425ef4a7,MX,Yucatán,2022,2022-05-24T20:11,"cdc,cdround"
3802740006,Incilius valliceps,"Incilius valliceps (Wiegmann, 1833)",-86.782257,15.784689,35,HUMAN_OBSERVATION,iNaturalist,50c9509d-22c7-4a22-a47d-8c48425ef4a7,HN,Atlántida,2022,2022-05-26T11:25:14,"cdc,cdround"
3858401750,Incilius valliceps,"Incilius valliceps (Wiegmann, 1833)",-87.927536,15.456033,207,HUMAN_OBSERVATION,iNaturalist,50c9509d-22c7-4a22-a47d-8c48425ef4a7,HN,Cortés,2022,2022-05-27T19:09,"cdc,cdround"
3858418445,Incilius valliceps,"Incilius valliceps (Wiegmann, 1833)",-89.014035,15.663666,3892,HUMAN_OBSERVATION,iNaturalist,50c9509d-22c7-4a22-a47d-8c48425ef4a7,GT,Izabal,2022,2022-05-26T20:40:27,"cdc,cdround"
3858448324,Incilius valliceps,"Incilius valliceps (Wiegmann, 1833)",-86.901625,20.862127,205,HUMAN_OBSERVATION,iNaturalist,50c9509d-22c7-4a22-a47d-8c48425ef4a7,MX,Quintana Roo,2022,2022-05-27T10:12:09,"cdc,cdround"
3858537755,Incilius valliceps,"Incilius valliceps (Wiegmann, 1833)",-88.242053,20.676875,8,HUMAN_OBSERVATION,iNaturalist,50c9509d-22c7-4a22-a47d-8c48425ef4a7,MX,Yucatán,2022,2022-05-30T12:18:12,"cdc,cdround"
3858879488,Incilius valliceps,"Incilius valliceps (Wiegmann, 1833)",-88.148853,21.135642,NA,HUMAN_OBSERVATION,iNaturalist,50c9509d-22c7-4a22-a47d-8c48425ef4a7,MX,Yucatán,2022,2022-05-17T22:58:34,"cdc,cdround"
3860219324,Incilius valliceps,"Incilius valliceps (Wiegmann, 1833)",-87.176114,20.60898,136,HUMAN_OBSERVATION,iNaturalist,50c9509d-22c7-4a22-a47d-8c48425ef4a7,MX,Quintana Roo,2022,2022-05-31T21:41,"cdc,cdround"
3860285474,Incilius valliceps,"Incilius valliceps (Wiegmann, 1833)",-89.018295,17.841276,8,HUMAN_OBSERVATION,iNaturalist,50c9509d-22c7-4a22-a47d-8c48425ef4a7,BZ,Orange Walk,2022,2022-05-28T19:45:56,"cdc,cdround"
3902353640,Incilius valliceps,"Incilius valliceps (Wiegmann, 1833)",-87.329926,20.399429,92,HUMAN_OBSERVATION,iNaturalist,50c9509d-22c7-4a22-a47d-8c48425ef4a7,MX,Quintana Roo,2022,2022-05-12T20:34,"cdc,cdround"
3925442579,Incilius valliceps,"Incilius valliceps (Wiegmann, 1833)",-89.327517,21.213605,50,HUMAN_OBSERVATION,iNaturalist,50c9509d-22c7-4a22-a47d-8c48425ef4a7,MX,Yucatán,2022,2022-05-03T21:03,"cdc,cdround"
3985765579,Incilius valliceps,"Incilius valliceps (Wiegmann, 1833)",-94.785028,17.163722,NA,HUMAN_OBSERVATION,iNaturalist,50c9509d-22c7-4a22-a47d-8c48425ef4a7,MX,Oaxaca,2022,2022-05-13T20:19:49,"cdc,cdround"
4440638557,Incilius valliceps,"Incilius valliceps (Wiegmann, 1833)",-88.203681,20.703671,8,HUMAN_OBSERVATION,iNaturalist,50c9509d-22c7-4a22-a47d-8c48425ef4a7,MX,Yucatán,2022,2022-05-30T10:32,"cdc,cdround"
4440721515,Incilius valliceps,"Incilius valliceps (Wiegmann, 1833)",-89.660392,20.935651,1614,HUMAN_OBSERVATION,iNaturalist,50c9509d-22c7-4a22-a47d-8c48425ef4a7,MX,Yucatán,2022,2022-05-09T23:41:26,"cdc,cdround"
4926337864,Incilius valliceps,"Incilius valliceps (Wiegmann, 1833)",-88.693897,15.882816,30855,HUMAN_OBSERVATION,iNaturalist,50c9509d-22c7-4a22-a47d-8c48425ef4a7,GT,Izabal,2022,2022-05-26T18:44,"cdc,cdround"
4950196042,Incilius valliceps,"Incilius valliceps (Wiegmann, 1833)",-88.565623,17.052513,228,HUMAN_OBSERVATION,iNaturalist,50c9509d-22c7-4a22-a47d-8c48425ef4a7,BZ,Cayo,2022,2022-05-19T21:02:24,"cdc,cdround"
5206241117,Incilius valliceps,"Incilius valliceps (Wiegmann, 1833)",-88.223655,14.993812,4,HUMAN_OBSERVATION,iNaturalist,50c9509d-22c7-4a22-a47d-8c48425ef4a7,HN,Santa Bárbara,2022,2022-05-11T10:46:20,"cdc,cdround"
6188602487,Incilius valliceps,"Incilius valliceps (Wiegmann, 1833)",-96.954093,19.483019,73,HUMAN_OBSERVATION,iNaturalist,50c9509d-22c7-4a22-a47d-8c48425ef4a7,MX,Veracruz,2022,2022-05-31T11:13:01,"cdc,cdround"
6252738980,Incilius valliceps,"Incilius valliceps (Wiegmann, 1833)",-87.83339,14.575189,437,HUMAN_OBSERVATION,iNaturalist,50c9509d-22c7-4a22-a47d-8c48425ef4a7,HN,Comayagua,2022,2022-05-23T10:14,"cdc,cdround"
6430959002,Incilius valliceps,"Incilius valliceps (Wiegmann, 1833)",-88.002888,15.405408,26,HUMAN_OBSERVATION,iNaturalist,50c9509d-22c7-4a22-a47d-8c48425ef4a7,HN,Cortés,2022,2022-05-24T11:43,"cdc,cdround"
3858458745,Incilius valliceps,"Incilius valliceps (Wiegmann, 1833)",-91.779869,17.967475,NA,HUMAN_OBSERVATION,iNaturalist,50c9509d-22c7-4a22-a47d-8c48425ef4a7,MX,Campeche,2022,2022-06-06T20:47:43,"cdc,cdround"
3858496886,Incilius valliceps,"Incilius valliceps (Wiegmann, 1833)",-88.79,18.419167,2058,HUMAN_OBSERVATION,iNaturalist,50c9509d-22c7-4a22-a47d-8c48425ef4a7,MX,Quintana Roo,2022,2022-06-05T11:09,"cdc,cdround"
3858552652,Incilius valliceps,"Incilius valliceps (Wiegmann, 1833)",-94.998517,17.73798,2,HUMAN_OBSERVATION,iNaturalist,50c9509d-22c7-4a22-a47d-8c48425ef4a7,MX,Veracruz,2022,2022-06-21T09:00,"cdc,cdround"
3858553284,Incilius valliceps,"Incilius valliceps (Wiegmann, 1833)",-88.787656,18.41734,122,HUMAN_OBSERVATION,iNaturalist,50c9509d-22c7-4a22-a47d-8c48425ef4a7,MX,Quintana Roo,2022,2022-06-26T09:05,"cdc,cdround"
3858576807,Incilius valliceps,"Incilius valliceps (Wiegmann, 1833)",-88.046729,14.947501,8,HUMAN_OBSERVATION,iNaturalist,50c9509d-22c7-4a22-a47d-8c48425ef4a7,HN,Santa Bárbara,2022,2022-06-22T19:53:43,"cdc,cdround"
3858579084,Incilius valliceps,"Incilius valliceps (Wiegmann, 1833)",-88.046414,14.947927,NA,HUMAN_OBSERVATION,iNaturalist,50c9509d-22c7-4a22-a47d-8c48425ef4a7,HN,Santa Bárbara,2022,2022-06-25T20:35:45,"cdc,cdround"
3858642233,Incilius valliceps,"Incilius valliceps (Wiegmann, 1833)",-88.789087,18.419428,20,HUMAN_OBSERVATION,iNaturalist,50c9509d-22c7-4a22-a47d-8c48425ef4a7,MX,Quintana Roo,2022,2022-06-25T12:17:17,"cdc,cdround"
3858656455,Incilius valliceps,"Incilius valliceps (Wiegmann, 1833)",-86.939105,21.134595,1571,HUMAN_OBSERVATION,iNaturalist,50c9509d-22c7-4a22-a47d-8c48425ef4a7,MX,Quintana Roo,2022,2022-06-11T20:07,"cdc,cdround"
3858732546,Incilius valliceps,"Incilius valliceps (Wiegmann, 1833)",-89.595502,20.848783,559,HUMAN_OBSERVATION,iNaturalist,50c9509d-22c7-4a22-a47d-8c48425ef4a7,MX,Yucatán,2022,2022-06-02T07:52,"cdc,cdround"
3858802479,Incilius valliceps,"Incilius valliceps (Wiegmann, 1833)",-89.595159,20.848705,773,HUMAN_OBSERVATION,iNaturalist,50c9509d-22c7-4a22-a47d-8c48425ef4a7,MX,Yucatán,2022,2022-06-02T08:34,"cdc,cdround"
3858849797,Incilius valliceps,"Incilius valliceps (Wiegmann, 1833)",-89.658997,20.981028,NA,HUMAN_OBSERVATION,iNaturalist,50c9509d-22c7-4a22-a47d-8c48425ef4a7,MX,Yucatán,2022,2022-06-14T18:10:23,"cdc,cdround"
3858919932,Incilius valliceps,"Incilius valliceps (Wiegmann, 1833)",-89.60774,21.069906,61,HUMAN_OBSERVATION,iNaturalist,50c9509d-22c7-4a22-a47d-8c48425ef4a7,MX,Yucatán,2022,2022-06-29T20:34,cdc
3858949815,Incilius valliceps,"Incilius valliceps (Wiegmann, 1833)",-88.047364,14.948184,NA,HUMAN_OBSERVATION,iNaturalist,50c9509d-22c7-4a22-a47d-8c48425ef4a7,HN,Santa Bárbara,2022,2022-06-22T21:53:29,"cdc,cdround"
3858962373,Incilius valliceps,"Incilius valliceps (Wiegmann, 1833)",-88.787656,18.41734,122,HUMAN_OBSERVATION,iNaturalist,50c9509d-22c7-4a22-a47d-8c48425ef4a7,MX,Quintana Roo,2022,2022-06-26T09:10,"cdc,cdround"
3859029403,Incilius valliceps,"Incilius valliceps (Wiegmann, 1833)",-88.426478,18.51968,33,HUMAN_OBSERVATION,iNaturalist,50c9509d-22c7-4a22-a47d-8c48425ef4a7,MX,Quintana Roo,2022,2022-06-19T08:16:30,"cdc,cdround"
3859175500,Incilius valliceps,"Incilius valliceps (Wiegmann, 1833)",-87.098911,15.624692,977,HUMAN_OBSERVATION,iNaturalist,50c9509d-22c7-4a22-a47d-8c48425ef4a7,HN,Atlántida,2022,2022-06-30T18:20,"cdc,cdround"
3859212769,Incilius valliceps,"Incilius valliceps (Wiegmann, 1833)",-87.379425,21.523763,65,HUMAN_OBSERVATION,iNaturalist,50c9509d-22c7-4a22-a47d-8c48425ef4a7,MX,Quintana Roo,2022,2022-06-21T10:28:49,"cdc,cdround"
3859244450,Incilius valliceps,"Incilius valliceps (Wiegmann, 1833)",-87.710865,21.225736,413,HUMAN_OBSERVATION,iNaturalist,50c9509d-22c7-4a22-a47d-8c48425ef4a7,MX,Yucatán,2022,2022-06-08,"cdc,cdround"
3859445158,Incilius valliceps,"Incilius valliceps (Wiegmann, 1833)",-87.615151,20.076837,1247,HUMAN_OBSERVATION,iNaturalist,50c9509d-22c7-4a22-a47d-8c48425ef4a7,MX,Quintana Roo,2022,2022-06-02T19:41:18,"cdc,cdround"
3859520030,Incilius valliceps,"Incilius valliceps (Wiegmann, 1833)",-89.688787,21.016404,40,HUMAN_OBSERVATION,iNaturalist,50c9509d-22c7-4a22-a47d-8c48425ef4a7,MX,Yucatán,2022,2022-06-08T21:06,cdc
3859658157,Incilius valliceps,"Incilius valliceps (Wiegmann, 1833)",-88.479138,19.181739,326514,HUMAN_OBSERVATION,iNaturalist,50c9509d-22c7-4a22-a47d-8c48425ef4a7,MX,Quintana Roo,2022,2022-06-09T09:19,"cdc,cdround"
3859720485,Incilius valliceps,"Incilius valliceps (Wiegmann, 1833)",-88.047169,14.949211,239,HUMAN_OBSERVATION,iNaturalist,50c9509d-22c7-4a22-a47d-8c48425ef4a7,HN,Santa Bárbara,2022,2022-06-23T11:36:33,"cdc,cdround"
3859771663,Incilius valliceps,"Incilius valliceps (Wiegmann, 1833)",-89.849437,18.24936,10,HUMAN_OBSERVATION,iNaturalist,50c9509d-22c7-4a22-a47d-8c48425ef4a7,MX,Campeche,2022,2022-06-16T10:55,"cdc,cdround"
3859831968,Incilius valliceps,"Incilius valliceps (Wiegmann, 1833)",-90.484836,19.800533,NA,HUMAN_OBSERVATION,iNaturalist,50c9509d-22c7-4a22-a47d-8c48425ef4a7,MX,Campeche,2022,2022-06-03T10:53:31,"cdc,cdround"
3859868420,Incilius valliceps,"Incilius valliceps (Wiegmann, 1833)",-89.879227,18.308377,10,HUMAN_OBSERVATION,iNaturalist,50c9509d-22c7-4a22-a47d-8c48425ef4a7,MX,Campeche,2022,2022-06-25T11:33,cdc
3859999687,Incilius valliceps,"Incilius valliceps (Wiegmann, 1833)",-88.791695,18.420812,61,HUMAN_OBSERVATION,iNaturalist,50c9509d-22c7-4a22-a47d-8c48425ef4a7,MX,Quintana Roo,2022,2022-06-09T10:22,"cdc,cdround"
3860131157,Incilius valliceps,"Incilius valliceps (Wiegmann, 1833)",-88.788672,18.418955,13,HUMAN_OBSERVATION,iNaturalist,50c9509d-22c7-4a22-a47d-8c48425ef4a7,MX,Quintana Roo,2022,2022-06-25T13:15:48,"cdc,cdround"
3860148574,Incilius valliceps,"Incilius valliceps (Wiegmann, 1833)",-89.798933,18.143797,10,HUMAN_OBSERVATION,iNaturalist,50c9509d-22c7-4a22-a47d-8c48425ef4a7,MX,Campeche,2022,2022-06-13T15:01,"cdc,cdround"
3860152709,Incilius valliceps,"Incilius valliceps (Wiegmann, 1833)",-96.900273,19.513811,NA,HUMAN_OBSERVATION,iNaturalist,50c9509d-22c7-4a22-a47d-8c48425ef4a7,MX,Veracruz,2022,2022-06-22T08:00:29,"cdc,cdround"
3860405615,Incilius valliceps,"Incilius valliceps (Wiegmann, 1833)",-89.621116,21.046588,2286,HUMAN_OBSERVATION,iNaturalist,50c9509d-22c7-4a22-a47d-8c48425ef4a7,MX,Yucatán,2022,2022-06-05T22:46,"cdc,cdround"
3860461197,Incilius valliceps,"Incilius valliceps (Wiegmann, 1833)",-87.330429,20.402444,17,HUMAN_OBSERVATION,iNaturalist,50c9509d-22c7-4a22-a47d-8c48425ef4a7,MX,Quintana Roo,2022,2022-06-06T18:19:58,"cdc,cdround"
3860474067,Incilius valliceps,"Incilius valliceps (Wiegmann, 1833)",-88.789955,18.417592,14,HUMAN_OBSERVATION,iNaturalist,50c9509d-22c7-4a22-a47d-8c48425ef4a7,MX,Quintana Roo,2022,2022-06-25T13:41:51,"cdc,cdround"
3860474867,Incilius valliceps,"Incilius valliceps (Wiegmann, 1833)",-89.549763,18.617027,206,HUMAN_OBSERVATION,iNaturalist,50c9509d-22c7-4a22-a47d-8c48425ef4a7,MX,Campeche,2022,2022-06-04T16:37,"cdc,cdround"
3860659737,Incilius valliceps,"Incilius valliceps (Wiegmann, 1833)",-90.817008,13.918633,29,HUMAN_OBSERVATION,iNaturalist,50c9509d-22c7-4a22-a47d-8c48425ef4a7,GT,Escuintla,2022,2022-06-22T14:13:19,"cdc,cdround"
3872983761,Incilius valliceps,"Incilius valliceps (Wiegmann, 1833)",-88.046425,14.94803,20,HUMAN_OBSERVATION,iNaturalist,50c9509d-22c7-4a22-a47d-8c48425ef4a7,HN,Santa Bárbara,2022,2022-06-24T20:20:12,"cdc,cdround"
3874022870,Incilius valliceps,"Incilius valliceps (Wiegmann, 1833)",-88.04533,14.94938,NA,HUMAN_OBSERVATION,iNaturalist,50c9509d-22c7-4a22-a47d-8c48425ef4a7,HN,Cortés,2022,2022-06-23T11:21,cdc
3874128111,Incilius valliceps,"Incilius valliceps (Wiegmann, 1833)",-96.380937,19.590012,4,HUMAN_OBSERVATION,iNaturalist,50c9509d-22c7-4a22-a47d-8c48425ef4a7,MX,Veracruz,2022,2022-06-25T00:57,"cdc,cdround"
3881366433,Incilius valliceps,"Incilius valliceps (Wiegmann, 1833)",-88.045273,14.947738,298,HUMAN_OBSERVATION,iNaturalist,50c9509d-22c7-4a22-a47d-8c48425ef4a7,HN,Cortés,2022,2022-06-22T19:54:18,"cdc,cdround"
3888994461,Incilius valliceps,"Incilius valliceps (Wiegmann, 1833)",-96.808156,19.417481,1000,HUMAN_OBSERVATION,iNaturalist,50c9509d-22c7-4a22-a47d-8c48425ef4a7,MX,Veracruz,2022,2022-06-19T09:18,"cdc,cdround"
3902892449,Incilius valliceps,"Incilius valliceps (Wiegmann, 1833)",-90.489441,15.554236,61,HUMAN_OBSERVATION,iNaturalist,50c9509d-22c7-4a22-a47d-8c48425ef4a7,GT,Alta Verapaz,2022,2022-06-04T20:42,"cdc,cdround"
3923224270,Incilius valliceps,"Incilius valliceps (Wiegmann, 1833)",-88.79,18.419167,2058,HUMAN_OBSERVATION,iNaturalist,50c9509d-22c7-4a22-a47d-8c48425ef4a7,MX,Quintana Roo,2022,2022-06-09T11:39,"cdc,cdround"
3947511283,Incilius valliceps,"Incilius valliceps (Wiegmann, 1833)",-91.236456,17.288269,31,HUMAN_OBSERVATION,iNaturalist,50c9509d-22c7-4a22-a47d-8c48425ef4a7,MX,Tabasco,2022,2022-06-02T11:52,"cdc,cdround"
3985679617,Incilius valliceps,"Incilius valliceps (Wiegmann, 1833)",-93.188645,16.752005,6,HUMAN_OBSERVATION,iNaturalist,50c9509d-22c7-4a22-a47d-8c48425ef4a7,MX,Chiapas,2022,2022-06-09T00:58:50,cdc
3985745942,Incilius valliceps,"Incilius valliceps (Wiegmann, 1833)",-93.149451,16.729179,11,HUMAN_OBSERVATION,iNaturalist,50c9509d-22c7-4a22-a47d-8c48425ef4a7,MX,Chiapas,2022,2022-06-04T23:28,"cdc,cdround"
3986074908,Incilius valliceps,"Incilius valliceps (Wiegmann, 1833)",-93.195113,16.887566,122,HUMAN_OBSERVATION,iNaturalist,50c9509d-22c7-4a22-a47d-8c48425ef4a7,MX,Chiapas,2022,2022-06-06T12:31,"cdc,cdround"
4029207849,Incilius valliceps,"Incilius valliceps (Wiegmann, 1833)",-88.035086,15.572429,956,HUMAN_OBSERVATION,iNaturalist,50c9509d-22c7-4a22-a47d-8c48425ef4a7,HN,Cortés,2022,2022-06-13T18:12:27,"cdc,cdround"
